{"relations": [], "userResolved": false, "corefs": [], "language": "EN", "text": "NCR, which counts IBM founder Thomas Watson as one of its early employees, said its products and services account for more than $400 billion in annual commerce and 23 billion consumer serf-service transactions.\r\rThe company's Philippine office established in the 1960s currently operates a research and development facility in Cebu with about 500 employees.", "docLength": 0, "typeResolved": true, "documentSet": [], "preannotation": [], "version": 3, "modifiedDate": 1496065369973, "sentences": [{"tokens": [{"text": "The", "begin": 0, "end": 3, "id": "s0-t0", "whiteSpace": false}, {"text": "final", "begin": 4, "end": 9, "id": "s0-t1", "whiteSpace": false}, {"text": "game", "begin": 10, "end": 14, "id": "s0-t2", "whiteSpace": false}, {"text": "is", "begin": 15, "end": 17, "id": "s0-t3", "whiteSpace": false}, {"text": "online", "begin": 18, "end": 24, "id": "s0-t4", "whiteSpace": false}, {"text": "PC", "begin": 25, "end": 27, "id": "s0-t5", "whiteSpace": false}, {"text": "title", "begin": 28, "end": 33, "id": "s0-t6", "whiteSpace": false}, {"text": "Need", "begin": 34, "end": 38, "id": "s0-t7", "whiteSpace": false}, {"text": "for", "begin": 39, "end": 42, "id": "s0-t8", "whiteSpace": false}, {"text": "Speed:", "begin": 43, "end": 49, "id": "s0-t9", "whiteSpace": false}, {"text": "World", "begin": 50, "end": 55, "id": "s0-t10", "whiteSpace": false}, {"text": "Online", "begin": 56, "end": 62, "id": "s0-t11", "whiteSpace": false}, {"text": ",", "begin": 62, "end": 63, "id": "s0-t12", "whiteSpace": false}, {"text": "a", "begin": 64, "end": 65, "id": "s0-t13", "whiteSpace": false}, {"text": "free", "begin": 66, "end": 70, "id": "s0-t14", "whiteSpace": false}, {"text": "-", "begin": 70, "end": 71, "id": "s0-t15", "whiteSpace": false}, {"text": "to", "begin": 71, "end": 73, "id": "s0-t16", "whiteSpace": false}, {"text": "-", "begin": 73, "end": 74, "id": "s0-t17", "whiteSpace": false}, {"text": "play", "begin": 74, "end": 78, "id": "s0-t18", "whiteSpace": false}, {"text": "title", "begin": 79, "end": 84, "id": "s0-t19", "whiteSpace": false}, {"text": "developedNCR", "begin": 85, "end": 97, "id": "s0-t20", "whiteSpace": false}, {"text": ",", "begin": 97, "end": 98, "id": "s0-t21", "whiteSpace": false}, {"text": "which", "begin": 99, "end": 104, "id": "s0-t22", "whiteSpace": false}, {"text": "counts", "begin": 105, "end": 111, "id": "s0-t23", "whiteSpace": false}, {"text": "IBM", "begin": 112, "end": 115, "id": "s0-t24", "whiteSpace": false}, {"text": "founder", "begin": 116, "end": 123, "id": "s0-t25", "whiteSpace": false}, {"text": "Thomas", "begin": 124, "end": 130, "id": "s0-t26", "whiteSpace": false}, {"text": "Watson", "begin": 131, "end": 137, "id": "s0-t27", "whiteSpace": false}, {"text": "as", "begin": 138, "end": 140, "id": "s0-t28", "whiteSpace": false}, {"text": "one", "begin": 141, "end": 144, "id": "s0-t29", "whiteSpace": false}, {"text": "of", "begin": 145, "end": 147, "id": "s0-t30", "whiteSpace": false}, {"text": "its", "begin": 148, "end": 151, "id": "s0-t31", "whiteSpace": false}, {"text": "early", "begin": 152, "end": 157, "id": "s0-t32", "whiteSpace": false}, {"text": "employees", "begin": 158, "end": 167, "id": "s0-t33", "whiteSpace": false}, {"text": ",", "begin": 167, "end": 168, "id": "s0-t34", "whiteSpace": false}, {"text": "said", "begin": 169, "end": 173, "id": "s0-t35", "whiteSpace": false}, {"text": "its", "begin": 174, "end": 177, "id": "s0-t36", "whiteSpace": false}, {"text": "products", "begin": 178, "end": 186, "id": "s0-t37", "whiteSpace": false}, {"text": "and", "begin": 187, "end": 190, "id": "s0-t38", "whiteSpace": false}, {"text": "services", "begin": 191, "end": 199, "id": "s0-t39", "whiteSpace": false}, {"text": "account", "begin": 200, "end": 207, "id": "s0-t40", "whiteSpace": false}, {"text": "for", "begin": 208, "end": 211, "id": "s0-t41", "whiteSpace": false}, {"text": "more", "begin": 212, "end": 216, "id": "s0-t42", "whiteSpace": false}, {"text": "than", "begin": 217, "end": 221, "id": "s0-t43", "whiteSpace": false}, {"text": "$400", "begin": 222, "end": 226, "id": "s0-t44", "whiteSpace": false}, {"text": "billion", "begin": 227, "end": 234, "id": "s0-t45", "whiteSpace": false}, {"text": "in", "begin": 235, "end": 237, "id": "s0-t46", "whiteSpace": false}, {"text": "annual", "begin": 238, "end": 244, "id": "s0-t47", "whiteSpace": false}, {"text": "commerce", "begin": 245, "end": 253, "id": "s0-t48", "whiteSpace": false}, {"text": "and", "begin": 254, "end": 257, "id": "s0-t49", "whiteSpace": false}, {"text": "23", "begin": 258, "end": 260, "id": "s0-t50", "whiteSpace": false}, {"text": "billion", "begin": 261, "end": 268, "id": "s0-t51", "whiteSpace": false}, {"text": "consumer", "begin": 269, "end": 277, "id": "s0-t52", "whiteSpace": false}, {"text": "serf", "begin": 278, "end": 282, "id": "s0-t53", "whiteSpace": false}, {"text": "-", "begin": 282, "end": 283, "id": "s0-t54", "whiteSpace": false}, {"text": "service", "begin": 283, "end": 290, "id": "s0-t55", "whiteSpace": false}, {"text": "transactions", "begin": 291, "end": 303, "id": "s0-t56", "whiteSpace": false}, {"text": ".", "begin": 303, "end": 304, "id": "s0-t57", "whiteSpace": false}], "text": "The final game is online PC title Need for Speed: World Online, a free-to-play title developedNCR, which counts IBM founder Thomas Watson as one of its early employees, said its products and services account for more than $400 billion in annual commerce and 23 billion consumer serf-service transactions.", "begin": 0, "end": 304, "id": "s0"}, {"tokens": [{"text": "The", "begin": 212, "end": 215, "id": "s1-t0", "whiteSpace": false}, {"text": "company", "begin": 216, "end": 223, "id": "s1-t1", "whiteSpace": false}, {"text": "'s", "begin": 223, "end": 225, "id": "s1-t2", "whiteSpace": false}, {"text": "Philippine", "begin": 226, "end": 236, "id": "s1-t3", "whiteSpace": false}, {"text": "office", "begin": 237, "end": 243, "id": "s1-t4", "whiteSpace": false}, {"text": "established", "begin": 244, "end": 255, "id": "s1-t5", "whiteSpace": false}, {"text": "in", "begin": 256, "end": 258, "id": "s1-t6", "whiteSpace": false}, {"text": "the", "begin": 259, "end": 262, "id": "s1-t7", "whiteSpace": false}, {"text": "1960s", "begin": 263, "end": 268, "id": "s1-t8", "whiteSpace": false}, {"text": "currently", "begin": 269, "end": 278, "id": "s1-t9", "whiteSpace": false}, {"text": "operates", "begin": 279, "end": 287, "id": "s1-t10", "whiteSpace": false}, {"text": "a", "begin": 288, "end": 289, "id": "s1-t11", "whiteSpace": false}, {"text": "research", "begin": 290, "end": 298, "id": "s1-t12", "whiteSpace": false}, {"text": "and", "begin": 299, "end": 302, "id": "s1-t13", "whiteSpace": false}, {"text": "development", "begin": 303, "end": 314, "id": "s1-t14", "whiteSpace": false}, {"text": "facility", "begin": 315, "end": 323, "id": "s1-t15", "whiteSpace": false}, {"text": "in", "begin": 324, "end": 326, "id": "s1-t16", "whiteSpace": false}, {"text": "Cebu", "begin": 327, "end": 331, "id": "s1-t17", "whiteSpace": false}, {"text": "with", "begin": 332, "end": 336, "id": "s1-t18", "whiteSpace": false}, {"text": "about", "begin": 337, "end": 342, "id": "s1-t19", "whiteSpace": false}, {"text": "500", "begin": 343, "end": 346, "id": "s1-t20", "whiteSpace": false}, {"text": "employees", "begin": 347, "end": 356, "id": "s1-t21", "whiteSpace": false}, {"text": ".", "begin": 356, "end": 357, "id": "s1-t22", "whiteSpace": false}], "text": "The company's Philippine office established in the 1960s currently operates a research and development facility in Cebu with about 500 employees.", "begin": 212, "end": 357, "id": "s1"}], "mentions": [], "id": "44fb68b0-4429-11e7-9888-9883892c7164-11", "name": "Technology - gmanews.tv"}