{"relations": [], "userResolved": false, "corefs": [], "language": "EN", "text": "Jinan Yinquan Technology Co., Ltd. has established Virtualization Technology as an elective course in the Computer &amp; Information Engineering School of Shandong University of Finance.\r\rJinan Yinquan Technology Co., Ltd is the wholly-owned subsidiary of China VoIP &amp; Digital Telecom Inc.\r\rChina VoIP &amp; Digital Telecom Inc. offers virtualization technology application through its wholly owned subsidiary Jinan Yinquan Technology Co., Ltd and Beijing PowerUnique Technologies, Co., Ltd. At present, the company is marketing its integral virtualization solutions and services in China.", "docLength": 0, "typeResolved": true, "documentSet": [], "preannotation": [], "version": 3, "modifiedDate": 1496065369973, "sentences": [{"tokens": [{"text": "Is", "begin": 1, "end": 3, "id": "s0-t0", "whiteSpace": false}, {"text": "this", "begin": 4, "end": 8, "id": "s0-t1", "whiteSpace": false}, {"text": "cute", "begin": 9, "end": 13, "id": "s0-t2", "whiteSpace": false}, {"text": "or", "begin": 14, "end": 16, "id": "s0-t3", "whiteSpace": false}, {"text": "creepy?Jinan", "begin": 17, "end": 29, "id": "s0-t4", "whiteSpace": false}, {"text": "Yinquan", "begin": 30, "end": 37, "id": "s0-t5", "whiteSpace": false}, {"text": "Technology", "begin": 38, "end": 48, "id": "s0-t6", "whiteSpace": false}, {"text": "Co", "begin": 49, "end": 51, "id": "s0-t7", "whiteSpace": false}, {"text": ".", "begin": 51, "end": 52, "id": "s0-t8", "whiteSpace": false}], "text": "Is this cute or creepy?Jinan Yinquan Technology Co.", "begin": 1, "end": 52, "id": "s0"}, {"tokens": [{"text": ",", "begin": 28, "end": 29, "id": "s1-t0", "whiteSpace": false}, {"text": "Ltd", "begin": 30, "end": 33, "id": "s1-t1", "whiteSpace": false}, {"text": ".", "begin": 33, "end": 34, "id": "s1-t2", "whiteSpace": false}], "text": ", Ltd.", "begin": 28, "end": 34, "id": "s1"}, {"tokens": [{"text": "has", "begin": 35, "end": 38, "id": "s2-t0", "whiteSpace": false}, {"text": "established", "begin": 39, "end": 50, "id": "s2-t1", "whiteSpace": false}, {"text": "Virtualization", "begin": 51, "end": 65, "id": "s2-t2", "whiteSpace": false}, {"text": "Technology", "begin": 66, "end": 76, "id": "s2-t3", "whiteSpace": false}, {"text": "as", "begin": 77, "end": 79, "id": "s2-t4", "whiteSpace": false}, {"text": "an", "begin": 80, "end": 82, "id": "s2-t5", "whiteSpace": false}, {"text": "elective", "begin": 83, "end": 91, "id": "s2-t6", "whiteSpace": false}, {"text": "course", "begin": 92, "end": 98, "id": "s2-t7", "whiteSpace": false}, {"text": "in", "begin": 99, "end": 101, "id": "s2-t8", "whiteSpace": false}, {"text": "the", "begin": 102, "end": 105, "id": "s2-t9", "whiteSpace": false}, {"text": "Computer", "begin": 106, "end": 114, "id": "s2-t10", "whiteSpace": false}, {"text": "&amp;", "begin": 115, "end": 120, "id": "s2-t11", "whiteSpace": false}, {"text": "Information", "begin": 121, "end": 132, "id": "s2-t12", "whiteSpace": false}, {"text": "Engineering", "begin": 133, "end": 144, "id": "s2-t13", "whiteSpace": false}, {"text": "School", "begin": 145, "end": 151, "id": "s2-t14", "whiteSpace": false}, {"text": "of", "begin": 152, "end": 154, "id": "s2-t15", "whiteSpace": false}, {"text": "Shandong", "begin": 155, "end": 163, "id": "s2-t16", "whiteSpace": false}, {"text": "University", "begin": 164, "end": 174, "id": "s2-t17", "whiteSpace": false}, {"text": "of", "begin": 175, "end": 177, "id": "s2-t18", "whiteSpace": false}, {"text": "Finance", "begin": 178, "end": 185, "id": "s2-t19", "whiteSpace": false}, {"text": ".", "begin": 185, "end": 186, "id": "s2-t20", "whiteSpace": false}], "text": "has established Virtualization Technology as an elective course in the Computer &amp; Information Engineering School of Shandong University of Finance.", "begin": 35, "end": 186, "id": "s2"}, {"tokens": [{"text": "Jinan", "begin": 188, "end": 193, "id": "s3-t0", "whiteSpace": false}, {"text": "Yinquan", "begin": 194, "end": 201, "id": "s3-t1", "whiteSpace": false}, {"text": "Technology", "begin": 202, "end": 212, "id": "s3-t2", "whiteSpace": false}, {"text": "Co", "begin": 213, "end": 215, "id": "s3-t3", "whiteSpace": false}, {"text": ".", "begin": 215, "end": 216, "id": "s3-t4", "whiteSpace": false}], "text": "Jinan Yinquan Technology Co.", "begin": 188, "end": 216, "id": "s3"}, {"tokens": [{"text": ",", "begin": 216, "end": 217, "id": "s4-t0", "whiteSpace": false}, {"text": "Ltd", "begin": 218, "end": 221, "id": "s4-t1", "whiteSpace": false}, {"text": "is", "begin": 222, "end": 224, "id": "s4-t2", "whiteSpace": false}, {"text": "the", "begin": 225, "end": 228, "id": "s4-t3", "whiteSpace": false}, {"text": "wholly", "begin": 229, "end": 235, "id": "s4-t4", "whiteSpace": false}, {"text": "-", "begin": 235, "end": 236, "id": "s4-t5", "whiteSpace": false}, {"text": "owned", "begin": 236, "end": 241, "id": "s4-t6", "whiteSpace": false}, {"text": "subsidiary", "begin": 242, "end": 252, "id": "s4-t7", "whiteSpace": false}, {"text": "of", "begin": 253, "end": 255, "id": "s4-t8", "whiteSpace": false}, {"text": "China", "begin": 256, "end": 261, "id": "s4-t9", "whiteSpace": false}, {"text": "VoIP", "begin": 262, "end": 266, "id": "s4-t10", "whiteSpace": false}, {"text": "&amp;", "begin": 267, "end": 272, "id": "s4-t11", "whiteSpace": false}, {"text": "Digital", "begin": 273, "end": 280, "id": "s4-t12", "whiteSpace": false}, {"text": "Telecom", "begin": 281, "end": 288, "id": "s4-t13", "whiteSpace": false}, {"text": "Inc", "begin": 289, "end": 292, "id": "s4-t14", "whiteSpace": false}, {"text": ".", "begin": 292, "end": 293, "id": "s4-t15", "whiteSpace": false}], "text": ", Ltd is the wholly-owned subsidiary of China VoIP &amp; Digital Telecom Inc.", "begin": 216, "end": 293, "id": "s4"}, {"tokens": [{"text": "China", "begin": 295, "end": 300, "id": "s5-t0", "whiteSpace": false}, {"text": "VoIP", "begin": 301, "end": 305, "id": "s5-t1", "whiteSpace": false}, {"text": "&amp;", "begin": 306, "end": 311, "id": "s5-t2", "whiteSpace": false}, {"text": "Digital", "begin": 312, "end": 319, "id": "s5-t3", "whiteSpace": false}, {"text": "Telecom", "begin": 320, "end": 327, "id": "s5-t4", "whiteSpace": false}, {"text": "Inc", "begin": 328, "end": 331, "id": "s5-t5", "whiteSpace": false}, {"text": ".", "begin": 331, "end": 332, "id": "s5-t6", "whiteSpace": false}], "text": "China VoIP &amp; Digital Telecom Inc.", "begin": 295, "end": 332, "id": "s5"}, {"tokens": [{"text": "offers", "begin": 333, "end": 339, "id": "s6-t0", "whiteSpace": false}, {"text": "virtualization", "begin": 340, "end": 354, "id": "s6-t1", "whiteSpace": false}, {"text": "technology", "begin": 355, "end": 365, "id": "s6-t2", "whiteSpace": false}, {"text": "application", "begin": 366, "end": 377, "id": "s6-t3", "whiteSpace": false}, {"text": "through", "begin": 378, "end": 385, "id": "s6-t4", "whiteSpace": false}, {"text": "its", "begin": 386, "end": 389, "id": "s6-t5", "whiteSpace": false}, {"text": "wholly", "begin": 390, "end": 396, "id": "s6-t6", "whiteSpace": false}, {"text": "owned", "begin": 397, "end": 402, "id": "s6-t7", "whiteSpace": false}, {"text": "subsidiary", "begin": 403, "end": 413, "id": "s6-t8", "whiteSpace": false}, {"text": "Jinan", "begin": 414, "end": 419, "id": "s6-t9", "whiteSpace": false}, {"text": "Yinquan", "begin": 420, "end": 427, "id": "s6-t10", "whiteSpace": false}, {"text": "Technology", "begin": 428, "end": 438, "id": "s6-t11", "whiteSpace": false}, {"text": "Co", "begin": 439, "end": 441, "id": "s6-t12", "whiteSpace": false}, {"text": ".", "begin": 441, "end": 442, "id": "s6-t13", "whiteSpace": false}], "text": "offers virtualization technology application through its wholly owned subsidiary Jinan Yinquan Technology Co.", "begin": 333, "end": 442, "id": "s6"}, {"tokens": [{"text": ",", "begin": 442, "end": 443, "id": "s7-t0", "whiteSpace": false}, {"text": "Ltd", "begin": 444, "end": 447, "id": "s7-t1", "whiteSpace": false}, {"text": "and", "begin": 448, "end": 451, "id": "s7-t2", "whiteSpace": false}, {"text": "Beijing", "begin": 452, "end": 459, "id": "s7-t3", "whiteSpace": false}, {"text": "PowerUnique", "begin": 460, "end": 471, "id": "s7-t4", "whiteSpace": false}, {"text": "Technologies", "begin": 472, "end": 484, "id": "s7-t5", "whiteSpace": false}, {"text": ",", "begin": 484, "end": 485, "id": "s7-t6", "whiteSpace": false}, {"text": "Co", "begin": 486, "end": 488, "id": "s7-t7", "whiteSpace": false}, {"text": ".", "begin": 488, "end": 489, "id": "s7-t8", "whiteSpace": false}], "text": ", Ltd and Beijing PowerUnique Technologies, Co.", "begin": 442, "end": 489, "id": "s7"}, {"tokens": [{"text": ",", "begin": 489, "end": 490, "id": "s8-t0", "whiteSpace": false}, {"text": "Ltd", "begin": 491, "end": 494, "id": "s8-t1", "whiteSpace": false}, {"text": ".", "begin": 494, "end": 495, "id": "s8-t2", "whiteSpace": false}], "text": ", Ltd.", "begin": 489, "end": 495, "id": "s8"}, {"tokens": [{"text": "At", "begin": 496, "end": 498, "id": "s9-t0", "whiteSpace": false}, {"text": "present", "begin": 499, "end": 506, "id": "s9-t1", "whiteSpace": false}, {"text": ",", "begin": 506, "end": 507, "id": "s9-t2", "whiteSpace": false}, {"text": "the", "begin": 508, "end": 511, "id": "s9-t3", "whiteSpace": false}, {"text": "company", "begin": 512, "end": 519, "id": "s9-t4", "whiteSpace": false}, {"text": "is", "begin": 520, "end": 522, "id": "s9-t5", "whiteSpace": false}, {"text": "marketing", "begin": 523, "end": 532, "id": "s9-t6", "whiteSpace": false}, {"text": "its", "begin": 533, "end": 536, "id": "s9-t7", "whiteSpace": false}, {"text": "integral", "begin": 537, "end": 545, "id": "s9-t8", "whiteSpace": false}, {"text": "virtualization", "begin": 546, "end": 560, "id": "s9-t9", "whiteSpace": false}, {"text": "solutions", "begin": 561, "end": 570, "id": "s9-t10", "whiteSpace": false}, {"text": "and", "begin": 571, "end": 574, "id": "s9-t11", "whiteSpace": false}, {"text": "services", "begin": 575, "end": 583, "id": "s9-t12", "whiteSpace": false}, {"text": "in", "begin": 584, "end": 586, "id": "s9-t13", "whiteSpace": false}, {"text": "China", "begin": 587, "end": 592, "id": "s9-t14", "whiteSpace": false}, {"text": ".", "begin": 592, "end": 593, "id": "s9-t15", "whiteSpace": false}], "text": "At present, the company is marketing its integral virtualization solutions and services in China.", "begin": 496, "end": 593, "id": "s9"}], "mentions": [], "id": "44fb68b0-4429-11e7-9888-9883892c7164-14", "name": "Technology - ip-telephony.tmcnet.com"}