{"relations": [], "userResolved": false, "corefs": [], "language": "EN", "text": "Advertising is finally coming to Twitter, the microblogging service long famous for not even trying to make money.\r\r'Promoted Tweets' will now show up at the top of some Twitter.com search pages, company co-founder Biz Stone says in a blog post this morning.   Early advertisers willing to pay for this top placement include Best Buy, Bravo, Red Bull, Sony Pictures, Starbucks, and Virgin America.\r\rUntil now, Stone and co-founder Evan Williams have mainly focused on growing Twitter's user base, instead of trying to turn a profit.  'Believe me, when your name is Biz and you're a co-founder of Twitter, it also means putting yourself at the mercy of folks like Stephen Colbert who hit home runs with lines like, 'So, I assume that 'Biz' in 'Biz Stone' does not stand for 'Business Model,''' Stone jokes in his post.", "docLength": 0, "typeResolved": true, "documentSet": [], "preannotation": [], "version": 3, "modifiedDate": 1496065369973, "sentences": [{"tokens": [{"text": "Advertising", "begin": 0, "end": 11, "id": "s0-t0", "whiteSpace": false}, {"text": "is", "begin": 12, "end": 14, "id": "s0-t1", "whiteSpace": false}, {"text": "finally", "begin": 15, "end": 22, "id": "s0-t2", "whiteSpace": false}, {"text": "coming", "begin": 23, "end": 29, "id": "s0-t3", "whiteSpace": false}, {"text": "to", "begin": 30, "end": 32, "id": "s0-t4", "whiteSpace": false}, {"text": "Twitter", "begin": 33, "end": 40, "id": "s0-t5", "whiteSpace": false}, {"text": ",", "begin": 40, "end": 41, "id": "s0-t6", "whiteSpace": false}, {"text": "the", "begin": 42, "end": 45, "id": "s0-t7", "whiteSpace": false}, {"text": "microblogging", "begin": 46, "end": 59, "id": "s0-t8", "whiteSpace": false}, {"text": "service", "begin": 60, "end": 67, "id": "s0-t9", "whiteSpace": false}, {"text": "long", "begin": 68, "end": 72, "id": "s0-t10", "whiteSpace": false}, {"text": "famous", "begin": 73, "end": 79, "id": "s0-t11", "whiteSpace": false}, {"text": "for", "begin": 80, "end": 83, "id": "s0-t12", "whiteSpace": false}, {"text": "not", "begin": 84, "end": 87, "id": "s0-t13", "whiteSpace": false}, {"text": "even", "begin": 88, "end": 92, "id": "s0-t14", "whiteSpace": false}, {"text": "trying", "begin": 93, "end": 99, "id": "s0-t15", "whiteSpace": false}, {"text": "to", "begin": 100, "end": 102, "id": "s0-t16", "whiteSpace": false}, {"text": "make", "begin": 103, "end": 107, "id": "s0-t17", "whiteSpace": false}, {"text": "money", "begin": 108, "end": 113, "id": "s0-t18", "whiteSpace": false}, {"text": ".", "begin": 113, "end": 114, "id": "s0-t19", "whiteSpace": false}], "text": "Advertising is finally coming to Twitter, the microblogging service long famous for not even trying to make money.", "begin": 0, "end": 114, "id": "s0"}, {"tokens": [{"text": "'Promoted", "begin": 116, "end": 125, "id": "s1-t0", "whiteSpace": false}, {"text": "Tweets'", "begin": 126, "end": 133, "id": "s1-t1", "whiteSpace": false}, {"text": "will", "begin": 134, "end": 138, "id": "s1-t2", "whiteSpace": false}, {"text": "now", "begin": 139, "end": 142, "id": "s1-t3", "whiteSpace": false}, {"text": "show", "begin": 143, "end": 147, "id": "s1-t4", "whiteSpace": false}, {"text": "up", "begin": 148, "end": 150, "id": "s1-t5", "whiteSpace": false}, {"text": "at", "begin": 151, "end": 153, "id": "s1-t6", "whiteSpace": false}, {"text": "the", "begin": 154, "end": 157, "id": "s1-t7", "whiteSpace": false}, {"text": "top", "begin": 158, "end": 161, "id": "s1-t8", "whiteSpace": false}, {"text": "of", "begin": 162, "end": 164, "id": "s1-t9", "whiteSpace": false}, {"text": "some", "begin": 165, "end": 169, "id": "s1-t10", "whiteSpace": false}, {"text": "Twitter", "begin": 170, "end": 177, "id": "s1-t11", "whiteSpace": false}, {"text": ".", "begin": 177, "end": 178, "id": "s1-t12", "whiteSpace": false}], "text": "'Promoted Tweets' will now show up at the top of some Twitter.", "begin": 116, "end": 178, "id": "s1"}, {"tokens": [{"text": "com", "begin": 178, "end": 181, "id": "s2-t0", "whiteSpace": false}, {"text": "search", "begin": 182, "end": 188, "id": "s2-t1", "whiteSpace": false}, {"text": "pages", "begin": 189, "end": 194, "id": "s2-t2", "whiteSpace": false}, {"text": ",", "begin": 194, "end": 195, "id": "s2-t3", "whiteSpace": false}, {"text": "company", "begin": 196, "end": 203, "id": "s2-t4", "whiteSpace": false}, {"text": "co", "begin": 204, "end": 206, "id": "s2-t5", "whiteSpace": false}, {"text": "-", "begin": 206, "end": 207, "id": "s2-t6", "whiteSpace": false}, {"text": "founder", "begin": 207, "end": 214, "id": "s2-t7", "whiteSpace": false}, {"text": "Biz", "begin": 215, "end": 218, "id": "s2-t8", "whiteSpace": false}, {"text": "Stone", "begin": 219, "end": 224, "id": "s2-t9", "whiteSpace": false}, {"text": "says", "begin": 225, "end": 229, "id": "s2-t10", "whiteSpace": false}, {"text": "in", "begin": 230, "end": 232, "id": "s2-t11", "whiteSpace": false}, {"text": "a", "begin": 233, "end": 234, "id": "s2-t12", "whiteSpace": false}, {"text": "blog", "begin": 235, "end": 239, "id": "s2-t13", "whiteSpace": false}, {"text": "post", "begin": 240, "end": 244, "id": "s2-t14", "whiteSpace": false}, {"text": "this", "begin": 245, "end": 249, "id": "s2-t15", "whiteSpace": false}, {"text": "morning", "begin": 250, "end": 257, "id": "s2-t16", "whiteSpace": false}, {"text": ".", "begin": 257, "end": 258, "id": "s2-t17", "whiteSpace": false}], "text": "com search pages, company co-founder Biz Stone says in a blog post this morning.", "begin": 178, "end": 258, "id": "s2"}, {"tokens": [{"text": "Early", "begin": 261, "end": 266, "id": "s3-t0", "whiteSpace": false}, {"text": "advertisers", "begin": 267, "end": 278, "id": "s3-t1", "whiteSpace": false}, {"text": "willing", "begin": 279, "end": 286, "id": "s3-t2", "whiteSpace": false}, {"text": "to", "begin": 287, "end": 289, "id": "s3-t3", "whiteSpace": false}, {"text": "pay", "begin": 290, "end": 293, "id": "s3-t4", "whiteSpace": false}, {"text": "for", "begin": 294, "end": 297, "id": "s3-t5", "whiteSpace": false}, {"text": "this", "begin": 298, "end": 302, "id": "s3-t6", "whiteSpace": false}, {"text": "top", "begin": 303, "end": 306, "id": "s3-t7", "whiteSpace": false}, {"text": "placement", "begin": 307, "end": 316, "id": "s3-t8", "whiteSpace": false}, {"text": "include", "begin": 317, "end": 324, "id": "s3-t9", "whiteSpace": false}, {"text": "Best", "begin": 325, "end": 329, "id": "s3-t10", "whiteSpace": false}, {"text": "Buy", "begin": 330, "end": 333, "id": "s3-t11", "whiteSpace": false}, {"text": ",", "begin": 333, "end": 334, "id": "s3-t12", "whiteSpace": false}, {"text": "Bravo", "begin": 335, "end": 340, "id": "s3-t13", "whiteSpace": false}, {"text": ",", "begin": 340, "end": 341, "id": "s3-t14", "whiteSpace": false}, {"text": "Red", "begin": 342, "end": 345, "id": "s3-t15", "whiteSpace": false}, {"text": "Bull", "begin": 346, "end": 350, "id": "s3-t16", "whiteSpace": false}, {"text": ",", "begin": 350, "end": 351, "id": "s3-t17", "whiteSpace": false}, {"text": "Sony", "begin": 352, "end": 356, "id": "s3-t18", "whiteSpace": false}, {"text": "Pictures", "begin": 357, "end": 365, "id": "s3-t19", "whiteSpace": false}, {"text": ",", "begin": 365, "end": 366, "id": "s3-t20", "whiteSpace": false}, {"text": "Starbucks", "begin": 367, "end": 376, "id": "s3-t21", "whiteSpace": false}, {"text": ",", "begin": 376, "end": 377, "id": "s3-t22", "whiteSpace": false}, {"text": "and", "begin": 378, "end": 381, "id": "s3-t23", "whiteSpace": false}, {"text": "Virgin", "begin": 382, "end": 388, "id": "s3-t24", "whiteSpace": false}, {"text": "America", "begin": 389, "end": 396, "id": "s3-t25", "whiteSpace": false}, {"text": ".", "begin": 396, "end": 397, "id": "s3-t26", "whiteSpace": false}], "text": "Early advertisers willing to pay for this top placement include Best Buy, Bravo, Red Bull, Sony Pictures, Starbucks, and Virgin America.", "begin": 261, "end": 397, "id": "s3"}, {"tokens": [{"text": "Until", "begin": 399, "end": 404, "id": "s4-t0", "whiteSpace": false}, {"text": "now", "begin": 405, "end": 408, "id": "s4-t1", "whiteSpace": false}, {"text": ",", "begin": 408, "end": 409, "id": "s4-t2", "whiteSpace": false}, {"text": "Stone", "begin": 410, "end": 415, "id": "s4-t3", "whiteSpace": false}, {"text": "and", "begin": 416, "end": 419, "id": "s4-t4", "whiteSpace": false}, {"text": "co", "begin": 420, "end": 422, "id": "s4-t5", "whiteSpace": false}, {"text": "-", "begin": 422, "end": 423, "id": "s4-t6", "whiteSpace": false}, {"text": "founder", "begin": 423, "end": 430, "id": "s4-t7", "whiteSpace": false}, {"text": "Evan", "begin": 431, "end": 435, "id": "s4-t8", "whiteSpace": false}, {"text": "Williams", "begin": 436, "end": 444, "id": "s4-t9", "whiteSpace": false}, {"text": "have", "begin": 445, "end": 449, "id": "s4-t10", "whiteSpace": false}, {"text": "mainly", "begin": 450, "end": 456, "id": "s4-t11", "whiteSpace": false}, {"text": "focused", "begin": 457, "end": 464, "id": "s4-t12", "whiteSpace": false}, {"text": "on", "begin": 465, "end": 467, "id": "s4-t13", "whiteSpace": false}, {"text": "growing", "begin": 468, "end": 475, "id": "s4-t14", "whiteSpace": false}, {"text": "Twitter", "begin": 476, "end": 483, "id": "s4-t15", "whiteSpace": false}, {"text": "'s", "begin": 483, "end": 485, "id": "s4-t16", "whiteSpace": false}, {"text": "user", "begin": 486, "end": 490, "id": "s4-t17", "whiteSpace": false}, {"text": "base", "begin": 491, "end": 495, "id": "s4-t18", "whiteSpace": false}, {"text": ",", "begin": 495, "end": 496, "id": "s4-t19", "whiteSpace": false}, {"text": "instead", "begin": 497, "end": 504, "id": "s4-t20", "whiteSpace": false}, {"text": "of", "begin": 505, "end": 507, "id": "s4-t21", "whiteSpace": false}, {"text": "trying", "begin": 508, "end": 514, "id": "s4-t22", "whiteSpace": false}, {"text": "to", "begin": 515, "end": 517, "id": "s4-t23", "whiteSpace": false}, {"text": "turn", "begin": 518, "end": 522, "id": "s4-t24", "whiteSpace": false}, {"text": "a", "begin": 523, "end": 524, "id": "s4-t25", "whiteSpace": false}, {"text": "profit", "begin": 525, "end": 531, "id": "s4-t26", "whiteSpace": false}, {"text": ".", "begin": 531, "end": 532, "id": "s4-t27", "whiteSpace": false}], "text": "Until now, Stone and co-founder Evan Williams have mainly focused on growing Twitter's user base, instead of trying to turn a profit.", "begin": 399, "end": 532, "id": "s4"}, {"tokens": [{"text": "'Believe", "begin": 534, "end": 542, "id": "s5-t0", "whiteSpace": false}, {"text": "me", "begin": 543, "end": 545, "id": "s5-t1", "whiteSpace": false}, {"text": ",", "begin": 545, "end": 546, "id": "s5-t2", "whiteSpace": false}, {"text": "when", "begin": 547, "end": 551, "id": "s5-t3", "whiteSpace": false}, {"text": "your", "begin": 552, "end": 556, "id": "s5-t4", "whiteSpace": false}, {"text": "name", "begin": 557, "end": 561, "id": "s5-t5", "whiteSpace": false}, {"text": "is", "begin": 562, "end": 564, "id": "s5-t6", "whiteSpace": false}, {"text": "Biz", "begin": 565, "end": 568, "id": "s5-t7", "whiteSpace": false}, {"text": "and", "begin": 569, "end": 572, "id": "s5-t8", "whiteSpace": false}, {"text": "you're", "begin": 573, "end": 579, "id": "s5-t9", "whiteSpace": false}, {"text": "a", "begin": 580, "end": 581, "id": "s5-t10", "whiteSpace": false}, {"text": "co", "begin": 582, "end": 584, "id": "s5-t11", "whiteSpace": false}, {"text": "-", "begin": 584, "end": 585, "id": "s5-t12", "whiteSpace": false}, {"text": "founder", "begin": 585, "end": 592, "id": "s5-t13", "whiteSpace": false}, {"text": "of", "begin": 593, "end": 595, "id": "s5-t14", "whiteSpace": false}, {"text": "Twitter", "begin": 596, "end": 603, "id": "s5-t15", "whiteSpace": false}, {"text": ",", "begin": 603, "end": 604, "id": "s5-t16", "whiteSpace": false}, {"text": "it", "begin": 605, "end": 607, "id": "s5-t17", "whiteSpace": false}, {"text": "also", "begin": 608, "end": 612, "id": "s5-t18", "whiteSpace": false}, {"text": "means", "begin": 613, "end": 618, "id": "s5-t19", "whiteSpace": false}, {"text": "putting", "begin": 619, "end": 626, "id": "s5-t20", "whiteSpace": false}, {"text": "yourself", "begin": 627, "end": 635, "id": "s5-t21", "whiteSpace": false}, {"text": "at", "begin": 636, "end": 638, "id": "s5-t22", "whiteSpace": false}, {"text": "the", "begin": 639, "end": 642, "id": "s5-t23", "whiteSpace": false}, {"text": "mercy", "begin": 643, "end": 648, "id": "s5-t24", "whiteSpace": false}, {"text": "of", "begin": 649, "end": 651, "id": "s5-t25", "whiteSpace": false}, {"text": "folks", "begin": 652, "end": 657, "id": "s5-t26", "whiteSpace": false}, {"text": "like", "begin": 658, "end": 662, "id": "s5-t27", "whiteSpace": false}, {"text": "Stephen", "begin": 663, "end": 670, "id": "s5-t28", "whiteSpace": false}, {"text": "Colbert", "begin": 671, "end": 678, "id": "s5-t29", "whiteSpace": false}, {"text": "who", "begin": 679, "end": 682, "id": "s5-t30", "whiteSpace": false}, {"text": "hit", "begin": 683, "end": 686, "id": "s5-t31", "whiteSpace": false}, {"text": "home", "begin": 687, "end": 691, "id": "s5-t32", "whiteSpace": false}, {"text": "runs", "begin": 692, "end": 696, "id": "s5-t33", "whiteSpace": false}, {"text": "with", "begin": 697, "end": 701, "id": "s5-t34", "whiteSpace": false}, {"text": "lines", "begin": 702, "end": 707, "id": "s5-t35", "whiteSpace": false}, {"text": "like", "begin": 708, "end": 712, "id": "s5-t36", "whiteSpace": false}, {"text": ",", "begin": 712, "end": 713, "id": "s5-t37", "whiteSpace": false}, {"text": "'So", "begin": 714, "end": 717, "id": "s5-t38", "whiteSpace": false}, {"text": ",", "begin": 717, "end": 718, "id": "s5-t39", "whiteSpace": false}, {"text": "I", "begin": 719, "end": 720, "id": "s5-t40", "whiteSpace": false}, {"text": "assume", "begin": 721, "end": 727, "id": "s5-t41", "whiteSpace": false}, {"text": "that", "begin": 728, "end": 732, "id": "s5-t42", "whiteSpace": false}, {"text": "'Biz'", "begin": 733, "end": 738, "id": "s5-t43", "whiteSpace": false}, {"text": "in", "begin": 739, "end": 741, "id": "s5-t44", "whiteSpace": false}, {"text": "'Biz", "begin": 742, "end": 746, "id": "s5-t45", "whiteSpace": false}, {"text": "Stone'", "begin": 747, "end": 753, "id": "s5-t46", "whiteSpace": false}, {"text": "does", "begin": 754, "end": 758, "id": "s5-t47", "whiteSpace": false}, {"text": "not", "begin": 759, "end": 762, "id": "s5-t48", "whiteSpace": false}, {"text": "stand", "begin": 763, "end": 768, "id": "s5-t49", "whiteSpace": false}, {"text": "for", "begin": 769, "end": 772, "id": "s5-t50", "whiteSpace": false}, {"text": "'Business", "begin": 773, "end": 782, "id": "s5-t51", "whiteSpace": false}, {"text": "Model", "begin": 783, "end": 788, "id": "s5-t52", "whiteSpace": false}, {"text": ",", "begin": 788, "end": 789, "id": "s5-t53", "whiteSpace": false}, {"text": "'''", "begin": 789, "end": 792, "id": "s5-t54", "whiteSpace": false}, {"text": "Stone", "begin": 793, "end": 798, "id": "s5-t55", "whiteSpace": false}, {"text": "jokes", "begin": 799, "end": 804, "id": "s5-t56", "whiteSpace": false}, {"text": "in", "begin": 805, "end": 807, "id": "s5-t57", "whiteSpace": false}, {"text": "his", "begin": 808, "end": 811, "id": "s5-t58", "whiteSpace": false}, {"text": "post", "begin": 812, "end": 816, "id": "s5-t59", "whiteSpace": false}, {"text": ".", "begin": 816, "end": 817, "id": "s5-t60", "whiteSpace": false}], "text": "'Believe me, when your name is Biz and you're a co-founder of Twitter, it also means putting yourself at the mercy of folks like Stephen Colbert who hit home runs with lines like, 'So, I assume that 'Biz' in 'Biz Stone' does not stand for 'Business Model,''' Stone jokes in his post.", "begin": 534, "end": 817, "id": "s5"}], "mentions": [], "id": "44fb68b0-4429-11e7-9888-9883892c7164-6", "name": "Technology - content.usatoday.com"}