{"relations": [], "userResolved": false, "corefs": [], "language": "EN", "text": "PaperThin, Inc., provider of the leading Web content management solution CommonSpot, today unveiled CommonSpot 6.0. The new release unites a sleek new user interface with a suite of powerful marketing and development solutions that increase website effectiveness, improve productivity, and help organizations easily adapt to changing demands for better business results. Also new is a community site called \"The Commons\" where customers and partners can leverage the shared knowledge, expertise, and open source code developed by PaperThin and members of the CommonSpot community. \r\rWe are very proud to release CommonSpot 6.0, its new open source Application Development Framework and", "docLength": 0, "typeResolved": true, "documentSet": [], "preannotation": [], "version": 3, "modifiedDate": 1496065369973, "sentences": [{"tokens": [{"text": "PaperThin", "begin": 0, "end": 9, "id": "s0-t0", "whiteSpace": false}, {"text": ",", "begin": 9, "end": 10, "id": "s0-t1", "whiteSpace": false}, {"text": "Inc", "begin": 11, "end": 14, "id": "s0-t2", "whiteSpace": false}, {"text": ".", "begin": 14, "end": 15, "id": "s0-t3", "whiteSpace": false}], "text": "PaperThin, Inc.", "begin": 0, "end": 15, "id": "s0"}, {"tokens": [{"text": ",", "begin": 15, "end": 16, "id": "s1-t0", "whiteSpace": false}, {"text": "provider", "begin": 17, "end": 25, "id": "s1-t1", "whiteSpace": false}, {"text": "of", "begin": 26, "end": 28, "id": "s1-t2", "whiteSpace": false}, {"text": "the", "begin": 29, "end": 32, "id": "s1-t3", "whiteSpace": false}, {"text": "leading", "begin": 33, "end": 40, "id": "s1-t4", "whiteSpace": false}, {"text": "Web", "begin": 41, "end": 44, "id": "s1-t5", "whiteSpace": false}, {"text": "content", "begin": 45, "end": 52, "id": "s1-t6", "whiteSpace": false}, {"text": "management", "begin": 53, "end": 63, "id": "s1-t7", "whiteSpace": false}, {"text": "solution", "begin": 64, "end": 72, "id": "s1-t8", "whiteSpace": false}, {"text": "CommonSpot", "begin": 73, "end": 83, "id": "s1-t9", "whiteSpace": false}, {"text": ",", "begin": 83, "end": 84, "id": "s1-t10", "whiteSpace": false}, {"text": "today", "begin": 85, "end": 90, "id": "s1-t11", "whiteSpace": false}, {"text": "unveiled", "begin": 91, "end": 99, "id": "s1-t12", "whiteSpace": false}, {"text": "CommonSpot", "begin": 100, "end": 110, "id": "s1-t13", "whiteSpace": false}, {"text": "6", "begin": 111, "end": 112, "id": "s1-t14", "whiteSpace": false}, {"text": ".", "begin": 112, "end": 113, "id": "s1-t15", "whiteSpace": false}], "text": ", provider of the leading Web content management solution CommonSpot, today unveiled CommonSpot 6.", "begin": 15, "end": 113, "id": "s1"}, {"tokens": [{"text": "0", "begin": 113, "end": 114, "id": "s2-t0", "whiteSpace": false}, {"text": ".", "begin": 114, "end": 115, "id": "s2-t1", "whiteSpace": false}], "text": "0.", "begin": 113, "end": 115, "id": "s2"}, {"tokens": [{"text": "The", "begin": 116, "end": 119, "id": "s3-t0", "whiteSpace": false}, {"text": "new", "begin": 120, "end": 123, "id": "s3-t1", "whiteSpace": false}, {"text": "release", "begin": 124, "end": 131, "id": "s3-t2", "whiteSpace": false}, {"text": "unites", "begin": 132, "end": 138, "id": "s3-t3", "whiteSpace": false}, {"text": "a", "begin": 139, "end": 140, "id": "s3-t4", "whiteSpace": false}, {"text": "sleek", "begin": 141, "end": 146, "id": "s3-t5", "whiteSpace": false}, {"text": "new", "begin": 147, "end": 150, "id": "s3-t6", "whiteSpace": false}, {"text": "user", "begin": 151, "end": 155, "id": "s3-t7", "whiteSpace": false}, {"text": "interface", "begin": 156, "end": 165, "id": "s3-t8", "whiteSpace": false}, {"text": "with", "begin": 166, "end": 170, "id": "s3-t9", "whiteSpace": false}, {"text": "a", "begin": 171, "end": 172, "id": "s3-t10", "whiteSpace": false}, {"text": "suite", "begin": 173, "end": 178, "id": "s3-t11", "whiteSpace": false}, {"text": "of", "begin": 179, "end": 181, "id": "s3-t12", "whiteSpace": false}, {"text": "powerful", "begin": 182, "end": 190, "id": "s3-t13", "whiteSpace": false}, {"text": "marketing", "begin": 191, "end": 200, "id": "s3-t14", "whiteSpace": false}, {"text": "and", "begin": 201, "end": 204, "id": "s3-t15", "whiteSpace": false}, {"text": "development", "begin": 205, "end": 216, "id": "s3-t16", "whiteSpace": false}, {"text": "solutions", "begin": 217, "end": 226, "id": "s3-t17", "whiteSpace": false}, {"text": "that", "begin": 227, "end": 231, "id": "s3-t18", "whiteSpace": false}, {"text": "increase", "begin": 232, "end": 240, "id": "s3-t19", "whiteSpace": false}, {"text": "website", "begin": 241, "end": 248, "id": "s3-t20", "whiteSpace": false}, {"text": "effectiveness", "begin": 249, "end": 262, "id": "s3-t21", "whiteSpace": false}, {"text": ",", "begin": 262, "end": 263, "id": "s3-t22", "whiteSpace": false}, {"text": "improve", "begin": 264, "end": 271, "id": "s3-t23", "whiteSpace": false}, {"text": "productivity", "begin": 272, "end": 284, "id": "s3-t24", "whiteSpace": false}, {"text": ",", "begin": 284, "end": 285, "id": "s3-t25", "whiteSpace": false}, {"text": "and", "begin": 286, "end": 289, "id": "s3-t26", "whiteSpace": false}, {"text": "help", "begin": 290, "end": 294, "id": "s3-t27", "whiteSpace": false}, {"text": "organizations", "begin": 295, "end": 308, "id": "s3-t28", "whiteSpace": false}, {"text": "easily", "begin": 309, "end": 315, "id": "s3-t29", "whiteSpace": false}, {"text": "adapt", "begin": 316, "end": 321, "id": "s3-t30", "whiteSpace": false}, {"text": "to", "begin": 322, "end": 324, "id": "s3-t31", "whiteSpace": false}, {"text": "changing", "begin": 325, "end": 333, "id": "s3-t32", "whiteSpace": false}, {"text": "demands", "begin": 334, "end": 341, "id": "s3-t33", "whiteSpace": false}, {"text": "for", "begin": 342, "end": 345, "id": "s3-t34", "whiteSpace": false}, {"text": "better", "begin": 346, "end": 352, "id": "s3-t35", "whiteSpace": false}, {"text": "business", "begin": 353, "end": 361, "id": "s3-t36", "whiteSpace": false}, {"text": "results", "begin": 362, "end": 369, "id": "s3-t37", "whiteSpace": false}, {"text": ".", "begin": 369, "end": 370, "id": "s3-t38", "whiteSpace": false}], "text": "The new release unites a sleek new user interface with a suite of powerful marketing and development solutions that increase website effectiveness, improve productivity, and help organizations easily adapt to changing demands for better business results.", "begin": 116, "end": 370, "id": "s3"}, {"tokens": [{"text": "Also", "begin": 371, "end": 375, "id": "s4-t0", "whiteSpace": false}, {"text": "new", "begin": 376, "end": 379, "id": "s4-t1", "whiteSpace": false}, {"text": "is", "begin": 380, "end": 382, "id": "s4-t2", "whiteSpace": false}, {"text": "a", "begin": 383, "end": 384, "id": "s4-t3", "whiteSpace": false}, {"text": "community", "begin": 385, "end": 394, "id": "s4-t4", "whiteSpace": false}, {"text": "site", "begin": 395, "end": 399, "id": "s4-t5", "whiteSpace": false}, {"text": "called", "begin": 400, "end": 406, "id": "s4-t6", "whiteSpace": false}, {"text": "\"The", "begin": 407, "end": 411, "id": "s4-t7", "whiteSpace": false}, {"text": "Commons\"", "begin": 412, "end": 420, "id": "s4-t8", "whiteSpace": false}, {"text": "where", "begin": 421, "end": 426, "id": "s4-t9", "whiteSpace": false}, {"text": "customers", "begin": 427, "end": 436, "id": "s4-t10", "whiteSpace": false}, {"text": "and", "begin": 437, "end": 440, "id": "s4-t11", "whiteSpace": false}, {"text": "partners", "begin": 441, "end": 449, "id": "s4-t12", "whiteSpace": false}, {"text": "can", "begin": 450, "end": 453, "id": "s4-t13", "whiteSpace": false}, {"text": "leverage", "begin": 454, "end": 462, "id": "s4-t14", "whiteSpace": false}, {"text": "the", "begin": 463, "end": 466, "id": "s4-t15", "whiteSpace": false}, {"text": "shared", "begin": 467, "end": 473, "id": "s4-t16", "whiteSpace": false}, {"text": "knowledge", "begin": 474, "end": 483, "id": "s4-t17", "whiteSpace": false}, {"text": ",", "begin": 483, "end": 484, "id": "s4-t18", "whiteSpace": false}, {"text": "expertise", "begin": 485, "end": 494, "id": "s4-t19", "whiteSpace": false}, {"text": ",", "begin": 494, "end": 495, "id": "s4-t20", "whiteSpace": false}, {"text": "and", "begin": 496, "end": 499, "id": "s4-t21", "whiteSpace": false}, {"text": "open", "begin": 500, "end": 504, "id": "s4-t22", "whiteSpace": false}, {"text": "source", "begin": 505, "end": 511, "id": "s4-t23", "whiteSpace": false}, {"text": "code", "begin": 512, "end": 516, "id": "s4-t24", "whiteSpace": false}, {"text": "developed", "begin": 517, "end": 526, "id": "s4-t25", "whiteSpace": false}, {"text": "by", "begin": 527, "end": 529, "id": "s4-t26", "whiteSpace": false}, {"text": "PaperThin", "begin": 530, "end": 539, "id": "s4-t27", "whiteSpace": false}, {"text": "and", "begin": 540, "end": 543, "id": "s4-t28", "whiteSpace": false}, {"text": "members", "begin": 544, "end": 551, "id": "s4-t29", "whiteSpace": false}, {"text": "of", "begin": 552, "end": 554, "id": "s4-t30", "whiteSpace": false}, {"text": "the", "begin": 555, "end": 558, "id": "s4-t31", "whiteSpace": false}, {"text": "CommonSpot", "begin": 559, "end": 569, "id": "s4-t32", "whiteSpace": false}, {"text": "community", "begin": 570, "end": 579, "id": "s4-t33", "whiteSpace": false}, {"text": ".", "begin": 579, "end": 580, "id": "s4-t34", "whiteSpace": false}], "text": "Also new is a community site called \"The Commons\" where customers and partners can leverage the shared knowledge, expertise, and open source code developed by PaperThin and members of the CommonSpot community.", "begin": 371, "end": 580, "id": "s4"}, {"tokens": [{"text": "We", "begin": 583, "end": 585, "id": "s5-t0", "whiteSpace": false}, {"text": "are", "begin": 586, "end": 589, "id": "s5-t1", "whiteSpace": false}, {"text": "very", "begin": 590, "end": 594, "id": "s5-t2", "whiteSpace": false}, {"text": "proud", "begin": 595, "end": 600, "id": "s5-t3", "whiteSpace": false}, {"text": "to", "begin": 601, "end": 603, "id": "s5-t4", "whiteSpace": false}, {"text": "release", "begin": 604, "end": 611, "id": "s5-t5", "whiteSpace": false}, {"text": "CommonSpot", "begin": 612, "end": 622, "id": "s5-t6", "whiteSpace": false}, {"text": "6", "begin": 623, "end": 624, "id": "s5-t7", "whiteSpace": false}, {"text": ".", "begin": 624, "end": 625, "id": "s5-t8", "whiteSpace": false}], "text": "We are very proud to release CommonSpot 6.", "begin": 583, "end": 625, "id": "s5"}, {"tokens": [{"text": "0", "begin": 625, "end": 626, "id": "s6-t0", "whiteSpace": false}, {"text": ",", "begin": 626, "end": 627, "id": "s6-t1", "whiteSpace": false}, {"text": "its", "begin": 628, "end": 631, "id": "s6-t2", "whiteSpace": false}, {"text": "new", "begin": 632, "end": 635, "id": "s6-t3", "whiteSpace": false}, {"text": "open", "begin": 636, "end": 640, "id": "s6-t4", "whiteSpace": false}, {"text": "source", "begin": 641, "end": 647, "id": "s6-t5", "whiteSpace": false}, {"text": "Application", "begin": 648, "end": 659, "id": "s6-t6", "whiteSpace": false}, {"text": "Development", "begin": 660, "end": 671, "id": "s6-t7", "whiteSpace": false}, {"text": "Framework", "begin": 672, "end": 681, "id": "s6-t8", "whiteSpace": false}], "text": "0, its new open source Application Development Framework and", "begin": 625, "end": 685, "id": "s6"}], "mentions": [], "id": "44fb68b0-4429-11e7-9888-9883892c7164-3", "name": "Technology - businesswire.com"}