{"relations": [], "userResolved": false, "corefs": [], "language": "EN", "text": "EA plans to publish three separate new Need for Speed games in 2009, each tailored to specific formats and featuring a radical change of focus from previous titles.\r\rIn previews with a number of consumer websites, including GameSpot and Eurogamer, EA revealed new title Need for Speed: Shift for the Xbox 360, PlayStation 3, PC and PSP. \r\rIntended to be a much more serious racing simulation than previous games, the title is being developed by a combination of internal and external resources in the UK.\r\rThe game will be overseen by Black Box executive producer Michael Mann, as well as EA Games Europe head, and Digital Illusions CE (DICE) co-founder, Patrick Soderlund. Development work will be carried out by new British studio Slightly Mad Studios. The London-based firm is led by SimBin co-founder Ian Bell, who worked on titles such as GT Legends and GTR 2.\r\rThe second game is currently known as Need for Speed: Nitro and will be released exclusively for the Wii and Nintendo DS. Developed by EA Montreal, the game is described as having a unique visual style but no screenshots have yet been released.\r\rThe final game is online PC title Need for Speed: World Online, a free-to-play title developed", "docLength": 0, "typeResolved": true, "documentSet": [], "preannotation": [], "version": 3, "modifiedDate": 1496065369973, "sentences": [{"tokens": [{"text": "Ballmer", "begin": 0, "end": 7, "id": "s0-t0", "whiteSpace": false}, {"text": "alsoEA", "begin": 8, "end": 14, "id": "s0-t1", "whiteSpace": false}, {"text": "plans", "begin": 15, "end": 20, "id": "s0-t2", "whiteSpace": false}, {"text": "to", "begin": 21, "end": 23, "id": "s0-t3", "whiteSpace": false}, {"text": "publish", "begin": 24, "end": 31, "id": "s0-t4", "whiteSpace": false}, {"text": "three", "begin": 32, "end": 37, "id": "s0-t5", "whiteSpace": false}, {"text": "separate", "begin": 38, "end": 46, "id": "s0-t6", "whiteSpace": false}, {"text": "new", "begin": 47, "end": 50, "id": "s0-t7", "whiteSpace": false}, {"text": "Need", "begin": 51, "end": 55, "id": "s0-t8", "whiteSpace": false}, {"text": "for", "begin": 56, "end": 59, "id": "s0-t9", "whiteSpace": false}, {"text": "Speed", "begin": 60, "end": 65, "id": "s0-t10", "whiteSpace": false}, {"text": "games", "begin": 66, "end": 71, "id": "s0-t11", "whiteSpace": false}, {"text": "in", "begin": 72, "end": 74, "id": "s0-t12", "whiteSpace": false}, {"text": "2009", "begin": 75, "end": 79, "id": "s0-t13", "whiteSpace": false}, {"text": ",", "begin": 79, "end": 80, "id": "s0-t14", "whiteSpace": false}, {"text": "each", "begin": 81, "end": 85, "id": "s0-t15", "whiteSpace": false}, {"text": "tailored", "begin": 86, "end": 94, "id": "s0-t16", "whiteSpace": false}, {"text": "to", "begin": 95, "end": 97, "id": "s0-t17", "whiteSpace": false}, {"text": "specific", "begin": 98, "end": 106, "id": "s0-t18", "whiteSpace": false}, {"text": "formats", "begin": 107, "end": 114, "id": "s0-t19", "whiteSpace": false}, {"text": "and", "begin": 115, "end": 118, "id": "s0-t20", "whiteSpace": false}, {"text": "featuring", "begin": 119, "end": 128, "id": "s0-t21", "whiteSpace": false}, {"text": "a", "begin": 129, "end": 130, "id": "s0-t22", "whiteSpace": false}, {"text": "radical", "begin": 131, "end": 138, "id": "s0-t23", "whiteSpace": false}, {"text": "change", "begin": 139, "end": 145, "id": "s0-t24", "whiteSpace": false}, {"text": "of", "begin": 146, "end": 148, "id": "s0-t25", "whiteSpace": false}, {"text": "focus", "begin": 149, "end": 154, "id": "s0-t26", "whiteSpace": false}, {"text": "from", "begin": 155, "end": 159, "id": "s0-t27", "whiteSpace": false}, {"text": "previous", "begin": 160, "end": 168, "id": "s0-t28", "whiteSpace": false}, {"text": "titles", "begin": 169, "end": 175, "id": "s0-t29", "whiteSpace": false}, {"text": ".", "begin": 175, "end": 176, "id": "s0-t30", "whiteSpace": false}], "text": "Ballmer alsoEA plans to publish three separate new Need for Speed games in 2009, each tailored to specific formats and featuring a radical change of focus from previous titles.", "begin": 0, "end": 176, "id": "s0"}, {"tokens": [{"text": "In", "begin": 166, "end": 168, "id": "s1-t0", "whiteSpace": false}, {"text": "previews", "begin": 169, "end": 177, "id": "s1-t1", "whiteSpace": false}, {"text": "with", "begin": 178, "end": 182, "id": "s1-t2", "whiteSpace": false}, {"text": "a", "begin": 183, "end": 184, "id": "s1-t3", "whiteSpace": false}, {"text": "number", "begin": 185, "end": 191, "id": "s1-t4", "whiteSpace": false}, {"text": "of", "begin": 192, "end": 194, "id": "s1-t5", "whiteSpace": false}, {"text": "consumer", "begin": 195, "end": 203, "id": "s1-t6", "whiteSpace": false}, {"text": "websites", "begin": 204, "end": 212, "id": "s1-t7", "whiteSpace": false}, {"text": ",", "begin": 212, "end": 213, "id": "s1-t8", "whiteSpace": false}, {"text": "including", "begin": 214, "end": 223, "id": "s1-t9", "whiteSpace": false}, {"text": "GameSpot", "begin": 224, "end": 232, "id": "s1-t10", "whiteSpace": false}, {"text": "and", "begin": 233, "end": 236, "id": "s1-t11", "whiteSpace": false}, {"text": "Eurogamer", "begin": 237, "end": 246, "id": "s1-t12", "whiteSpace": false}, {"text": ",", "begin": 246, "end": 247, "id": "s1-t13", "whiteSpace": false}, {"text": "EA", "begin": 248, "end": 250, "id": "s1-t14", "whiteSpace": false}, {"text": "revealed", "begin": 251, "end": 259, "id": "s1-t15", "whiteSpace": false}, {"text": "new", "begin": 260, "end": 263, "id": "s1-t16", "whiteSpace": false}, {"text": "title", "begin": 264, "end": 269, "id": "s1-t17", "whiteSpace": false}, {"text": "Need", "begin": 270, "end": 274, "id": "s1-t18", "whiteSpace": false}, {"text": "for", "begin": 275, "end": 278, "id": "s1-t19", "whiteSpace": false}, {"text": "Speed:", "begin": 279, "end": 285, "id": "s1-t20", "whiteSpace": false}, {"text": "Shift", "begin": 286, "end": 291, "id": "s1-t21", "whiteSpace": false}, {"text": "for", "begin": 292, "end": 295, "id": "s1-t22", "whiteSpace": false}, {"text": "the", "begin": 296, "end": 299, "id": "s1-t23", "whiteSpace": false}, {"text": "Xbox", "begin": 300, "end": 304, "id": "s1-t24", "whiteSpace": false}, {"text": "360", "begin": 305, "end": 308, "id": "s1-t25", "whiteSpace": false}, {"text": ",", "begin": 308, "end": 309, "id": "s1-t26", "whiteSpace": false}, {"text": "PlayStation", "begin": 310, "end": 321, "id": "s1-t27", "whiteSpace": false}, {"text": "3", "begin": 322, "end": 323, "id": "s1-t28", "whiteSpace": false}, {"text": ",", "begin": 323, "end": 324, "id": "s1-t29", "whiteSpace": false}, {"text": "PC", "begin": 325, "end": 327, "id": "s1-t30", "whiteSpace": false}, {"text": "and", "begin": 328, "end": 331, "id": "s1-t31", "whiteSpace": false}, {"text": "PSP", "begin": 332, "end": 335, "id": "s1-t32", "whiteSpace": false}, {"text": ".", "begin": 335, "end": 336, "id": "s1-t33", "whiteSpace": false}], "text": "In previews with a number of consumer websites, including GameSpot and Eurogamer, EA revealed new title Need for Speed: Shift for the Xbox 360, PlayStation 3, PC and PSP.", "begin": 166, "end": 336, "id": "s1"}, {"tokens": [{"text": "Intended", "begin": 339, "end": 347, "id": "s2-t0", "whiteSpace": false}, {"text": "to", "begin": 348, "end": 350, "id": "s2-t1", "whiteSpace": false}, {"text": "be", "begin": 351, "end": 353, "id": "s2-t2", "whiteSpace": false}, {"text": "a", "begin": 354, "end": 355, "id": "s2-t3", "whiteSpace": false}, {"text": "much", "begin": 356, "end": 360, "id": "s2-t4", "whiteSpace": false}, {"text": "more", "begin": 361, "end": 365, "id": "s2-t5", "whiteSpace": false}, {"text": "serious", "begin": 366, "end": 373, "id": "s2-t6", "whiteSpace": false}, {"text": "racing", "begin": 374, "end": 380, "id": "s2-t7", "whiteSpace": false}, {"text": "simulation", "begin": 381, "end": 391, "id": "s2-t8", "whiteSpace": false}, {"text": "than", "begin": 392, "end": 396, "id": "s2-t9", "whiteSpace": false}, {"text": "previous", "begin": 397, "end": 405, "id": "s2-t10", "whiteSpace": false}, {"text": "games", "begin": 406, "end": 411, "id": "s2-t11", "whiteSpace": false}, {"text": ",", "begin": 411, "end": 412, "id": "s2-t12", "whiteSpace": false}, {"text": "the", "begin": 413, "end": 416, "id": "s2-t13", "whiteSpace": false}, {"text": "title", "begin": 417, "end": 422, "id": "s2-t14", "whiteSpace": false}, {"text": "is", "begin": 423, "end": 425, "id": "s2-t15", "whiteSpace": false}, {"text": "being", "begin": 426, "end": 431, "id": "s2-t16", "whiteSpace": false}, {"text": "developed", "begin": 432, "end": 441, "id": "s2-t17", "whiteSpace": false}, {"text": "by", "begin": 442, "end": 444, "id": "s2-t18", "whiteSpace": false}, {"text": "a", "begin": 445, "end": 446, "id": "s2-t19", "whiteSpace": false}, {"text": "combination", "begin": 447, "end": 458, "id": "s2-t20", "whiteSpace": false}, {"text": "of", "begin": 459, "end": 461, "id": "s2-t21", "whiteSpace": false}, {"text": "internal", "begin": 462, "end": 470, "id": "s2-t22", "whiteSpace": false}, {"text": "and", "begin": 471, "end": 474, "id": "s2-t23", "whiteSpace": false}, {"text": "external", "begin": 475, "end": 483, "id": "s2-t24", "whiteSpace": false}, {"text": "resources", "begin": 484, "end": 493, "id": "s2-t25", "whiteSpace": false}, {"text": "in", "begin": 494, "end": 496, "id": "s2-t26", "whiteSpace": false}, {"text": "the", "begin": 497, "end": 500, "id": "s2-t27", "whiteSpace": false}, {"text": "UK", "begin": 501, "end": 503, "id": "s2-t28", "whiteSpace": false}, {"text": ".", "begin": 503, "end": 504, "id": "s2-t29", "whiteSpace": false}], "text": "Intended to be a much more serious racing simulation than previous games, the title is being developed by a combination of internal and external resources in the UK.", "begin": 339, "end": 504, "id": "s2"}, {"tokens": [{"text": "The", "begin": 506, "end": 509, "id": "s3-t0", "whiteSpace": false}, {"text": "game", "begin": 510, "end": 514, "id": "s3-t1", "whiteSpace": false}, {"text": "will", "begin": 515, "end": 519, "id": "s3-t2", "whiteSpace": false}, {"text": "be", "begin": 520, "end": 522, "id": "s3-t3", "whiteSpace": false}, {"text": "overseen", "begin": 523, "end": 531, "id": "s3-t4", "whiteSpace": false}, {"text": "by", "begin": 532, "end": 534, "id": "s3-t5", "whiteSpace": false}, {"text": "Black", "begin": 535, "end": 540, "id": "s3-t6", "whiteSpace": false}, {"text": "Box", "begin": 541, "end": 544, "id": "s3-t7", "whiteSpace": false}, {"text": "executive", "begin": 545, "end": 554, "id": "s3-t8", "whiteSpace": false}, {"text": "producer", "begin": 555, "end": 563, "id": "s3-t9", "whiteSpace": false}, {"text": "Michael", "begin": 564, "end": 571, "id": "s3-t10", "whiteSpace": false}, {"text": "Mann", "begin": 572, "end": 576, "id": "s3-t11", "whiteSpace": false}, {"text": ",", "begin": 576, "end": 577, "id": "s3-t12", "whiteSpace": false}, {"text": "as", "begin": 578, "end": 580, "id": "s3-t13", "whiteSpace": false}, {"text": "well", "begin": 581, "end": 585, "id": "s3-t14", "whiteSpace": false}, {"text": "as", "begin": 586, "end": 588, "id": "s3-t15", "whiteSpace": false}, {"text": "EA", "begin": 589, "end": 591, "id": "s3-t16", "whiteSpace": false}, {"text": "Games", "begin": 592, "end": 597, "id": "s3-t17", "whiteSpace": false}, {"text": "Europe", "begin": 598, "end": 604, "id": "s3-t18", "whiteSpace": false}, {"text": "head", "begin": 605, "end": 609, "id": "s3-t19", "whiteSpace": false}, {"text": ",", "begin": 609, "end": 610, "id": "s3-t20", "whiteSpace": false}, {"text": "and", "begin": 611, "end": 614, "id": "s3-t21", "whiteSpace": false}, {"text": "Digital", "begin": 615, "end": 622, "id": "s3-t22", "whiteSpace": false}, {"text": "Illusions", "begin": 623, "end": 632, "id": "s3-t23", "whiteSpace": false}, {"text": "CE", "begin": 633, "end": 635, "id": "s3-t24", "whiteSpace": false}, {"text": "(DICE)", "begin": 636, "end": 642, "id": "s3-t25", "whiteSpace": false}, {"text": "co", "begin": 643, "end": 645, "id": "s3-t26", "whiteSpace": false}, {"text": "-", "begin": 645, "end": 646, "id": "s3-t27", "whiteSpace": false}, {"text": "founder", "begin": 646, "end": 653, "id": "s3-t28", "whiteSpace": false}, {"text": ",", "begin": 653, "end": 654, "id": "s3-t29", "whiteSpace": false}, {"text": "Patrick", "begin": 655, "end": 662, "id": "s3-t30", "whiteSpace": false}, {"text": "Soderlund", "begin": 663, "end": 672, "id": "s3-t31", "whiteSpace": false}, {"text": ".", "begin": 672, "end": 673, "id": "s3-t32", "whiteSpace": false}], "text": "The game will be overseen by Black Box executive producer Michael Mann, as well as EA Games Europe head, and Digital Illusions CE (DICE) co-founder, Patrick Soderlund.", "begin": 506, "end": 673, "id": "s3"}, {"tokens": [{"text": "Development", "begin": 674, "end": 685, "id": "s4-t0", "whiteSpace": false}, {"text": "work", "begin": 686, "end": 690, "id": "s4-t1", "whiteSpace": false}, {"text": "will", "begin": 691, "end": 695, "id": "s4-t2", "whiteSpace": false}, {"text": "be", "begin": 696, "end": 698, "id": "s4-t3", "whiteSpace": false}, {"text": "carried", "begin": 699, "end": 706, "id": "s4-t4", "whiteSpace": false}, {"text": "out", "begin": 707, "end": 710, "id": "s4-t5", "whiteSpace": false}, {"text": "by", "begin": 711, "end": 713, "id": "s4-t6", "whiteSpace": false}, {"text": "new", "begin": 714, "end": 717, "id": "s4-t7", "whiteSpace": false}, {"text": "British", "begin": 718, "end": 725, "id": "s4-t8", "whiteSpace": false}, {"text": "studio", "begin": 726, "end": 732, "id": "s4-t9", "whiteSpace": false}, {"text": "Slightly", "begin": 733, "end": 741, "id": "s4-t10", "whiteSpace": false}, {"text": "Mad", "begin": 742, "end": 745, "id": "s4-t11", "whiteSpace": false}, {"text": "Studios", "begin": 746, "end": 753, "id": "s4-t12", "whiteSpace": false}, {"text": ".", "begin": 753, "end": 754, "id": "s4-t13", "whiteSpace": false}], "text": "Development work will be carried out by new British studio Slightly Mad Studios.", "begin": 674, "end": 754, "id": "s4"}, {"tokens": [{"text": "The", "begin": 755, "end": 758, "id": "s5-t0", "whiteSpace": false}, {"text": "London", "begin": 759, "end": 765, "id": "s5-t1", "whiteSpace": false}, {"text": "-", "begin": 765, "end": 766, "id": "s5-t2", "whiteSpace": false}, {"text": "based", "begin": 766, "end": 771, "id": "s5-t3", "whiteSpace": false}, {"text": "firm", "begin": 772, "end": 776, "id": "s5-t4", "whiteSpace": false}, {"text": "is", "begin": 777, "end": 779, "id": "s5-t5", "whiteSpace": false}, {"text": "led", "begin": 780, "end": 783, "id": "s5-t6", "whiteSpace": false}, {"text": "by", "begin": 784, "end": 786, "id": "s5-t7", "whiteSpace": false}, {"text": "SimBin", "begin": 787, "end": 793, "id": "s5-t8", "whiteSpace": false}, {"text": "co", "begin": 794, "end": 796, "id": "s5-t9", "whiteSpace": false}, {"text": "-", "begin": 796, "end": 797, "id": "s5-t10", "whiteSpace": false}, {"text": "founder", "begin": 797, "end": 804, "id": "s5-t11", "whiteSpace": false}, {"text": "Ian", "begin": 805, "end": 808, "id": "s5-t12", "whiteSpace": false}, {"text": "Bell", "begin": 809, "end": 813, "id": "s5-t13", "whiteSpace": false}, {"text": ",", "begin": 813, "end": 814, "id": "s5-t14", "whiteSpace": false}, {"text": "who", "begin": 815, "end": 818, "id": "s5-t15", "whiteSpace": false}, {"text": "worked", "begin": 819, "end": 825, "id": "s5-t16", "whiteSpace": false}, {"text": "on", "begin": 826, "end": 828, "id": "s5-t17", "whiteSpace": false}, {"text": "titles", "begin": 829, "end": 835, "id": "s5-t18", "whiteSpace": false}, {"text": "such", "begin": 836, "end": 840, "id": "s5-t19", "whiteSpace": false}, {"text": "as", "begin": 841, "end": 843, "id": "s5-t20", "whiteSpace": false}, {"text": "GT", "begin": 844, "end": 846, "id": "s5-t21", "whiteSpace": false}, {"text": "Legends", "begin": 847, "end": 854, "id": "s5-t22", "whiteSpace": false}, {"text": "and", "begin": 855, "end": 858, "id": "s5-t23", "whiteSpace": false}, {"text": "GTR", "begin": 859, "end": 862, "id": "s5-t24", "whiteSpace": false}, {"text": "2", "begin": 863, "end": 864, "id": "s5-t25", "whiteSpace": false}, {"text": ".", "begin": 864, "end": 865, "id": "s5-t26", "whiteSpace": false}], "text": "The London-based firm is led by SimBin co-founder Ian Bell, who worked on titles such as GT Legends and GTR 2.", "begin": 755, "end": 865, "id": "s5"}, {"tokens": [{"text": "The", "begin": 867, "end": 870, "id": "s6-t0", "whiteSpace": false}, {"text": "second", "begin": 871, "end": 877, "id": "s6-t1", "whiteSpace": false}, {"text": "game", "begin": 878, "end": 882, "id": "s6-t2", "whiteSpace": false}, {"text": "is", "begin": 883, "end": 885, "id": "s6-t3", "whiteSpace": false}, {"text": "currently", "begin": 886, "end": 895, "id": "s6-t4", "whiteSpace": false}, {"text": "known", "begin": 896, "end": 901, "id": "s6-t5", "whiteSpace": false}, {"text": "as", "begin": 902, "end": 904, "id": "s6-t6", "whiteSpace": false}, {"text": "Need", "begin": 905, "end": 909, "id": "s6-t7", "whiteSpace": false}, {"text": "for", "begin": 910, "end": 913, "id": "s6-t8", "whiteSpace": false}, {"text": "Speed:", "begin": 914, "end": 920, "id": "s6-t9", "whiteSpace": false}, {"text": "Nitro", "begin": 921, "end": 926, "id": "s6-t10", "whiteSpace": false}, {"text": "and", "begin": 927, "end": 930, "id": "s6-t11", "whiteSpace": false}, {"text": "will", "begin": 931, "end": 935, "id": "s6-t12", "whiteSpace": false}, {"text": "be", "begin": 936, "end": 938, "id": "s6-t13", "whiteSpace": false}, {"text": "released", "begin": 939, "end": 947, "id": "s6-t14", "whiteSpace": false}, {"text": "exclusively", "begin": 948, "end": 959, "id": "s6-t15", "whiteSpace": false}, {"text": "for", "begin": 960, "end": 963, "id": "s6-t16", "whiteSpace": false}, {"text": "the", "begin": 964, "end": 967, "id": "s6-t17", "whiteSpace": false}, {"text": "Wii", "begin": 968, "end": 971, "id": "s6-t18", "whiteSpace": false}, {"text": "and", "begin": 972, "end": 975, "id": "s6-t19", "whiteSpace": false}, {"text": "Nintendo", "begin": 976, "end": 984, "id": "s6-t20", "whiteSpace": false}, {"text": "DS", "begin": 985, "end": 987, "id": "s6-t21", "whiteSpace": false}, {"text": ".", "begin": 987, "end": 988, "id": "s6-t22", "whiteSpace": false}], "text": "The second game is currently known as Need for Speed: Nitro and will be released exclusively for the Wii and Nintendo DS.", "begin": 867, "end": 988, "id": "s6"}, {"tokens": [{"text": "Developed", "begin": 989, "end": 998, "id": "s7-t0", "whiteSpace": false}, {"text": "by", "begin": 999, "end": 1001, "id": "s7-t1", "whiteSpace": false}, {"text": "EA", "begin": 1002, "end": 1004, "id": "s7-t2", "whiteSpace": false}, {"text": "Montreal", "begin": 1005, "end": 1013, "id": "s7-t3", "whiteSpace": false}, {"text": ",", "begin": 1013, "end": 1014, "id": "s7-t4", "whiteSpace": false}, {"text": "the", "begin": 1015, "end": 1018, "id": "s7-t5", "whiteSpace": false}, {"text": "game", "begin": 1019, "end": 1023, "id": "s7-t6", "whiteSpace": false}, {"text": "is", "begin": 1024, "end": 1026, "id": "s7-t7", "whiteSpace": false}, {"text": "described", "begin": 1027, "end": 1036, "id": "s7-t8", "whiteSpace": false}, {"text": "as", "begin": 1037, "end": 1039, "id": "s7-t9", "whiteSpace": false}, {"text": "having", "begin": 1040, "end": 1046, "id": "s7-t10", "whiteSpace": false}, {"text": "a", "begin": 1047, "end": 1048, "id": "s7-t11", "whiteSpace": false}, {"text": "unique", "begin": 1049, "end": 1055, "id": "s7-t12", "whiteSpace": false}, {"text": "visual", "begin": 1056, "end": 1062, "id": "s7-t13", "whiteSpace": false}, {"text": "style", "begin": 1063, "end": 1068, "id": "s7-t14", "whiteSpace": false}, {"text": "but", "begin": 1069, "end": 1072, "id": "s7-t15", "whiteSpace": false}, {"text": "no", "begin": 1073, "end": 1075, "id": "s7-t16", "whiteSpace": false}, {"text": "screenshots", "begin": 1076, "end": 1087, "id": "s7-t17", "whiteSpace": false}, {"text": "have", "begin": 1088, "end": 1092, "id": "s7-t18", "whiteSpace": false}, {"text": "yet", "begin": 1093, "end": 1096, "id": "s7-t19", "whiteSpace": false}, {"text": "been", "begin": 1097, "end": 1101, "id": "s7-t20", "whiteSpace": false}, {"text": "released", "begin": 1102, "end": 1110, "id": "s7-t21", "whiteSpace": false}, {"text": ".", "begin": 1110, "end": 1111, "id": "s7-t22", "whiteSpace": false}], "text": "Developed by EA Montreal, the game is described as having a unique visual style but no screenshots have yet been released.", "begin": 989, "end": 1111, "id": "s7"}, {"tokens": [{"text": "The", "begin": 1113, "end": 1116, "id": "s8-t0", "whiteSpace": false}, {"text": "final", "begin": 1117, "end": 1122, "id": "s8-t1", "whiteSpace": false}, {"text": "game", "begin": 1123, "end": 1127, "id": "s8-t2", "whiteSpace": false}, {"text": "is", "begin": 1128, "end": 1130, "id": "s8-t3", "whiteSpace": false}, {"text": "online", "begin": 1131, "end": 1137, "id": "s8-t4", "whiteSpace": false}, {"text": "PC", "begin": 1138, "end": 1140, "id": "s8-t5", "whiteSpace": false}, {"text": "title", "begin": 1141, "end": 1146, "id": "s8-t6", "whiteSpace": false}, {"text": "Need", "begin": 1147, "end": 1151, "id": "s8-t7", "whiteSpace": false}, {"text": "for", "begin": 1152, "end": 1155, "id": "s8-t8", "whiteSpace": false}, {"text": "Speed:", "begin": 1156, "end": 1162, "id": "s8-t9", "whiteSpace": false}, {"text": "World", "begin": 1163, "end": 1168, "id": "s8-t10", "whiteSpace": false}, {"text": "Online", "begin": 1169, "end": 1175, "id": "s8-t11", "whiteSpace": false}, {"text": ",", "begin": 1175, "end": 1176, "id": "s8-t12", "whiteSpace": false}, {"text": "a", "begin": 1177, "end": 1178, "id": "s8-t13", "whiteSpace": false}, {"text": "free", "begin": 1179, "end": 1183, "id": "s8-t14", "whiteSpace": false}, {"text": "-", "begin": 1183, "end": 1184, "id": "s8-t15", "whiteSpace": false}, {"text": "to", "begin": 1184, "end": 1186, "id": "s8-t16", "whiteSpace": false}, {"text": "-", "begin": 1186, "end": 1187, "id": "s8-t17", "whiteSpace": false}, {"text": "play", "begin": 1187, "end": 1191, "id": "s8-t18", "whiteSpace": false}, {"text": "title", "begin": 1192, "end": 1197, "id": "s8-t19", "whiteSpace": false}], "text": "The final game is online PC title Need for Speed: World Online, a free-to-play title developed", "begin": 1113, "end": 1207, "id": "s8"}], "mentions": [], "id": "44fb68b0-4429-11e7-9888-9883892c7164-10", "name": "Technology - gamasutra.com"}