{"relations": [], "userResolved": false, "corefs": [], "language": "EN", "text": "Nikkei Asia Prizes Awarded To 3 IndividualsTOKYO (Nikkei)--Nikkei Asia Prizes were awarded at a Tokyo hotel Wednesday, recognizing superb achievements by the three winners.\r\rThe awards, launched by Nikkei Inc. in 1996, honor people and groups in Asia that have made significant contributions to culture, technology and economic growth in the region.", "docLength": 0, "typeResolved": true, "documentSet": [], "preannotation": [], "version": 3, "modifiedDate": 1496065369973, "sentences": [{"tokens": [{"text": "Nikkei", "begin": 0, "end": 6, "id": "s0-t0", "whiteSpace": false}, {"text": "Asia", "begin": 7, "end": 11, "id": "s0-t1", "whiteSpace": false}, {"text": "Prizes", "begin": 12, "end": 18, "id": "s0-t2", "whiteSpace": false}, {"text": "Awarded", "begin": 19, "end": 26, "id": "s0-t3", "whiteSpace": false}, {"text": "To", "begin": 27, "end": 29, "id": "s0-t4", "whiteSpace": false}, {"text": "3", "begin": 30, "end": 31, "id": "s0-t5", "whiteSpace": false}, {"text": "IndividualsTOKYO", "begin": 32, "end": 48, "id": "s0-t6", "whiteSpace": false}, {"text": "(Nikkei)", "begin": 49, "end": 57, "id": "s0-t7", "whiteSpace": false}, {"text": "-", "begin": 57, "end": 58, "id": "s0-t8", "whiteSpace": false}, {"text": "-", "begin": 58, "end": 59, "id": "s0-t9", "whiteSpace": false}, {"text": "Nikkei", "begin": 59, "end": 65, "id": "s0-t10", "whiteSpace": false}, {"text": "Asia", "begin": 66, "end": 70, "id": "s0-t11", "whiteSpace": false}, {"text": "Prizes", "begin": 71, "end": 77, "id": "s0-t12", "whiteSpace": false}, {"text": "were", "begin": 78, "end": 82, "id": "s0-t13", "whiteSpace": false}, {"text": "awarded", "begin": 83, "end": 90, "id": "s0-t14", "whiteSpace": false}, {"text": "at", "begin": 91, "end": 93, "id": "s0-t15", "whiteSpace": false}, {"text": "a", "begin": 94, "end": 95, "id": "s0-t16", "whiteSpace": false}, {"text": "Tokyo", "begin": 96, "end": 101, "id": "s0-t17", "whiteSpace": false}, {"text": "hotel", "begin": 102, "end": 107, "id": "s0-t18", "whiteSpace": false}, {"text": "Wednesday", "begin": 108, "end": 117, "id": "s0-t19", "whiteSpace": false}, {"text": ",", "begin": 117, "end": 118, "id": "s0-t20", "whiteSpace": false}, {"text": "recognizing", "begin": 119, "end": 130, "id": "s0-t21", "whiteSpace": false}, {"text": "superb", "begin": 131, "end": 137, "id": "s0-t22", "whiteSpace": false}, {"text": "achievements", "begin": 138, "end": 150, "id": "s0-t23", "whiteSpace": false}, {"text": "by", "begin": 151, "end": 153, "id": "s0-t24", "whiteSpace": false}, {"text": "the", "begin": 154, "end": 157, "id": "s0-t25", "whiteSpace": false}, {"text": "three", "begin": 158, "end": 163, "id": "s0-t26", "whiteSpace": false}, {"text": "winners", "begin": 164, "end": 171, "id": "s0-t27", "whiteSpace": false}, {"text": ".", "begin": 171, "end": 172, "id": "s0-t28", "whiteSpace": false}], "text": "Nikkei Asia Prizes Awarded To 3 IndividualsTOKYO (Nikkei)--Nikkei Asia Prizes were awarded at a Tokyo hotel Wednesday, recognizing superb achievements by the three winners.", "begin": 0, "end": 172, "id": "s0"}, {"tokens": [{"text": "The", "begin": 174, "end": 177, "id": "s1-t0", "whiteSpace": false}, {"text": "awards", "begin": 178, "end": 184, "id": "s1-t1", "whiteSpace": false}, {"text": ",", "begin": 184, "end": 185, "id": "s1-t2", "whiteSpace": false}, {"text": "launched", "begin": 186, "end": 194, "id": "s1-t3", "whiteSpace": false}, {"text": "by", "begin": 195, "end": 197, "id": "s1-t4", "whiteSpace": false}, {"text": "Nikkei", "begin": 198, "end": 204, "id": "s1-t5", "whiteSpace": false}, {"text": "Inc", "begin": 205, "end": 208, "id": "s1-t6", "whiteSpace": false}, {"text": ".", "begin": 208, "end": 209, "id": "s1-t7", "whiteSpace": false}], "text": "The awards, launched by Nikkei Inc.", "begin": 174, "end": 209, "id": "s1"}, {"tokens": [{"text": "in", "begin": 210, "end": 212, "id": "s2-t0", "whiteSpace": false}, {"text": "1996", "begin": 213, "end": 217, "id": "s2-t1", "whiteSpace": false}, {"text": ",", "begin": 217, "end": 218, "id": "s2-t2", "whiteSpace": false}, {"text": "honor", "begin": 219, "end": 224, "id": "s2-t3", "whiteSpace": false}, {"text": "people", "begin": 225, "end": 231, "id": "s2-t4", "whiteSpace": false}, {"text": "and", "begin": 232, "end": 235, "id": "s2-t5", "whiteSpace": false}, {"text": "groups", "begin": 236, "end": 242, "id": "s2-t6", "whiteSpace": false}, {"text": "in", "begin": 243, "end": 245, "id": "s2-t7", "whiteSpace": false}, {"text": "Asia", "begin": 246, "end": 250, "id": "s2-t8", "whiteSpace": false}, {"text": "that", "begin": 251, "end": 255, "id": "s2-t9", "whiteSpace": false}, {"text": "have", "begin": 256, "end": 260, "id": "s2-t10", "whiteSpace": false}, {"text": "made", "begin": 261, "end": 265, "id": "s2-t11", "whiteSpace": false}, {"text": "significant", "begin": 266, "end": 277, "id": "s2-t12", "whiteSpace": false}, {"text": "contributions", "begin": 278, "end": 291, "id": "s2-t13", "whiteSpace": false}, {"text": "to", "begin": 292, "end": 294, "id": "s2-t14", "whiteSpace": false}, {"text": "culture", "begin": 295, "end": 302, "id": "s2-t15", "whiteSpace": false}, {"text": ",", "begin": 302, "end": 303, "id": "s2-t16", "whiteSpace": false}, {"text": "technology", "begin": 304, "end": 314, "id": "s2-t17", "whiteSpace": false}, {"text": "and", "begin": 315, "end": 318, "id": "s2-t18", "whiteSpace": false}, {"text": "economic", "begin": 319, "end": 327, "id": "s2-t19", "whiteSpace": false}, {"text": "growth", "begin": 328, "end": 334, "id": "s2-t20", "whiteSpace": false}, {"text": "in", "begin": 335, "end": 337, "id": "s2-t21", "whiteSpace": false}, {"text": "the", "begin": 338, "end": 341, "id": "s2-t22", "whiteSpace": false}, {"text": "region", "begin": 342, "end": 348, "id": "s2-t23", "whiteSpace": false}, {"text": ".", "begin": 348, "end": 349, "id": "s2-t24", "whiteSpace": false}], "text": "in 1996, honor people and groups in Asia that have made significant contributions to culture, technology and economic growth in the region.", "begin": 210, "end": 349, "id": "s2"}], "mentions": [], "id": "44fb68b0-4429-11e7-9888-9883892c7164-7", "name": "Technology - e.nikkei.com"}