{"relations": [], "userResolved": false, "corefs": [], "language": "EN", "text": "Tokyo, April 19 (CNA) National Taiwan University Professor Chen Ding-shinn was awarded the Nikkei Asia Prize in the science and technology category in Tokyo on Wednesday.\r\rNihon Keizai Shimbun President Tsuneo Kita presented the awards to Chen and two other winners of different categories at a ceremony held at the Tokyo Emperor Hotel.", "docLength": 0, "typeResolved": true, "documentSet": [], "preannotation": [], "version": 3, "modifiedDate": 1496065369973, "sentences": [{"tokens": [{"text": "Tokyo", "begin": 0, "end": 5, "id": "s0-t0", "whiteSpace": false}, {"text": ",", "begin": 5, "end": 6, "id": "s0-t1", "whiteSpace": false}, {"text": "April", "begin": 7, "end": 12, "id": "s0-t2", "whiteSpace": false}, {"text": "19", "begin": 13, "end": 15, "id": "s0-t3", "whiteSpace": false}, {"text": "(CNA)", "begin": 16, "end": 21, "id": "s0-t4", "whiteSpace": false}, {"text": "National", "begin": 22, "end": 30, "id": "s0-t5", "whiteSpace": false}, {"text": "Taiwan", "begin": 31, "end": 37, "id": "s0-t6", "whiteSpace": false}, {"text": "University", "begin": 38, "end": 48, "id": "s0-t7", "whiteSpace": false}, {"text": "Professor", "begin": 49, "end": 58, "id": "s0-t8", "whiteSpace": false}, {"text": "Chen", "begin": 59, "end": 63, "id": "s0-t9", "whiteSpace": false}, {"text": "Ding", "begin": 64, "end": 68, "id": "s0-t10", "whiteSpace": false}, {"text": "-", "begin": 68, "end": 69, "id": "s0-t11", "whiteSpace": false}, {"text": "shinn", "begin": 69, "end": 74, "id": "s0-t12", "whiteSpace": false}, {"text": "was", "begin": 75, "end": 78, "id": "s0-t13", "whiteSpace": false}, {"text": "awarded", "begin": 79, "end": 86, "id": "s0-t14", "whiteSpace": false}, {"text": "the", "begin": 87, "end": 90, "id": "s0-t15", "whiteSpace": false}, {"text": "Nikkei", "begin": 91, "end": 97, "id": "s0-t16", "whiteSpace": false}, {"text": "Asia", "begin": 98, "end": 102, "id": "s0-t17", "whiteSpace": false}, {"text": "Prize", "begin": 103, "end": 108, "id": "s0-t18", "whiteSpace": false}, {"text": "in", "begin": 109, "end": 111, "id": "s0-t19", "whiteSpace": false}, {"text": "the", "begin": 112, "end": 115, "id": "s0-t20", "whiteSpace": false}, {"text": "science", "begin": 116, "end": 123, "id": "s0-t21", "whiteSpace": false}, {"text": "and", "begin": 124, "end": 127, "id": "s0-t22", "whiteSpace": false}, {"text": "technology", "begin": 128, "end": 138, "id": "s0-t23", "whiteSpace": false}, {"text": "category", "begin": 139, "end": 147, "id": "s0-t24", "whiteSpace": false}, {"text": "in", "begin": 148, "end": 150, "id": "s0-t25", "whiteSpace": false}, {"text": "Tokyo", "begin": 151, "end": 156, "id": "s0-t26", "whiteSpace": false}, {"text": "on", "begin": 157, "end": 159, "id": "s0-t27", "whiteSpace": false}, {"text": "Wednesday", "begin": 160, "end": 169, "id": "s0-t28", "whiteSpace": false}, {"text": ".", "begin": 169, "end": 170, "id": "s0-t29", "whiteSpace": false}], "text": "Tokyo, April 19 (CNA) National Taiwan University Professor Chen Ding-shinn was awarded the Nikkei Asia Prize in the science and technology category in Tokyo on Wednesday.", "begin": 0, "end": 170, "id": "s0"}, {"tokens": [{"text": "Nihon", "begin": 172, "end": 177, "id": "s1-t0", "whiteSpace": false}, {"text": "Keizai", "begin": 178, "end": 184, "id": "s1-t1", "whiteSpace": false}, {"text": "Shimbun", "begin": 185, "end": 192, "id": "s1-t2", "whiteSpace": false}, {"text": "President", "begin": 193, "end": 202, "id": "s1-t3", "whiteSpace": false}, {"text": "Tsuneo", "begin": 203, "end": 209, "id": "s1-t4", "whiteSpace": false}, {"text": "Kita", "begin": 210, "end": 214, "id": "s1-t5", "whiteSpace": false}, {"text": "presented", "begin": 215, "end": 224, "id": "s1-t6", "whiteSpace": false}, {"text": "the", "begin": 225, "end": 228, "id": "s1-t7", "whiteSpace": false}, {"text": "awards", "begin": 229, "end": 235, "id": "s1-t8", "whiteSpace": false}, {"text": "to", "begin": 236, "end": 238, "id": "s1-t9", "whiteSpace": false}, {"text": "Chen", "begin": 239, "end": 243, "id": "s1-t10", "whiteSpace": false}, {"text": "and", "begin": 244, "end": 247, "id": "s1-t11", "whiteSpace": false}, {"text": "two", "begin": 248, "end": 251, "id": "s1-t12", "whiteSpace": false}, {"text": "other", "begin": 252, "end": 257, "id": "s1-t13", "whiteSpace": false}, {"text": "winners", "begin": 258, "end": 265, "id": "s1-t14", "whiteSpace": false}, {"text": "of", "begin": 266, "end": 268, "id": "s1-t15", "whiteSpace": false}, {"text": "different", "begin": 269, "end": 278, "id": "s1-t16", "whiteSpace": false}, {"text": "categories", "begin": 279, "end": 289, "id": "s1-t17", "whiteSpace": false}, {"text": "at", "begin": 290, "end": 292, "id": "s1-t18", "whiteSpace": false}, {"text": "a", "begin": 293, "end": 294, "id": "s1-t19", "whiteSpace": false}, {"text": "ceremony", "begin": 295, "end": 303, "id": "s1-t20", "whiteSpace": false}, {"text": "held", "begin": 304, "end": 308, "id": "s1-t21", "whiteSpace": false}, {"text": "at", "begin": 309, "end": 311, "id": "s1-t22", "whiteSpace": false}, {"text": "the", "begin": 312, "end": 315, "id": "s1-t23", "whiteSpace": false}, {"text": "Tokyo", "begin": 316, "end": 321, "id": "s1-t24", "whiteSpace": false}, {"text": "Emperor", "begin": 322, "end": 329, "id": "s1-t25", "whiteSpace": false}, {"text": "Hotel", "begin": 330, "end": 335, "id": "s1-t26", "whiteSpace": false}, {"text": ".", "begin": 335, "end": 336, "id": "s1-t27", "whiteSpace": false}], "text": "Nihon Keizai Shimbun President Tsuneo Kita presented the awards to Chen and two other winners of different categories at a ceremony held at the Tokyo Emperor Hotel.", "begin": 172, "end": 336, "id": "s1"}], "mentions": [], "id": "44fb68b0-4429-11e7-9888-9883892c7164-8", "name": "Technology - focustaiwan.tw"}