{"relations": [], "userResolved": false, "corefs": [], "language": "EN", "text": "Vekiarides was previously general manager of HP's storage virtualization business, and most recently vice president of product strategy and technology at Incipient, where he worked on a storage virtualization technology embedded in the Cisco switch fabric. Vekiarides founded TwinStrata with CTO John Bates, who was previously a distinguished technologist with HP's storage division and an executive at Incipient.", "docLength": 0, "typeResolved": true, "documentSet": [], "preannotation": [], "version": 3, "modifiedDate": 1494773253201, "sentences": [{"tokens": [{"text": "Vekiarides", "begin": 0, "end": 10, "id": "s0-t0", "whiteSpace": false}, {"text": "was", "begin": 11, "end": 14, "id": "s0-t1", "whiteSpace": false}, {"text": "previously", "begin": 15, "end": 25, "id": "s0-t2", "whiteSpace": false}, {"text": "general", "begin": 26, "end": 33, "id": "s0-t3", "whiteSpace": false}, {"text": "manager", "begin": 34, "end": 41, "id": "s0-t4", "whiteSpace": false}, {"text": "of", "begin": 42, "end": 44, "id": "s0-t5", "whiteSpace": false}, {"text": "HP", "begin": 45, "end": 47, "id": "s0-t6", "whiteSpace": false}, {"text": "'s", "begin": 47, "end": 49, "id": "s0-t7", "whiteSpace": false}, {"text": "storage", "begin": 50, "end": 57, "id": "s0-t8", "whiteSpace": false}, {"text": "virtualization", "begin": 58, "end": 72, "id": "s0-t9", "whiteSpace": false}, {"text": "business", "begin": 73, "end": 81, "id": "s0-t10", "whiteSpace": false}, {"text": ",", "begin": 81, "end": 82, "id": "s0-t11", "whiteSpace": false}, {"text": "and", "begin": 83, "end": 86, "id": "s0-t12", "whiteSpace": false}, {"text": "most", "begin": 87, "end": 91, "id": "s0-t13", "whiteSpace": false}, {"text": "recently", "begin": 92, "end": 100, "id": "s0-t14", "whiteSpace": false}, {"text": "vice", "begin": 101, "end": 105, "id": "s0-t15", "whiteSpace": false}, {"text": "president", "begin": 106, "end": 115, "id": "s0-t16", "whiteSpace": false}, {"text": "of", "begin": 116, "end": 118, "id": "s0-t17", "whiteSpace": false}, {"text": "product", "begin": 119, "end": 126, "id": "s0-t18", "whiteSpace": false}, {"text": "strategy", "begin": 127, "end": 135, "id": "s0-t19", "whiteSpace": false}, {"text": "and", "begin": 136, "end": 139, "id": "s0-t20", "whiteSpace": false}, {"text": "technology", "begin": 140, "end": 150, "id": "s0-t21", "whiteSpace": false}, {"text": "at", "begin": 151, "end": 153, "id": "s0-t22", "whiteSpace": false}, {"text": "Incipient", "begin": 154, "end": 163, "id": "s0-t23", "whiteSpace": false}, {"text": ",", "begin": 163, "end": 164, "id": "s0-t24", "whiteSpace": false}, {"text": "where", "begin": 165, "end": 170, "id": "s0-t25", "whiteSpace": false}, {"text": "he", "begin": 171, "end": 173, "id": "s0-t26", "whiteSpace": false}, {"text": "worked", "begin": 174, "end": 180, "id": "s0-t27", "whiteSpace": false}, {"text": "on", "begin": 181, "end": 183, "id": "s0-t28", "whiteSpace": false}, {"text": "a", "begin": 184, "end": 185, "id": "s0-t29", "whiteSpace": false}, {"text": "storage", "begin": 186, "end": 193, "id": "s0-t30", "whiteSpace": false}, {"text": "virtualization", "begin": 194, "end": 208, "id": "s0-t31", "whiteSpace": false}, {"text": "technology", "begin": 209, "end": 219, "id": "s0-t32", "whiteSpace": false}, {"text": "embedded", "begin": 220, "end": 228, "id": "s0-t33", "whiteSpace": false}, {"text": "in", "begin": 229, "end": 231, "id": "s0-t34", "whiteSpace": false}, {"text": "the", "begin": 232, "end": 235, "id": "s0-t35", "whiteSpace": false}, {"text": "Cisco", "begin": 236, "end": 241, "id": "s0-t36", "whiteSpace": false}, {"text": "switch", "begin": 242, "end": 248, "id": "s0-t37", "whiteSpace": false}, {"text": "fabric", "begin": 249, "end": 255, "id": "s0-t38", "whiteSpace": false}, {"text": ".", "begin": 255, "end": 256, "id": "s0-t39", "whiteSpace": false}], "text": "Vekiarides was previously general manager of HP's storage virtualization business, and most recently vice president of product strategy and technology at Incipient, where he worked on a storage virtualization technology embedded in the Cisco switch fabric.", "begin": 0, "end": 256, "id": "s0"}, {"tokens": [{"text": "Vekiarides", "begin": 257, "end": 267, "id": "s1-t0", "whiteSpace": false}, {"text": "founded", "begin": 268, "end": 275, "id": "s1-t1", "whiteSpace": false}, {"text": "TwinStrata", "begin": 276, "end": 286, "id": "s1-t2", "whiteSpace": false}, {"text": "with", "begin": 287, "end": 291, "id": "s1-t3", "whiteSpace": false}, {"text": "CTO", "begin": 292, "end": 295, "id": "s1-t4", "whiteSpace": false}, {"text": "John", "begin": 296, "end": 300, "id": "s1-t5", "whiteSpace": false}, {"text": "Bates", "begin": 301, "end": 306, "id": "s1-t6", "whiteSpace": false}, {"text": ",", "begin": 306, "end": 307, "id": "s1-t7", "whiteSpace": false}, {"text": "who", "begin": 308, "end": 311, "id": "s1-t8", "whiteSpace": false}, {"text": "was", "begin": 312, "end": 315, "id": "s1-t9", "whiteSpace": false}, {"text": "previously", "begin": 316, "end": 326, "id": "s1-t10", "whiteSpace": false}, {"text": "a", "begin": 327, "end": 328, "id": "s1-t11", "whiteSpace": false}, {"text": "distinguished", "begin": 329, "end": 342, "id": "s1-t12", "whiteSpace": false}, {"text": "technologist", "begin": 343, "end": 355, "id": "s1-t13", "whiteSpace": false}, {"text": "with", "begin": 356, "end": 360, "id": "s1-t14", "whiteSpace": false}, {"text": "HP", "begin": 361, "end": 363, "id": "s1-t15", "whiteSpace": false}, {"text": "'s", "begin": 363, "end": 365, "id": "s1-t16", "whiteSpace": false}, {"text": "storage", "begin": 366, "end": 373, "id": "s1-t17", "whiteSpace": false}, {"text": "division", "begin": 374, "end": 382, "id": "s1-t18", "whiteSpace": false}, {"text": "and", "begin": 383, "end": 386, "id": "s1-t19", "whiteSpace": false}, {"text": "an", "begin": 387, "end": 389, "id": "s1-t20", "whiteSpace": false}, {"text": "executive", "begin": 390, "end": 399, "id": "s1-t21", "whiteSpace": false}, {"text": "at", "begin": 400, "end": 402, "id": "s1-t22", "whiteSpace": false}, {"text": "Incipient", "begin": 403, "end": 412, "id": "s1-t23", "whiteSpace": false}, {"text": ".", "begin": 412, "end": 413, "id": "s1-t24", "whiteSpace": false}], "text": "Vekiarides founded TwinStrata with CTO John Bates, who was previously a distinguished technologist with HP's storage division and an executive at Incipient.", "begin": 257, "end": 413, "id": "s1"}], "mentions": [{"begin": 0, "end": 10, "inCoref": false, "properties": {"SIRE_ENTITY_SUBTYPE": "NONE", "SIRE_MENTION_TYPE": "NONE", "SIRE_MENTION_CLASS": "NONE", "SIRE_MENTION_ROLE": "NONE"}, "type": "WEB", "id": "s0-m1"}, {"begin": 92, "end": 100, "inCoref": false, "properties": {"SIRE_ENTITY_SUBTYPE": "NONE", "SIRE_MENTION_TYPE": "NONE", "SIRE_MENTION_CLASS": "NONE", "SIRE_MENTION_ROLE": "NONE"}, "type": "EVENT_SPORTS", "id": "s0-m2"}, {"begin": 106, "end": 115, "inCoref": false, "properties": {"SIRE_ENTITY_SUBTYPE": "NONE", "SIRE_MENTION_TYPE": "NONE", "SIRE_MENTION_CLASS": "NONE", "SIRE_MENTION_ROLE": "NONE"}, "type": "WEB", "id": "s0-m3"}], "id": "d35e4eaa-3868-11e7-915e-02429bdaaeaf-2", "name": "Technology - businessweek.com"}