{
  "id" : "b99682a0-021f-11e7-adfe-7b21e22b049b-14",
  "name" : "Technology - ip-telephony.tmcnet.com",
  "version" : 3,
  "text" : "Jinan Yinquan Technology Co., Ltd. has established Virtualization Technology as an elective course in the Computer &amp; Information Engineering School of Shandong University of Finance.\r\rJinan Yinquan Technology Co., Ltd is the wholly-owned subsidiary of China VoIP &amp; Digital Telecom Inc.\r\rChina VoIP &amp; Digital Telecom Inc. offers virtualization technology application through its wholly owned subsidiary Jinan Yinquan Technology Co., Ltd and Beijing PowerUnique Technologies, Co., Ltd. At present, the company is marketing its integral virtualization solutions and services in China.",
  "docLength" : 0,
  "language" : "EN",
  "status" : "SUBMITTED",
  "modifiedDate" : 1488772295484,
  "documentSet" : [ ],
  "preannotation" : [ "PRE_LW" ],
  "sentences" : [ {
    "id" : "s0",
    "begin" : 0,
    "end" : 186,
    "text" : "Jinan Yinquan Technology Co., Ltd. has established Virtualization Technology as an elective course in the Computer &amp; Information Engineering School of Shandong University of Finance.",
    "tokens" : [ {
      "id" : "s0-t0",
      "begin" : 0,
      "end" : 5,
      "text" : "Jinan",
      "whiteSpace" : false
    }, {
      "id" : "s0-t1",
      "begin" : 6,
      "end" : 13,
      "text" : "Yinquan",
      "whiteSpace" : false
    }, {
      "id" : "s0-t2",
      "begin" : 14,
      "end" : 24,
      "text" : "Technology",
      "whiteSpace" : false
    }, {
      "id" : "s0-t3",
      "begin" : 25,
      "end" : 28,
      "text" : "Co.",
      "whiteSpace" : false
    }, {
      "id" : "s0-t4",
      "begin" : 28,
      "end" : 29,
      "text" : ",",
      "whiteSpace" : false
    }, {
      "id" : "s0-t5",
      "begin" : 30,
      "end" : 34,
      "text" : "Ltd.",
      "whiteSpace" : false
    }, {
      "id" : "s0-t6",
      "begin" : 35,
      "end" : 38,
      "text" : "has",
      "whiteSpace" : false
    }, {
      "id" : "s0-t7",
      "begin" : 39,
      "end" : 50,
      "text" : "established",
      "whiteSpace" : false
    }, {
      "id" : "s0-t8",
      "begin" : 51,
      "end" : 65,
      "text" : "Virtualization",
      "whiteSpace" : false
    }, {
      "id" : "s0-t9",
      "begin" : 66,
      "end" : 76,
      "text" : "Technology",
      "whiteSpace" : false
    }, {
      "id" : "s0-t10",
      "begin" : 77,
      "end" : 79,
      "text" : "as",
      "whiteSpace" : false
    }, {
      "id" : "s0-t11",
      "begin" : 80,
      "end" : 82,
      "text" : "an",
      "whiteSpace" : false
    }, {
      "id" : "s0-t12",
      "begin" : 83,
      "end" : 91,
      "text" : "elective",
      "whiteSpace" : false
    }, {
      "id" : "s0-t13",
      "begin" : 92,
      "end" : 98,
      "text" : "course",
      "whiteSpace" : false
    }, {
      "id" : "s0-t14",
      "begin" : 99,
      "end" : 101,
      "text" : "in",
      "whiteSpace" : false
    }, {
      "id" : "s0-t15",
      "begin" : 102,
      "end" : 105,
      "text" : "the",
      "whiteSpace" : false
    }, {
      "id" : "s0-t16",
      "begin" : 106,
      "end" : 114,
      "text" : "Computer",
      "whiteSpace" : false
    }, {
      "id" : "s0-t17",
      "begin" : 115,
      "end" : 120,
      "text" : "&amp;",
      "whiteSpace" : false
    }, {
      "id" : "s0-t18",
      "begin" : 121,
      "end" : 132,
      "text" : "Information",
      "whiteSpace" : false
    }, {
      "id" : "s0-t19",
      "begin" : 133,
      "end" : 144,
      "text" : "Engineering",
      "whiteSpace" : false
    }, {
      "id" : "s0-t20",
      "begin" : 145,
      "end" : 151,
      "text" : "School",
      "whiteSpace" : false
    }, {
      "id" : "s0-t21",
      "begin" : 152,
      "end" : 154,
      "text" : "of",
      "whiteSpace" : false
    }, {
      "id" : "s0-t22",
      "begin" : 155,
      "end" : 163,
      "text" : "Shandong",
      "whiteSpace" : false
    }, {
      "id" : "s0-t23",
      "begin" : 164,
      "end" : 174,
      "text" : "University",
      "whiteSpace" : false
    }, {
      "id" : "s0-t24",
      "begin" : 175,
      "end" : 177,
      "text" : "of",
      "whiteSpace" : false
    }, {
      "id" : "s0-t25",
      "begin" : 178,
      "end" : 185,
      "text" : "Finance",
      "whiteSpace" : false
    }, {
      "id" : "s0-t26",
      "begin" : 185,
      "end" : 186,
      "text" : ".",
      "whiteSpace" : false
    } ]
  }, {
    "id" : "s1",
    "begin" : 188,
    "end" : 593,
    "text" : "Jinan Yinquan Technology Co., Ltd is the wholly-owned subsidiary of China VoIP &amp; Digital Telecom Inc.\r\rChina VoIP &amp; Digital Telecom Inc. offers virtualization technology application through its wholly owned subsidiary Jinan Yinquan Technology Co., Ltd and Beijing PowerUnique Technologies, Co., Ltd. At present, the company is marketing its integral virtualization solutions and services in China.",
    "tokens" : [ {
      "id" : "s1-t0",
      "begin" : 188,
      "end" : 193,
      "text" : "Jinan",
      "whiteSpace" : false
    }, {
      "id" : "s1-t1",
      "begin" : 194,
      "end" : 201,
      "text" : "Yinquan",
      "whiteSpace" : false
    }, {
      "id" : "s1-t2",
      "begin" : 202,
      "end" : 212,
      "text" : "Technology",
      "whiteSpace" : false
    }, {
      "id" : "s1-t3",
      "begin" : 213,
      "end" : 216,
      "text" : "Co.",
      "whiteSpace" : false
    }, {
      "id" : "s1-t4",
      "begin" : 216,
      "end" : 217,
      "text" : ",",
      "whiteSpace" : false
    }, {
      "id" : "s1-t5",
      "begin" : 218,
      "end" : 221,
      "text" : "Ltd",
      "whiteSpace" : false
    }, {
      "id" : "s1-t6",
      "begin" : 222,
      "end" : 224,
      "text" : "is",
      "whiteSpace" : false
    }, {
      "id" : "s1-t7",
      "begin" : 225,
      "end" : 228,
      "text" : "the",
      "whiteSpace" : false
    }, {
      "id" : "s1-t8",
      "begin" : 229,
      "end" : 241,
      "text" : "wholly-owned",
      "whiteSpace" : false
    }, {
      "id" : "s1-t9",
      "begin" : 242,
      "end" : 252,
      "text" : "subsidiary",
      "whiteSpace" : false
    }, {
      "id" : "s1-t10",
      "begin" : 253,
      "end" : 255,
      "text" : "of",
      "whiteSpace" : false
    }, {
      "id" : "s1-t11",
      "begin" : 256,
      "end" : 261,
      "text" : "China",
      "whiteSpace" : false
    }, {
      "id" : "s1-t12",
      "begin" : 262,
      "end" : 266,
      "text" : "VoIP",
      "whiteSpace" : false
    }, {
      "id" : "s1-t13",
      "begin" : 267,
      "end" : 272,
      "text" : "&amp;",
      "whiteSpace" : false
    }, {
      "id" : "s1-t14",
      "begin" : 273,
      "end" : 280,
      "text" : "Digital",
      "whiteSpace" : false
    }, {
      "id" : "s1-t15",
      "begin" : 281,
      "end" : 288,
      "text" : "Telecom",
      "whiteSpace" : false
    }, {
      "id" : "s1-t16",
      "begin" : 289,
      "end" : 293,
      "text" : "Inc.",
      "whiteSpace" : false
    }, {
      "id" : "s1-t17",
      "begin" : 295,
      "end" : 300,
      "text" : "China",
      "whiteSpace" : false
    }, {
      "id" : "s1-t18",
      "begin" : 301,
      "end" : 305,
      "text" : "VoIP",
      "whiteSpace" : false
    }, {
      "id" : "s1-t19",
      "begin" : 306,
      "end" : 311,
      "text" : "&amp;",
      "whiteSpace" : false
    }, {
      "id" : "s1-t20",
      "begin" : 312,
      "end" : 319,
      "text" : "Digital",
      "whiteSpace" : false
    }, {
      "id" : "s1-t21",
      "begin" : 320,
      "end" : 327,
      "text" : "Telecom",
      "whiteSpace" : false
    }, {
      "id" : "s1-t22",
      "begin" : 328,
      "end" : 332,
      "text" : "Inc.",
      "whiteSpace" : false
    }, {
      "id" : "s1-t23",
      "begin" : 333,
      "end" : 339,
      "text" : "offers",
      "whiteSpace" : false
    }, {
      "id" : "s1-t24",
      "begin" : 340,
      "end" : 354,
      "text" : "virtualization",
      "whiteSpace" : false
    }, {
      "id" : "s1-t25",
      "begin" : 355,
      "end" : 365,
      "text" : "technology",
      "whiteSpace" : false
    }, {
      "id" : "s1-t26",
      "begin" : 366,
      "end" : 377,
      "text" : "application",
      "whiteSpace" : false
    }, {
      "id" : "s1-t27",
      "begin" : 378,
      "end" : 385,
      "text" : "through",
      "whiteSpace" : false
    }, {
      "id" : "s1-t28",
      "begin" : 386,
      "end" : 389,
      "text" : "its",
      "whiteSpace" : false
    }, {
      "id" : "s1-t29",
      "begin" : 390,
      "end" : 396,
      "text" : "wholly",
      "whiteSpace" : false
    }, {
      "id" : "s1-t30",
      "begin" : 397,
      "end" : 402,
      "text" : "owned",
      "whiteSpace" : false
    }, {
      "id" : "s1-t31",
      "begin" : 403,
      "end" : 413,
      "text" : "subsidiary",
      "whiteSpace" : false
    }, {
      "id" : "s1-t32",
      "begin" : 414,
      "end" : 419,
      "text" : "Jinan",
      "whiteSpace" : false
    }, {
      "id" : "s1-t33",
      "begin" : 420,
      "end" : 427,
      "text" : "Yinquan",
      "whiteSpace" : false
    }, {
      "id" : "s1-t34",
      "begin" : 428,
      "end" : 438,
      "text" : "Technology",
      "whiteSpace" : false
    }, {
      "id" : "s1-t35",
      "begin" : 439,
      "end" : 442,
      "text" : "Co.",
      "whiteSpace" : false
    }, {
      "id" : "s1-t36",
      "begin" : 442,
      "end" : 443,
      "text" : ",",
      "whiteSpace" : false
    }, {
      "id" : "s1-t37",
      "begin" : 444,
      "end" : 447,
      "text" : "Ltd",
      "whiteSpace" : false
    }, {
      "id" : "s1-t38",
      "begin" : 448,
      "end" : 451,
      "text" : "and",
      "whiteSpace" : false
    }, {
      "id" : "s1-t39",
      "begin" : 452,
      "end" : 459,
      "text" : "Beijing",
      "whiteSpace" : false
    }, {
      "id" : "s1-t40",
      "begin" : 460,
      "end" : 471,
      "text" : "PowerUnique",
      "whiteSpace" : false
    }, {
      "id" : "s1-t41",
      "begin" : 472,
      "end" : 484,
      "text" : "Technologies",
      "whiteSpace" : false
    }, {
      "id" : "s1-t42",
      "begin" : 484,
      "end" : 485,
      "text" : ",",
      "whiteSpace" : false
    }, {
      "id" : "s1-t43",
      "begin" : 486,
      "end" : 489,
      "text" : "Co.",
      "whiteSpace" : false
    }, {
      "id" : "s1-t44",
      "begin" : 489,
      "end" : 490,
      "text" : ",",
      "whiteSpace" : false
    }, {
      "id" : "s1-t45",
      "begin" : 491,
      "end" : 495,
      "text" : "Ltd.",
      "whiteSpace" : false
    }, {
      "id" : "s1-t46",
      "begin" : 496,
      "end" : 498,
      "text" : "At",
      "whiteSpace" : false
    }, {
      "id" : "s1-t47",
      "begin" : 499,
      "end" : 506,
      "text" : "present",
      "whiteSpace" : false
    }, {
      "id" : "s1-t48",
      "begin" : 506,
      "end" : 507,
      "text" : ",",
      "whiteSpace" : false
    }, {
      "id" : "s1-t49",
      "begin" : 508,
      "end" : 511,
      "text" : "the",
      "whiteSpace" : false
    }, {
      "id" : "s1-t50",
      "begin" : 512,
      "end" : 519,
      "text" : "company",
      "whiteSpace" : false
    }, {
      "id" : "s1-t51",
      "begin" : 520,
      "end" : 522,
      "text" : "is",
      "whiteSpace" : false
    }, {
      "id" : "s1-t52",
      "begin" : 523,
      "end" : 532,
      "text" : "marketing",
      "whiteSpace" : false
    }, {
      "id" : "s1-t53",
      "begin" : 533,
      "end" : 536,
      "text" : "its",
      "whiteSpace" : false
    }, {
      "id" : "s1-t54",
      "begin" : 537,
      "end" : 545,
      "text" : "integral",
      "whiteSpace" : false
    }, {
      "id" : "s1-t55",
      "begin" : 546,
      "end" : 560,
      "text" : "virtualization",
      "whiteSpace" : false
    }, {
      "id" : "s1-t56",
      "begin" : 561,
      "end" : 570,
      "text" : "solutions",
      "whiteSpace" : false
    }, {
      "id" : "s1-t57",
      "begin" : 571,
      "end" : 574,
      "text" : "and",
      "whiteSpace" : false
    }, {
      "id" : "s1-t58",
      "begin" : 575,
      "end" : 583,
      "text" : "services",
      "whiteSpace" : false
    }, {
      "id" : "s1-t59",
      "begin" : 584,
      "end" : 586,
      "text" : "in",
      "whiteSpace" : false
    }, {
      "id" : "s1-t60",
      "begin" : 587,
      "end" : 592,
      "text" : "China",
      "whiteSpace" : false
    }, {
      "id" : "s1-t61",
      "begin" : 592,
      "end" : 593,
      "text" : ".",
      "whiteSpace" : false
    } ]
  } ],
  "mentions" : [ ],
  "relations" : [ ],
  "corefs" : [ ],
  "typeResolved" : true,
  "userResolved" : false
}