{
  "id" : "b99682a0-021f-11e7-adfe-7b21e22b049b-3",
  "name" : "Technology - businesswire.com",
  "version" : 3,
  "text" : "PaperThin, Inc., provider of the leading Web content management solution CommonSpot, today unveiled CommonSpot 6.0. The new release unites a sleek new user interface with a suite of powerful marketing and development solutions that increase website effectiveness, improve productivity, and help organizations easily adapt to changing demands for better business results. Also new is a community site called \"The Commons\" where customers and partners can leverage the shared knowledge, expertise, and open source code developed by PaperThin and members of the CommonSpot community. \r\rWe are very proud to release CommonSpot 6.0, its new open source Application Development Framework and \"The Commons\" community site. This package completely transforms the user experience at every ",
  "docLength" : 0,
  "language" : "EN",
  "status" : "SUBMITTED",
  "modifiedDate" : 1488772295484,
  "documentSet" : [ ],
  "preannotation" : [ "PRE_LW" ],
  "sentences" : [ {
    "id" : "s0",
    "begin" : 0,
    "end" : 115,
    "text" : "PaperThin, Inc., provider of the leading Web content management solution CommonSpot, today unveiled CommonSpot 6.0.",
    "tokens" : [ {
      "id" : "s0-t0",
      "begin" : 0,
      "end" : 9,
      "text" : "PaperThin",
      "whiteSpace" : false
    }, {
      "id" : "s0-t1",
      "begin" : 9,
      "end" : 10,
      "text" : ",",
      "whiteSpace" : false
    }, {
      "id" : "s0-t2",
      "begin" : 11,
      "end" : 15,
      "text" : "Inc.",
      "whiteSpace" : false
    }, {
      "id" : "s0-t3",
      "begin" : 15,
      "end" : 16,
      "text" : ",",
      "whiteSpace" : false
    }, {
      "id" : "s0-t4",
      "begin" : 17,
      "end" : 25,
      "text" : "provider",
      "whiteSpace" : false
    }, {
      "id" : "s0-t5",
      "begin" : 26,
      "end" : 28,
      "text" : "of",
      "whiteSpace" : false
    }, {
      "id" : "s0-t6",
      "begin" : 29,
      "end" : 32,
      "text" : "the",
      "whiteSpace" : false
    }, {
      "id" : "s0-t7",
      "begin" : 33,
      "end" : 40,
      "text" : "leading",
      "whiteSpace" : false
    }, {
      "id" : "s0-t8",
      "begin" : 41,
      "end" : 44,
      "text" : "Web",
      "whiteSpace" : false
    }, {
      "id" : "s0-t9",
      "begin" : 45,
      "end" : 52,
      "text" : "content",
      "whiteSpace" : false
    }, {
      "id" : "s0-t10",
      "begin" : 53,
      "end" : 63,
      "text" : "management",
      "whiteSpace" : false
    }, {
      "id" : "s0-t11",
      "begin" : 64,
      "end" : 72,
      "text" : "solution",
      "whiteSpace" : false
    }, {
      "id" : "s0-t12",
      "begin" : 73,
      "end" : 83,
      "text" : "CommonSpot",
      "whiteSpace" : false
    }, {
      "id" : "s0-t13",
      "begin" : 83,
      "end" : 84,
      "text" : ",",
      "whiteSpace" : false
    }, {
      "id" : "s0-t14",
      "begin" : 85,
      "end" : 90,
      "text" : "today",
      "whiteSpace" : false
    }, {
      "id" : "s0-t15",
      "begin" : 91,
      "end" : 99,
      "text" : "unveiled",
      "whiteSpace" : false
    }, {
      "id" : "s0-t16",
      "begin" : 100,
      "end" : 110,
      "text" : "CommonSpot",
      "whiteSpace" : false
    }, {
      "id" : "s0-t17",
      "begin" : 111,
      "end" : 114,
      "text" : "6.0",
      "whiteSpace" : false
    }, {
      "id" : "s0-t18",
      "begin" : 114,
      "end" : 115,
      "text" : ".",
      "whiteSpace" : false
    } ]
  }, {
    "id" : "s1",
    "begin" : 116,
    "end" : 370,
    "text" : "The new release unites a sleek new user interface with a suite of powerful marketing and development solutions that increase website effectiveness, improve productivity, and help organizations easily adapt to changing demands for better business results.",
    "tokens" : [ {
      "id" : "s1-t0",
      "begin" : 116,
      "end" : 119,
      "text" : "The",
      "whiteSpace" : false
    }, {
      "id" : "s1-t1",
      "begin" : 120,
      "end" : 123,
      "text" : "new",
      "whiteSpace" : false
    }, {
      "id" : "s1-t2",
      "begin" : 124,
      "end" : 131,
      "text" : "release",
      "whiteSpace" : false
    }, {
      "id" : "s1-t3",
      "begin" : 132,
      "end" : 138,
      "text" : "unites",
      "whiteSpace" : false
    }, {
      "id" : "s1-t4",
      "begin" : 139,
      "end" : 140,
      "text" : "a",
      "whiteSpace" : false
    }, {
      "id" : "s1-t5",
      "begin" : 141,
      "end" : 146,
      "text" : "sleek",
      "whiteSpace" : false
    }, {
      "id" : "s1-t6",
      "begin" : 147,
      "end" : 150,
      "text" : "new",
      "whiteSpace" : false
    }, {
      "id" : "s1-t7",
      "begin" : 151,
      "end" : 155,
      "text" : "user",
      "whiteSpace" : false
    }, {
      "id" : "s1-t8",
      "begin" : 156,
      "end" : 165,
      "text" : "interface",
      "whiteSpace" : false
    }, {
      "id" : "s1-t9",
      "begin" : 166,
      "end" : 170,
      "text" : "with",
      "whiteSpace" : false
    }, {
      "id" : "s1-t10",
      "begin" : 171,
      "end" : 172,
      "text" : "a",
      "whiteSpace" : false
    }, {
      "id" : "s1-t11",
      "begin" : 173,
      "end" : 178,
      "text" : "suite",
      "whiteSpace" : false
    }, {
      "id" : "s1-t12",
      "begin" : 179,
      "end" : 181,
      "text" : "of",
      "whiteSpace" : false
    }, {
      "id" : "s1-t13",
      "begin" : 182,
      "end" : 190,
      "text" : "powerful",
      "whiteSpace" : false
    }, {
      "id" : "s1-t14",
      "begin" : 191,
      "end" : 200,
      "text" : "marketing",
      "whiteSpace" : false
    }, {
      "id" : "s1-t15",
      "begin" : 201,
      "end" : 204,
      "text" : "and",
      "whiteSpace" : false
    }, {
      "id" : "s1-t16",
      "begin" : 205,
      "end" : 216,
      "text" : "development",
      "whiteSpace" : false
    }, {
      "id" : "s1-t17",
      "begin" : 217,
      "end" : 226,
      "text" : "solutions",
      "whiteSpace" : false
    }, {
      "id" : "s1-t18",
      "begin" : 227,
      "end" : 231,
      "text" : "that",
      "whiteSpace" : false
    }, {
      "id" : "s1-t19",
      "begin" : 232,
      "end" : 240,
      "text" : "increase",
      "whiteSpace" : false
    }, {
      "id" : "s1-t20",
      "begin" : 241,
      "end" : 248,
      "text" : "website",
      "whiteSpace" : false
    }, {
      "id" : "s1-t21",
      "begin" : 249,
      "end" : 262,
      "text" : "effectiveness",
      "whiteSpace" : false
    }, {
      "id" : "s1-t22",
      "begin" : 262,
      "end" : 263,
      "text" : ",",
      "whiteSpace" : false
    }, {
      "id" : "s1-t23",
      "begin" : 264,
      "end" : 271,
      "text" : "improve",
      "whiteSpace" : false
    }, {
      "id" : "s1-t24",
      "begin" : 272,
      "end" : 284,
      "text" : "productivity",
      "whiteSpace" : false
    }, {
      "id" : "s1-t25",
      "begin" : 284,
      "end" : 285,
      "text" : ",",
      "whiteSpace" : false
    }, {
      "id" : "s1-t26",
      "begin" : 286,
      "end" : 289,
      "text" : "and",
      "whiteSpace" : false
    }, {
      "id" : "s1-t27",
      "begin" : 290,
      "end" : 294,
      "text" : "help",
      "whiteSpace" : false
    }, {
      "id" : "s1-t28",
      "begin" : 295,
      "end" : 308,
      "text" : "organizations",
      "whiteSpace" : false
    }, {
      "id" : "s1-t29",
      "begin" : 309,
      "end" : 315,
      "text" : "easily",
      "whiteSpace" : false
    }, {
      "id" : "s1-t30",
      "begin" : 316,
      "end" : 321,
      "text" : "adapt",
      "whiteSpace" : false
    }, {
      "id" : "s1-t31",
      "begin" : 322,
      "end" : 324,
      "text" : "to",
      "whiteSpace" : false
    }, {
      "id" : "s1-t32",
      "begin" : 325,
      "end" : 333,
      "text" : "changing",
      "whiteSpace" : false
    }, {
      "id" : "s1-t33",
      "begin" : 334,
      "end" : 341,
      "text" : "demands",
      "whiteSpace" : false
    }, {
      "id" : "s1-t34",
      "begin" : 342,
      "end" : 345,
      "text" : "for",
      "whiteSpace" : false
    }, {
      "id" : "s1-t35",
      "begin" : 346,
      "end" : 352,
      "text" : "better",
      "whiteSpace" : false
    }, {
      "id" : "s1-t36",
      "begin" : 353,
      "end" : 361,
      "text" : "business",
      "whiteSpace" : false
    }, {
      "id" : "s1-t37",
      "begin" : 362,
      "end" : 369,
      "text" : "results",
      "whiteSpace" : false
    }, {
      "id" : "s1-t38",
      "begin" : 369,
      "end" : 370,
      "text" : ".",
      "whiteSpace" : false
    } ]
  }, {
    "id" : "s2",
    "begin" : 371,
    "end" : 580,
    "text" : "Also new is a community site called \"The Commons\" where customers and partners can leverage the shared knowledge, expertise, and open source code developed by PaperThin and members of the CommonSpot community.",
    "tokens" : [ {
      "id" : "s2-t0",
      "begin" : 371,
      "end" : 375,
      "text" : "Also",
      "whiteSpace" : false
    }, {
      "id" : "s2-t1",
      "begin" : 376,
      "end" : 379,
      "text" : "new",
      "whiteSpace" : false
    }, {
      "id" : "s2-t2",
      "begin" : 380,
      "end" : 382,
      "text" : "is",
      "whiteSpace" : false
    }, {
      "id" : "s2-t3",
      "begin" : 383,
      "end" : 384,
      "text" : "a",
      "whiteSpace" : false
    }, {
      "id" : "s2-t4",
      "begin" : 385,
      "end" : 394,
      "text" : "community",
      "whiteSpace" : false
    }, {
      "id" : "s2-t5",
      "begin" : 395,
      "end" : 399,
      "text" : "site",
      "whiteSpace" : false
    }, {
      "id" : "s2-t6",
      "begin" : 400,
      "end" : 406,
      "text" : "called",
      "whiteSpace" : false
    }, {
      "id" : "s2-t7",
      "begin" : 407,
      "end" : 408,
      "text" : "\"",
      "whiteSpace" : false
    }, {
      "id" : "s2-t8",
      "begin" : 408,
      "end" : 411,
      "text" : "The",
      "whiteSpace" : false
    }, {
      "id" : "s2-t9",
      "begin" : 412,
      "end" : 419,
      "text" : "Commons",
      "whiteSpace" : false
    }, {
      "id" : "s2-t10",
      "begin" : 419,
      "end" : 420,
      "text" : "\"",
      "whiteSpace" : false
    }, {
      "id" : "s2-t11",
      "begin" : 421,
      "end" : 426,
      "text" : "where",
      "whiteSpace" : false
    }, {
      "id" : "s2-t12",
      "begin" : 427,
      "end" : 436,
      "text" : "customers",
      "whiteSpace" : false
    }, {
      "id" : "s2-t13",
      "begin" : 437,
      "end" : 440,
      "text" : "and",
      "whiteSpace" : false
    }, {
      "id" : "s2-t14",
      "begin" : 441,
      "end" : 449,
      "text" : "partners",
      "whiteSpace" : false
    }, {
      "id" : "s2-t15",
      "begin" : 450,
      "end" : 453,
      "text" : "can",
      "whiteSpace" : false
    }, {
      "id" : "s2-t16",
      "begin" : 454,
      "end" : 462,
      "text" : "leverage",
      "whiteSpace" : false
    }, {
      "id" : "s2-t17",
      "begin" : 463,
      "end" : 466,
      "text" : "the",
      "whiteSpace" : false
    }, {
      "id" : "s2-t18",
      "begin" : 467,
      "end" : 473,
      "text" : "shared",
      "whiteSpace" : false
    }, {
      "id" : "s2-t19",
      "begin" : 474,
      "end" : 483,
      "text" : "knowledge",
      "whiteSpace" : false
    }, {
      "id" : "s2-t20",
      "begin" : 483,
      "end" : 484,
      "text" : ",",
      "whiteSpace" : false
    }, {
      "id" : "s2-t21",
      "begin" : 485,
      "end" : 494,
      "text" : "expertise",
      "whiteSpace" : false
    }, {
      "id" : "s2-t22",
      "begin" : 494,
      "end" : 495,
      "text" : ",",
      "whiteSpace" : false
    }, {
      "id" : "s2-t23",
      "begin" : 496,
      "end" : 499,
      "text" : "and",
      "whiteSpace" : false
    }, {
      "id" : "s2-t24",
      "begin" : 500,
      "end" : 504,
      "text" : "open",
      "whiteSpace" : false
    }, {
      "id" : "s2-t25",
      "begin" : 505,
      "end" : 511,
      "text" : "source",
      "whiteSpace" : false
    }, {
      "id" : "s2-t26",
      "begin" : 512,
      "end" : 516,
      "text" : "code",
      "whiteSpace" : false
    }, {
      "id" : "s2-t27",
      "begin" : 517,
      "end" : 526,
      "text" : "developed",
      "whiteSpace" : false
    }, {
      "id" : "s2-t28",
      "begin" : 527,
      "end" : 529,
      "text" : "by",
      "whiteSpace" : false
    }, {
      "id" : "s2-t29",
      "begin" : 530,
      "end" : 539,
      "text" : "PaperThin",
      "whiteSpace" : false
    }, {
      "id" : "s2-t30",
      "begin" : 540,
      "end" : 543,
      "text" : "and",
      "whiteSpace" : false
    }, {
      "id" : "s2-t31",
      "begin" : 544,
      "end" : 551,
      "text" : "members",
      "whiteSpace" : false
    }, {
      "id" : "s2-t32",
      "begin" : 552,
      "end" : 554,
      "text" : "of",
      "whiteSpace" : false
    }, {
      "id" : "s2-t33",
      "begin" : 555,
      "end" : 558,
      "text" : "the",
      "whiteSpace" : false
    }, {
      "id" : "s2-t34",
      "begin" : 559,
      "end" : 569,
      "text" : "CommonSpot",
      "whiteSpace" : false
    }, {
      "id" : "s2-t35",
      "begin" : 570,
      "end" : 579,
      "text" : "community",
      "whiteSpace" : false
    }, {
      "id" : "s2-t36",
      "begin" : 579,
      "end" : 580,
      "text" : ".",
      "whiteSpace" : false
    } ]
  }, {
    "id" : "s3",
    "begin" : 583,
    "end" : 715,
    "text" : "We are very proud to release CommonSpot 6.0, its new open source Application Development Framework and \"The Commons\" community site.",
    "tokens" : [ {
      "id" : "s3-t0",
      "begin" : 583,
      "end" : 585,
      "text" : "We",
      "whiteSpace" : false
    }, {
      "id" : "s3-t1",
      "begin" : 586,
      "end" : 589,
      "text" : "are",
      "whiteSpace" : false
    }, {
      "id" : "s3-t2",
      "begin" : 590,
      "end" : 594,
      "text" : "very",
      "whiteSpace" : false
    }, {
      "id" : "s3-t3",
      "begin" : 595,
      "end" : 600,
      "text" : "proud",
      "whiteSpace" : false
    }, {
      "id" : "s3-t4",
      "begin" : 601,
      "end" : 603,
      "text" : "to",
      "whiteSpace" : false
    }, {
      "id" : "s3-t5",
      "begin" : 604,
      "end" : 611,
      "text" : "release",
      "whiteSpace" : false
    }, {
      "id" : "s3-t6",
      "begin" : 612,
      "end" : 622,
      "text" : "CommonSpot",
      "whiteSpace" : false
    }, {
      "id" : "s3-t7",
      "begin" : 623,
      "end" : 626,
      "text" : "6.0",
      "whiteSpace" : false
    }, {
      "id" : "s3-t8",
      "begin" : 626,
      "end" : 627,
      "text" : ",",
      "whiteSpace" : false
    }, {
      "id" : "s3-t9",
      "begin" : 628,
      "end" : 631,
      "text" : "its",
      "whiteSpace" : false
    }, {
      "id" : "s3-t10",
      "begin" : 632,
      "end" : 635,
      "text" : "new",
      "whiteSpace" : false
    }, {
      "id" : "s3-t11",
      "begin" : 636,
      "end" : 640,
      "text" : "open",
      "whiteSpace" : false
    }, {
      "id" : "s3-t12",
      "begin" : 641,
      "end" : 647,
      "text" : "source",
      "whiteSpace" : false
    }, {
      "id" : "s3-t13",
      "begin" : 648,
      "end" : 659,
      "text" : "Application",
      "whiteSpace" : false
    }, {
      "id" : "s3-t14",
      "begin" : 660,
      "end" : 671,
      "text" : "Development",
      "whiteSpace" : false
    }, {
      "id" : "s3-t15",
      "begin" : 672,
      "end" : 681,
      "text" : "Framework",
      "whiteSpace" : false
    }, {
      "id" : "s3-t16",
      "begin" : 682,
      "end" : 685,
      "text" : "and",
      "whiteSpace" : false
    }, {
      "id" : "s3-t17",
      "begin" : 686,
      "end" : 687,
      "text" : "\"",
      "whiteSpace" : false
    }, {
      "id" : "s3-t18",
      "begin" : 687,
      "end" : 690,
      "text" : "The",
      "whiteSpace" : false
    }, {
      "id" : "s3-t19",
      "begin" : 691,
      "end" : 698,
      "text" : "Commons",
      "whiteSpace" : false
    }, {
      "id" : "s3-t20",
      "begin" : 698,
      "end" : 699,
      "text" : "\"",
      "whiteSpace" : false
    }, {
      "id" : "s3-t21",
      "begin" : 700,
      "end" : 709,
      "text" : "community",
      "whiteSpace" : false
    }, {
      "id" : "s3-t22",
      "begin" : 710,
      "end" : 714,
      "text" : "site",
      "whiteSpace" : false
    }, {
      "id" : "s3-t23",
      "begin" : 714,
      "end" : 715,
      "text" : ".",
      "whiteSpace" : false
    } ]
  }, {
    "id" : "s4",
    "begin" : 716,
    "end" : 779,
    "text" : "This package completely transforms the user experience at every",
    "tokens" : [ {
      "id" : "s4-t0",
      "begin" : 716,
      "end" : 720,
      "text" : "This",
      "whiteSpace" : false
    }, {
      "id" : "s4-t1",
      "begin" : 721,
      "end" : 728,
      "text" : "package",
      "whiteSpace" : false
    }, {
      "id" : "s4-t2",
      "begin" : 729,
      "end" : 739,
      "text" : "completely",
      "whiteSpace" : false
    }, {
      "id" : "s4-t3",
      "begin" : 740,
      "end" : 750,
      "text" : "transforms",
      "whiteSpace" : false
    }, {
      "id" : "s4-t4",
      "begin" : 751,
      "end" : 754,
      "text" : "the",
      "whiteSpace" : false
    }, {
      "id" : "s4-t5",
      "begin" : 755,
      "end" : 759,
      "text" : "user",
      "whiteSpace" : false
    }, {
      "id" : "s4-t6",
      "begin" : 760,
      "end" : 770,
      "text" : "experience",
      "whiteSpace" : false
    }, {
      "id" : "s4-t7",
      "begin" : 771,
      "end" : 773,
      "text" : "at",
      "whiteSpace" : false
    }, {
      "id" : "s4-t8",
      "begin" : 774,
      "end" : 779,
      "text" : "every",
      "whiteSpace" : false
    } ]
  } ],
  "mentions" : [ ],
  "relations" : [ ],
  "corefs" : [ ],
  "typeResolved" : true,
  "userResolved" : false
}