{
  "id" : "b99682a0-021f-11e7-adfe-7b21e22b049b-10",
  "name" : "Technology - gamasutra.com",
  "version" : 3,
  "text" : "EA plans to publish three separate new Need for Speed games in 2009, each tailored to specific formats and featuring a radical change of focus from previous titles.\r\rIn previews with a number of consumer websites, including GameSpot and Eurogamer, EA revealed new title Need for Speed: Shift for the Xbox 360, PlayStation 3, PC and PSP. \r\rIntended to be a much more serious racing simulation than previous games, the title is being developed by a combination of internal and external resources in the UK.\r\rThe game will be overseen by Black Box executive producer Michael Mann, as well as EA Games Europe head, and Digital Illusions CE (DICE) co-founder, Patrick Soderlund. Development work will be carried out by new British studio Slightly Mad Studios. The London-based firm is led by SimBin co-founder Ian Bell, who worked on titles such as GT Legends and GTR 2.\r\rThe second game is currently known as Need for Speed: Nitro and will be released exclusively for the Wii and Nintendo DS. Developed by EA Montreal, the game is described as having a unique visual style but no screenshots have yet been released.\r\rThe final game is online PC title Need for Speed: World Online, a free-to-play title developed ",
  "docLength" : 0,
  "language" : "EN",
  "status" : "SUBMITTED",
  "modifiedDate" : 1488772295484,
  "documentSet" : [ ],
  "preannotation" : [ "PRE_LW" ],
  "sentences" : [ {
    "id" : "s0",
    "begin" : 0,
    "end" : 164,
    "text" : "EA plans to publish three separate new Need for Speed games in 2009, each tailored to specific formats and featuring a radical change of focus from previous titles.",
    "tokens" : [ {
      "id" : "s0-t0",
      "begin" : 0,
      "end" : 2,
      "text" : "EA",
      "whiteSpace" : false
    }, {
      "id" : "s0-t1",
      "begin" : 3,
      "end" : 8,
      "text" : "plans",
      "whiteSpace" : false
    }, {
      "id" : "s0-t2",
      "begin" : 9,
      "end" : 11,
      "text" : "to",
      "whiteSpace" : false
    }, {
      "id" : "s0-t3",
      "begin" : 12,
      "end" : 19,
      "text" : "publish",
      "whiteSpace" : false
    }, {
      "id" : "s0-t4",
      "begin" : 20,
      "end" : 25,
      "text" : "three",
      "whiteSpace" : false
    }, {
      "id" : "s0-t5",
      "begin" : 26,
      "end" : 34,
      "text" : "separate",
      "whiteSpace" : false
    }, {
      "id" : "s0-t6",
      "begin" : 35,
      "end" : 38,
      "text" : "new",
      "whiteSpace" : false
    }, {
      "id" : "s0-t7",
      "begin" : 39,
      "end" : 43,
      "text" : "Need",
      "whiteSpace" : false
    }, {
      "id" : "s0-t8",
      "begin" : 44,
      "end" : 47,
      "text" : "for",
      "whiteSpace" : false
    }, {
      "id" : "s0-t9",
      "begin" : 48,
      "end" : 53,
      "text" : "Speed",
      "whiteSpace" : false
    }, {
      "id" : "s0-t10",
      "begin" : 54,
      "end" : 59,
      "text" : "games",
      "whiteSpace" : false
    }, {
      "id" : "s0-t11",
      "begin" : 60,
      "end" : 62,
      "text" : "in",
      "whiteSpace" : false
    }, {
      "id" : "s0-t12",
      "begin" : 63,
      "end" : 67,
      "text" : "2009",
      "whiteSpace" : false
    }, {
      "id" : "s0-t13",
      "begin" : 67,
      "end" : 68,
      "text" : ",",
      "whiteSpace" : false
    }, {
      "id" : "s0-t14",
      "begin" : 69,
      "end" : 73,
      "text" : "each",
      "whiteSpace" : false
    }, {
      "id" : "s0-t15",
      "begin" : 74,
      "end" : 82,
      "text" : "tailored",
      "whiteSpace" : false
    }, {
      "id" : "s0-t16",
      "begin" : 83,
      "end" : 85,
      "text" : "to",
      "whiteSpace" : false
    }, {
      "id" : "s0-t17",
      "begin" : 86,
      "end" : 94,
      "text" : "specific",
      "whiteSpace" : false
    }, {
      "id" : "s0-t18",
      "begin" : 95,
      "end" : 102,
      "text" : "formats",
      "whiteSpace" : false
    }, {
      "id" : "s0-t19",
      "begin" : 103,
      "end" : 106,
      "text" : "and",
      "whiteSpace" : false
    }, {
      "id" : "s0-t20",
      "begin" : 107,
      "end" : 116,
      "text" : "featuring",
      "whiteSpace" : false
    }, {
      "id" : "s0-t21",
      "begin" : 117,
      "end" : 118,
      "text" : "a",
      "whiteSpace" : false
    }, {
      "id" : "s0-t22",
      "begin" : 119,
      "end" : 126,
      "text" : "radical",
      "whiteSpace" : false
    }, {
      "id" : "s0-t23",
      "begin" : 127,
      "end" : 133,
      "text" : "change",
      "whiteSpace" : false
    }, {
      "id" : "s0-t24",
      "begin" : 134,
      "end" : 136,
      "text" : "of",
      "whiteSpace" : false
    }, {
      "id" : "s0-t25",
      "begin" : 137,
      "end" : 142,
      "text" : "focus",
      "whiteSpace" : false
    }, {
      "id" : "s0-t26",
      "begin" : 143,
      "end" : 147,
      "text" : "from",
      "whiteSpace" : false
    }, {
      "id" : "s0-t27",
      "begin" : 148,
      "end" : 156,
      "text" : "previous",
      "whiteSpace" : false
    }, {
      "id" : "s0-t28",
      "begin" : 157,
      "end" : 163,
      "text" : "titles",
      "whiteSpace" : false
    }, {
      "id" : "s0-t29",
      "begin" : 163,
      "end" : 164,
      "text" : ".",
      "whiteSpace" : false
    } ]
  }, {
    "id" : "s1",
    "begin" : 166,
    "end" : 336,
    "text" : "In previews with a number of consumer websites, including GameSpot and Eurogamer, EA revealed new title Need for Speed: Shift for the Xbox 360, PlayStation 3, PC and PSP.",
    "tokens" : [ {
      "id" : "s1-t0",
      "begin" : 166,
      "end" : 168,
      "text" : "In",
      "whiteSpace" : false
    }, {
      "id" : "s1-t1",
      "begin" : 169,
      "end" : 177,
      "text" : "previews",
      "whiteSpace" : false
    }, {
      "id" : "s1-t2",
      "begin" : 178,
      "end" : 182,
      "text" : "with",
      "whiteSpace" : false
    }, {
      "id" : "s1-t3",
      "begin" : 183,
      "end" : 184,
      "text" : "a",
      "whiteSpace" : false
    }, {
      "id" : "s1-t4",
      "begin" : 185,
      "end" : 191,
      "text" : "number",
      "whiteSpace" : false
    }, {
      "id" : "s1-t5",
      "begin" : 192,
      "end" : 194,
      "text" : "of",
      "whiteSpace" : false
    }, {
      "id" : "s1-t6",
      "begin" : 195,
      "end" : 203,
      "text" : "consumer",
      "whiteSpace" : false
    }, {
      "id" : "s1-t7",
      "begin" : 204,
      "end" : 212,
      "text" : "websites",
      "whiteSpace" : false
    }, {
      "id" : "s1-t8",
      "begin" : 212,
      "end" : 213,
      "text" : ",",
      "whiteSpace" : false
    }, {
      "id" : "s1-t9",
      "begin" : 214,
      "end" : 223,
      "text" : "including",
      "whiteSpace" : false
    }, {
      "id" : "s1-t10",
      "begin" : 224,
      "end" : 232,
      "text" : "GameSpot",
      "whiteSpace" : false
    }, {
      "id" : "s1-t11",
      "begin" : 233,
      "end" : 236,
      "text" : "and",
      "whiteSpace" : false
    }, {
      "id" : "s1-t12",
      "begin" : 237,
      "end" : 246,
      "text" : "Eurogamer",
      "whiteSpace" : false
    }, {
      "id" : "s1-t13",
      "begin" : 246,
      "end" : 247,
      "text" : ",",
      "whiteSpace" : false
    }, {
      "id" : "s1-t14",
      "begin" : 248,
      "end" : 250,
      "text" : "EA",
      "whiteSpace" : false
    }, {
      "id" : "s1-t15",
      "begin" : 251,
      "end" : 259,
      "text" : "revealed",
      "whiteSpace" : false
    }, {
      "id" : "s1-t16",
      "begin" : 260,
      "end" : 263,
      "text" : "new",
      "whiteSpace" : false
    }, {
      "id" : "s1-t17",
      "begin" : 264,
      "end" : 269,
      "text" : "title",
      "whiteSpace" : false
    }, {
      "id" : "s1-t18",
      "begin" : 270,
      "end" : 274,
      "text" : "Need",
      "whiteSpace" : false
    }, {
      "id" : "s1-t19",
      "begin" : 275,
      "end" : 278,
      "text" : "for",
      "whiteSpace" : false
    }, {
      "id" : "s1-t20",
      "begin" : 279,
      "end" : 284,
      "text" : "Speed",
      "whiteSpace" : false
    }, {
      "id" : "s1-t21",
      "begin" : 284,
      "end" : 285,
      "text" : ":",
      "whiteSpace" : false
    }, {
      "id" : "s1-t22",
      "begin" : 286,
      "end" : 291,
      "text" : "Shift",
      "whiteSpace" : false
    }, {
      "id" : "s1-t23",
      "begin" : 292,
      "end" : 295,
      "text" : "for",
      "whiteSpace" : false
    }, {
      "id" : "s1-t24",
      "begin" : 296,
      "end" : 299,
      "text" : "the",
      "whiteSpace" : false
    }, {
      "id" : "s1-t25",
      "begin" : 300,
      "end" : 304,
      "text" : "Xbox",
      "whiteSpace" : false
    }, {
      "id" : "s1-t26",
      "begin" : 305,
      "end" : 308,
      "text" : "360",
      "whiteSpace" : false
    }, {
      "id" : "s1-t27",
      "begin" : 308,
      "end" : 309,
      "text" : ",",
      "whiteSpace" : false
    }, {
      "id" : "s1-t28",
      "begin" : 310,
      "end" : 321,
      "text" : "PlayStation",
      "whiteSpace" : false
    }, {
      "id" : "s1-t29",
      "begin" : 322,
      "end" : 323,
      "text" : "3",
      "whiteSpace" : false
    }, {
      "id" : "s1-t30",
      "begin" : 323,
      "end" : 324,
      "text" : ",",
      "whiteSpace" : false
    }, {
      "id" : "s1-t31",
      "begin" : 325,
      "end" : 327,
      "text" : "PC",
      "whiteSpace" : false
    }, {
      "id" : "s1-t32",
      "begin" : 328,
      "end" : 331,
      "text" : "and",
      "whiteSpace" : false
    }, {
      "id" : "s1-t33",
      "begin" : 332,
      "end" : 335,
      "text" : "PSP",
      "whiteSpace" : false
    }, {
      "id" : "s1-t34",
      "begin" : 335,
      "end" : 336,
      "text" : ".",
      "whiteSpace" : false
    } ]
  }, {
    "id" : "s2",
    "begin" : 339,
    "end" : 504,
    "text" : "Intended to be a much more serious racing simulation than previous games, the title is being developed by a combination of internal and external resources in the UK.",
    "tokens" : [ {
      "id" : "s2-t0",
      "begin" : 339,
      "end" : 347,
      "text" : "Intended",
      "whiteSpace" : false
    }, {
      "id" : "s2-t1",
      "begin" : 348,
      "end" : 350,
      "text" : "to",
      "whiteSpace" : false
    }, {
      "id" : "s2-t2",
      "begin" : 351,
      "end" : 353,
      "text" : "be",
      "whiteSpace" : false
    }, {
      "id" : "s2-t3",
      "begin" : 354,
      "end" : 355,
      "text" : "a",
      "whiteSpace" : false
    }, {
      "id" : "s2-t4",
      "begin" : 356,
      "end" : 360,
      "text" : "much",
      "whiteSpace" : false
    }, {
      "id" : "s2-t5",
      "begin" : 361,
      "end" : 365,
      "text" : "more",
      "whiteSpace" : false
    }, {
      "id" : "s2-t6",
      "begin" : 366,
      "end" : 373,
      "text" : "serious",
      "whiteSpace" : false
    }, {
      "id" : "s2-t7",
      "begin" : 374,
      "end" : 380,
      "text" : "racing",
      "whiteSpace" : false
    }, {
      "id" : "s2-t8",
      "begin" : 381,
      "end" : 391,
      "text" : "simulation",
      "whiteSpace" : false
    }, {
      "id" : "s2-t9",
      "begin" : 392,
      "end" : 396,
      "text" : "than",
      "whiteSpace" : false
    }, {
      "id" : "s2-t10",
      "begin" : 397,
      "end" : 405,
      "text" : "previous",
      "whiteSpace" : false
    }, {
      "id" : "s2-t11",
      "begin" : 406,
      "end" : 411,
      "text" : "games",
      "whiteSpace" : false
    }, {
      "id" : "s2-t12",
      "begin" : 411,
      "end" : 412,
      "text" : ",",
      "whiteSpace" : false
    }, {
      "id" : "s2-t13",
      "begin" : 413,
      "end" : 416,
      "text" : "the",
      "whiteSpace" : false
    }, {
      "id" : "s2-t14",
      "begin" : 417,
      "end" : 422,
      "text" : "title",
      "whiteSpace" : false
    }, {
      "id" : "s2-t15",
      "begin" : 423,
      "end" : 425,
      "text" : "is",
      "whiteSpace" : false
    }, {
      "id" : "s2-t16",
      "begin" : 426,
      "end" : 431,
      "text" : "being",
      "whiteSpace" : false
    }, {
      "id" : "s2-t17",
      "begin" : 432,
      "end" : 441,
      "text" : "developed",
      "whiteSpace" : false
    }, {
      "id" : "s2-t18",
      "begin" : 442,
      "end" : 444,
      "text" : "by",
      "whiteSpace" : false
    }, {
      "id" : "s2-t19",
      "begin" : 445,
      "end" : 446,
      "text" : "a",
      "whiteSpace" : false
    }, {
      "id" : "s2-t20",
      "begin" : 447,
      "end" : 458,
      "text" : "combination",
      "whiteSpace" : false
    }, {
      "id" : "s2-t21",
      "begin" : 459,
      "end" : 461,
      "text" : "of",
      "whiteSpace" : false
    }, {
      "id" : "s2-t22",
      "begin" : 462,
      "end" : 470,
      "text" : "internal",
      "whiteSpace" : false
    }, {
      "id" : "s2-t23",
      "begin" : 471,
      "end" : 474,
      "text" : "and",
      "whiteSpace" : false
    }, {
      "id" : "s2-t24",
      "begin" : 475,
      "end" : 483,
      "text" : "external",
      "whiteSpace" : false
    }, {
      "id" : "s2-t25",
      "begin" : 484,
      "end" : 493,
      "text" : "resources",
      "whiteSpace" : false
    }, {
      "id" : "s2-t26",
      "begin" : 494,
      "end" : 496,
      "text" : "in",
      "whiteSpace" : false
    }, {
      "id" : "s2-t27",
      "begin" : 497,
      "end" : 500,
      "text" : "the",
      "whiteSpace" : false
    }, {
      "id" : "s2-t28",
      "begin" : 501,
      "end" : 503,
      "text" : "UK",
      "whiteSpace" : false
    }, {
      "id" : "s2-t29",
      "begin" : 503,
      "end" : 504,
      "text" : ".",
      "whiteSpace" : false
    } ]
  }, {
    "id" : "s3",
    "begin" : 506,
    "end" : 673,
    "text" : "The game will be overseen by Black Box executive producer Michael Mann, as well as EA Games Europe head, and Digital Illusions CE (DICE) co-founder, Patrick Soderlund.",
    "tokens" : [ {
      "id" : "s3-t0",
      "begin" : 506,
      "end" : 509,
      "text" : "The",
      "whiteSpace" : false
    }, {
      "id" : "s3-t1",
      "begin" : 510,
      "end" : 514,
      "text" : "game",
      "whiteSpace" : false
    }, {
      "id" : "s3-t2",
      "begin" : 515,
      "end" : 519,
      "text" : "will",
      "whiteSpace" : false
    }, {
      "id" : "s3-t3",
      "begin" : 520,
      "end" : 522,
      "text" : "be",
      "whiteSpace" : false
    }, {
      "id" : "s3-t4",
      "begin" : 523,
      "end" : 531,
      "text" : "overseen",
      "whiteSpace" : false
    }, {
      "id" : "s3-t5",
      "begin" : 532,
      "end" : 534,
      "text" : "by",
      "whiteSpace" : false
    }, {
      "id" : "s3-t6",
      "begin" : 535,
      "end" : 540,
      "text" : "Black",
      "whiteSpace" : false
    }, {
      "id" : "s3-t7",
      "begin" : 541,
      "end" : 544,
      "text" : "Box",
      "whiteSpace" : false
    }, {
      "id" : "s3-t8",
      "begin" : 545,
      "end" : 554,
      "text" : "executive",
      "whiteSpace" : false
    }, {
      "id" : "s3-t9",
      "begin" : 555,
      "end" : 563,
      "text" : "producer",
      "whiteSpace" : false
    }, {
      "id" : "s3-t10",
      "begin" : 564,
      "end" : 571,
      "text" : "Michael",
      "whiteSpace" : false
    }, {
      "id" : "s3-t11",
      "begin" : 572,
      "end" : 576,
      "text" : "Mann",
      "whiteSpace" : false
    }, {
      "id" : "s3-t12",
      "begin" : 576,
      "end" : 577,
      "text" : ",",
      "whiteSpace" : false
    }, {
      "id" : "s3-t13",
      "begin" : 578,
      "end" : 580,
      "text" : "as",
      "whiteSpace" : false
    }, {
      "id" : "s3-t14",
      "begin" : 581,
      "end" : 585,
      "text" : "well",
      "whiteSpace" : false
    }, {
      "id" : "s3-t15",
      "begin" : 586,
      "end" : 588,
      "text" : "as",
      "whiteSpace" : false
    }, {
      "id" : "s3-t16",
      "begin" : 589,
      "end" : 591,
      "text" : "EA",
      "whiteSpace" : false
    }, {
      "id" : "s3-t17",
      "begin" : 592,
      "end" : 597,
      "text" : "Games",
      "whiteSpace" : false
    }, {
      "id" : "s3-t18",
      "begin" : 598,
      "end" : 604,
      "text" : "Europe",
      "whiteSpace" : false
    }, {
      "id" : "s3-t19",
      "begin" : 605,
      "end" : 609,
      "text" : "head",
      "whiteSpace" : false
    }, {
      "id" : "s3-t20",
      "begin" : 609,
      "end" : 610,
      "text" : ",",
      "whiteSpace" : false
    }, {
      "id" : "s3-t21",
      "begin" : 611,
      "end" : 614,
      "text" : "and",
      "whiteSpace" : false
    }, {
      "id" : "s3-t22",
      "begin" : 615,
      "end" : 622,
      "text" : "Digital",
      "whiteSpace" : false
    }, {
      "id" : "s3-t23",
      "begin" : 623,
      "end" : 632,
      "text" : "Illusions",
      "whiteSpace" : false
    }, {
      "id" : "s3-t24",
      "begin" : 633,
      "end" : 635,
      "text" : "CE",
      "whiteSpace" : false
    }, {
      "id" : "s3-t25",
      "begin" : 636,
      "end" : 637,
      "text" : "(",
      "whiteSpace" : false
    }, {
      "id" : "s3-t26",
      "begin" : 637,
      "end" : 641,
      "text" : "DICE",
      "whiteSpace" : false
    }, {
      "id" : "s3-t27",
      "begin" : 641,
      "end" : 642,
      "text" : ")",
      "whiteSpace" : false
    }, {
      "id" : "s3-t28",
      "begin" : 643,
      "end" : 653,
      "text" : "co-founder",
      "whiteSpace" : false
    }, {
      "id" : "s3-t29",
      "begin" : 653,
      "end" : 654,
      "text" : ",",
      "whiteSpace" : false
    }, {
      "id" : "s3-t30",
      "begin" : 655,
      "end" : 662,
      "text" : "Patrick",
      "whiteSpace" : false
    }, {
      "id" : "s3-t31",
      "begin" : 663,
      "end" : 672,
      "text" : "Soderlund",
      "whiteSpace" : false
    }, {
      "id" : "s3-t32",
      "begin" : 672,
      "end" : 673,
      "text" : ".",
      "whiteSpace" : false
    } ]
  }, {
    "id" : "s4",
    "begin" : 674,
    "end" : 754,
    "text" : "Development work will be carried out by new British studio Slightly Mad Studios.",
    "tokens" : [ {
      "id" : "s4-t0",
      "begin" : 674,
      "end" : 685,
      "text" : "Development",
      "whiteSpace" : false
    }, {
      "id" : "s4-t1",
      "begin" : 686,
      "end" : 690,
      "text" : "work",
      "whiteSpace" : false
    }, {
      "id" : "s4-t2",
      "begin" : 691,
      "end" : 695,
      "text" : "will",
      "whiteSpace" : false
    }, {
      "id" : "s4-t3",
      "begin" : 696,
      "end" : 698,
      "text" : "be",
      "whiteSpace" : false
    }, {
      "id" : "s4-t4",
      "begin" : 699,
      "end" : 706,
      "text" : "carried",
      "whiteSpace" : false
    }, {
      "id" : "s4-t5",
      "begin" : 707,
      "end" : 710,
      "text" : "out",
      "whiteSpace" : false
    }, {
      "id" : "s4-t6",
      "begin" : 711,
      "end" : 713,
      "text" : "by",
      "whiteSpace" : false
    }, {
      "id" : "s4-t7",
      "begin" : 714,
      "end" : 717,
      "text" : "new",
      "whiteSpace" : false
    }, {
      "id" : "s4-t8",
      "begin" : 718,
      "end" : 725,
      "text" : "British",
      "whiteSpace" : false
    }, {
      "id" : "s4-t9",
      "begin" : 726,
      "end" : 732,
      "text" : "studio",
      "whiteSpace" : false
    }, {
      "id" : "s4-t10",
      "begin" : 733,
      "end" : 741,
      "text" : "Slightly",
      "whiteSpace" : false
    }, {
      "id" : "s4-t11",
      "begin" : 742,
      "end" : 745,
      "text" : "Mad",
      "whiteSpace" : false
    }, {
      "id" : "s4-t12",
      "begin" : 746,
      "end" : 753,
      "text" : "Studios",
      "whiteSpace" : false
    }, {
      "id" : "s4-t13",
      "begin" : 753,
      "end" : 754,
      "text" : ".",
      "whiteSpace" : false
    } ]
  }, {
    "id" : "s5",
    "begin" : 755,
    "end" : 865,
    "text" : "The London-based firm is led by SimBin co-founder Ian Bell, who worked on titles such as GT Legends and GTR 2.",
    "tokens" : [ {
      "id" : "s5-t0",
      "begin" : 755,
      "end" : 758,
      "text" : "The",
      "whiteSpace" : false
    }, {
      "id" : "s5-t1",
      "begin" : 759,
      "end" : 771,
      "text" : "London-based",
      "whiteSpace" : false
    }, {
      "id" : "s5-t2",
      "begin" : 772,
      "end" : 776,
      "text" : "firm",
      "whiteSpace" : false
    }, {
      "id" : "s5-t3",
      "begin" : 777,
      "end" : 779,
      "text" : "is",
      "whiteSpace" : false
    }, {
      "id" : "s5-t4",
      "begin" : 780,
      "end" : 783,
      "text" : "led",
      "whiteSpace" : false
    }, {
      "id" : "s5-t5",
      "begin" : 784,
      "end" : 786,
      "text" : "by",
      "whiteSpace" : false
    }, {
      "id" : "s5-t6",
      "begin" : 787,
      "end" : 793,
      "text" : "SimBin",
      "whiteSpace" : false
    }, {
      "id" : "s5-t7",
      "begin" : 794,
      "end" : 804,
      "text" : "co-founder",
      "whiteSpace" : false
    }, {
      "id" : "s5-t8",
      "begin" : 805,
      "end" : 808,
      "text" : "Ian",
      "whiteSpace" : false
    }, {
      "id" : "s5-t9",
      "begin" : 809,
      "end" : 813,
      "text" : "Bell",
      "whiteSpace" : false
    }, {
      "id" : "s5-t10",
      "begin" : 813,
      "end" : 814,
      "text" : ",",
      "whiteSpace" : false
    }, {
      "id" : "s5-t11",
      "begin" : 815,
      "end" : 818,
      "text" : "who",
      "whiteSpace" : false
    }, {
      "id" : "s5-t12",
      "begin" : 819,
      "end" : 825,
      "text" : "worked",
      "whiteSpace" : false
    }, {
      "id" : "s5-t13",
      "begin" : 826,
      "end" : 828,
      "text" : "on",
      "whiteSpace" : false
    }, {
      "id" : "s5-t14",
      "begin" : 829,
      "end" : 835,
      "text" : "titles",
      "whiteSpace" : false
    }, {
      "id" : "s5-t15",
      "begin" : 836,
      "end" : 840,
      "text" : "such",
      "whiteSpace" : false
    }, {
      "id" : "s5-t16",
      "begin" : 841,
      "end" : 843,
      "text" : "as",
      "whiteSpace" : false
    }, {
      "id" : "s5-t17",
      "begin" : 844,
      "end" : 846,
      "text" : "GT",
      "whiteSpace" : false
    }, {
      "id" : "s5-t18",
      "begin" : 847,
      "end" : 854,
      "text" : "Legends",
      "whiteSpace" : false
    }, {
      "id" : "s5-t19",
      "begin" : 855,
      "end" : 858,
      "text" : "and",
      "whiteSpace" : false
    }, {
      "id" : "s5-t20",
      "begin" : 859,
      "end" : 862,
      "text" : "GTR",
      "whiteSpace" : false
    }, {
      "id" : "s5-t21",
      "begin" : 863,
      "end" : 864,
      "text" : "2",
      "whiteSpace" : false
    }, {
      "id" : "s5-t22",
      "begin" : 864,
      "end" : 865,
      "text" : ".",
      "whiteSpace" : false
    } ]
  }, {
    "id" : "s6",
    "begin" : 867,
    "end" : 988,
    "text" : "The second game is currently known as Need for Speed: Nitro and will be released exclusively for the Wii and Nintendo DS.",
    "tokens" : [ {
      "id" : "s6-t0",
      "begin" : 867,
      "end" : 870,
      "text" : "The",
      "whiteSpace" : false
    }, {
      "id" : "s6-t1",
      "begin" : 871,
      "end" : 877,
      "text" : "second",
      "whiteSpace" : false
    }, {
      "id" : "s6-t2",
      "begin" : 878,
      "end" : 882,
      "text" : "game",
      "whiteSpace" : false
    }, {
      "id" : "s6-t3",
      "begin" : 883,
      "end" : 885,
      "text" : "is",
      "whiteSpace" : false
    }, {
      "id" : "s6-t4",
      "begin" : 886,
      "end" : 895,
      "text" : "currently",
      "whiteSpace" : false
    }, {
      "id" : "s6-t5",
      "begin" : 896,
      "end" : 901,
      "text" : "known",
      "whiteSpace" : false
    }, {
      "id" : "s6-t6",
      "begin" : 902,
      "end" : 904,
      "text" : "as",
      "whiteSpace" : false
    }, {
      "id" : "s6-t7",
      "begin" : 905,
      "end" : 909,
      "text" : "Need",
      "whiteSpace" : false
    }, {
      "id" : "s6-t8",
      "begin" : 910,
      "end" : 913,
      "text" : "for",
      "whiteSpace" : false
    }, {
      "id" : "s6-t9",
      "begin" : 914,
      "end" : 919,
      "text" : "Speed",
      "whiteSpace" : false
    }, {
      "id" : "s6-t10",
      "begin" : 919,
      "end" : 920,
      "text" : ":",
      "whiteSpace" : false
    }, {
      "id" : "s6-t11",
      "begin" : 921,
      "end" : 926,
      "text" : "Nitro",
      "whiteSpace" : false
    }, {
      "id" : "s6-t12",
      "begin" : 927,
      "end" : 930,
      "text" : "and",
      "whiteSpace" : false
    }, {
      "id" : "s6-t13",
      "begin" : 931,
      "end" : 935,
      "text" : "will",
      "whiteSpace" : false
    }, {
      "id" : "s6-t14",
      "begin" : 936,
      "end" : 938,
      "text" : "be",
      "whiteSpace" : false
    }, {
      "id" : "s6-t15",
      "begin" : 939,
      "end" : 947,
      "text" : "released",
      "whiteSpace" : false
    }, {
      "id" : "s6-t16",
      "begin" : 948,
      "end" : 959,
      "text" : "exclusively",
      "whiteSpace" : false
    }, {
      "id" : "s6-t17",
      "begin" : 960,
      "end" : 963,
      "text" : "for",
      "whiteSpace" : false
    }, {
      "id" : "s6-t18",
      "begin" : 964,
      "end" : 967,
      "text" : "the",
      "whiteSpace" : false
    }, {
      "id" : "s6-t19",
      "begin" : 968,
      "end" : 971,
      "text" : "Wii",
      "whiteSpace" : false
    }, {
      "id" : "s6-t20",
      "begin" : 972,
      "end" : 975,
      "text" : "and",
      "whiteSpace" : false
    }, {
      "id" : "s6-t21",
      "begin" : 976,
      "end" : 984,
      "text" : "Nintendo",
      "whiteSpace" : false
    }, {
      "id" : "s6-t22",
      "begin" : 985,
      "end" : 987,
      "text" : "DS",
      "whiteSpace" : false
    }, {
      "id" : "s6-t23",
      "begin" : 987,
      "end" : 988,
      "text" : ".",
      "whiteSpace" : false
    } ]
  }, {
    "id" : "s7",
    "begin" : 989,
    "end" : 1111,
    "text" : "Developed by EA Montreal, the game is described as having a unique visual style but no screenshots have yet been released.",
    "tokens" : [ {
      "id" : "s7-t0",
      "begin" : 989,
      "end" : 998,
      "text" : "Developed",
      "whiteSpace" : false
    }, {
      "id" : "s7-t1",
      "begin" : 999,
      "end" : 1001,
      "text" : "by",
      "whiteSpace" : false
    }, {
      "id" : "s7-t2",
      "begin" : 1002,
      "end" : 1004,
      "text" : "EA",
      "whiteSpace" : false
    }, {
      "id" : "s7-t3",
      "begin" : 1005,
      "end" : 1013,
      "text" : "Montreal",
      "whiteSpace" : false
    }, {
      "id" : "s7-t4",
      "begin" : 1013,
      "end" : 1014,
      "text" : ",",
      "whiteSpace" : false
    }, {
      "id" : "s7-t5",
      "begin" : 1015,
      "end" : 1018,
      "text" : "the",
      "whiteSpace" : false
    }, {
      "id" : "s7-t6",
      "begin" : 1019,
      "end" : 1023,
      "text" : "game",
      "whiteSpace" : false
    }, {
      "id" : "s7-t7",
      "begin" : 1024,
      "end" : 1026,
      "text" : "is",
      "whiteSpace" : false
    }, {
      "id" : "s7-t8",
      "begin" : 1027,
      "end" : 1036,
      "text" : "described",
      "whiteSpace" : false
    }, {
      "id" : "s7-t9",
      "begin" : 1037,
      "end" : 1039,
      "text" : "as",
      "whiteSpace" : false
    }, {
      "id" : "s7-t10",
      "begin" : 1040,
      "end" : 1046,
      "text" : "having",
      "whiteSpace" : false
    }, {
      "id" : "s7-t11",
      "begin" : 1047,
      "end" : 1048,
      "text" : "a",
      "whiteSpace" : false
    }, {
      "id" : "s7-t12",
      "begin" : 1049,
      "end" : 1055,
      "text" : "unique",
      "whiteSpace" : false
    }, {
      "id" : "s7-t13",
      "begin" : 1056,
      "end" : 1062,
      "text" : "visual",
      "whiteSpace" : false
    }, {
      "id" : "s7-t14",
      "begin" : 1063,
      "end" : 1068,
      "text" : "style",
      "whiteSpace" : false
    }, {
      "id" : "s7-t15",
      "begin" : 1069,
      "end" : 1072,
      "text" : "but",
      "whiteSpace" : false
    }, {
      "id" : "s7-t16",
      "begin" : 1073,
      "end" : 1075,
      "text" : "no",
      "whiteSpace" : false
    }, {
      "id" : "s7-t17",
      "begin" : 1076,
      "end" : 1087,
      "text" : "screenshots",
      "whiteSpace" : false
    }, {
      "id" : "s7-t18",
      "begin" : 1088,
      "end" : 1092,
      "text" : "have",
      "whiteSpace" : false
    }, {
      "id" : "s7-t19",
      "begin" : 1093,
      "end" : 1096,
      "text" : "yet",
      "whiteSpace" : false
    }, {
      "id" : "s7-t20",
      "begin" : 1097,
      "end" : 1101,
      "text" : "been",
      "whiteSpace" : false
    }, {
      "id" : "s7-t21",
      "begin" : 1102,
      "end" : 1110,
      "text" : "released",
      "whiteSpace" : false
    }, {
      "id" : "s7-t22",
      "begin" : 1110,
      "end" : 1111,
      "text" : ".",
      "whiteSpace" : false
    } ]
  }, {
    "id" : "s8",
    "begin" : 1113,
    "end" : 1207,
    "text" : "The final game is online PC title Need for Speed: World Online, a free-to-play title developed",
    "tokens" : [ {
      "id" : "s8-t0",
      "begin" : 1113,
      "end" : 1116,
      "text" : "The",
      "whiteSpace" : false
    }, {
      "id" : "s8-t1",
      "begin" : 1117,
      "end" : 1122,
      "text" : "final",
      "whiteSpace" : false
    }, {
      "id" : "s8-t2",
      "begin" : 1123,
      "end" : 1127,
      "text" : "game",
      "whiteSpace" : false
    }, {
      "id" : "s8-t3",
      "begin" : 1128,
      "end" : 1130,
      "text" : "is",
      "whiteSpace" : false
    }, {
      "id" : "s8-t4",
      "begin" : 1131,
      "end" : 1137,
      "text" : "online",
      "whiteSpace" : false
    }, {
      "id" : "s8-t5",
      "begin" : 1138,
      "end" : 1140,
      "text" : "PC",
      "whiteSpace" : false
    }, {
      "id" : "s8-t6",
      "begin" : 1141,
      "end" : 1146,
      "text" : "title",
      "whiteSpace" : false
    }, {
      "id" : "s8-t7",
      "begin" : 1147,
      "end" : 1151,
      "text" : "Need",
      "whiteSpace" : false
    }, {
      "id" : "s8-t8",
      "begin" : 1152,
      "end" : 1155,
      "text" : "for",
      "whiteSpace" : false
    }, {
      "id" : "s8-t9",
      "begin" : 1156,
      "end" : 1161,
      "text" : "Speed",
      "whiteSpace" : false
    }, {
      "id" : "s8-t10",
      "begin" : 1161,
      "end" : 1162,
      "text" : ":",
      "whiteSpace" : false
    }, {
      "id" : "s8-t11",
      "begin" : 1163,
      "end" : 1168,
      "text" : "World",
      "whiteSpace" : false
    }, {
      "id" : "s8-t12",
      "begin" : 1169,
      "end" : 1175,
      "text" : "Online",
      "whiteSpace" : false
    }, {
      "id" : "s8-t13",
      "begin" : 1175,
      "end" : 1176,
      "text" : ",",
      "whiteSpace" : false
    }, {
      "id" : "s8-t14",
      "begin" : 1177,
      "end" : 1178,
      "text" : "a",
      "whiteSpace" : false
    }, {
      "id" : "s8-t15",
      "begin" : 1179,
      "end" : 1183,
      "text" : "free",
      "whiteSpace" : false
    }, {
      "id" : "s8-t16",
      "begin" : 1183,
      "end" : 1184,
      "text" : "-",
      "whiteSpace" : false
    }, {
      "id" : "s8-t17",
      "begin" : 1184,
      "end" : 1186,
      "text" : "to",
      "whiteSpace" : false
    }, {
      "id" : "s8-t18",
      "begin" : 1186,
      "end" : 1187,
      "text" : "-",
      "whiteSpace" : false
    }, {
      "id" : "s8-t19",
      "begin" : 1187,
      "end" : 1191,
      "text" : "play",
      "whiteSpace" : false
    }, {
      "id" : "s8-t20",
      "begin" : 1192,
      "end" : 1197,
      "text" : "title",
      "whiteSpace" : false
    }, {
      "id" : "s8-t21",
      "begin" : 1198,
      "end" : 1207,
      "text" : "developed",
      "whiteSpace" : false
    } ]
  } ],
  "mentions" : [ ],
  "relations" : [ ],
  "corefs" : [ ],
  "typeResolved" : true,
  "userResolved" : false
}