{
  "id" : "b99682a0-021f-11e7-adfe-7b21e22b049b-13",
  "name" : "Technology - io9.com",
  "version" : 3,
  "text" : "Satoko Inoue and Tomohiro Shibata were recently wed by I-Fairy, a four-foot tall pigtailed robot made by Sanrio subsidiary Kokoro. The I-Fairy, which costs ~$70,000, was the first robot to ever conduct a wedding. Is this cute or creepy?",
  "docLength" : 0,
  "language" : "EN",
  "status" : "SUBMITTED",
  "modifiedDate" : 1488772295484,
  "documentSet" : [ ],
  "preannotation" : [ "PRE_LW" ],
  "sentences" : [ {
    "id" : "s0",
    "begin" : 0,
    "end" : 130,
    "text" : "Satoko Inoue and Tomohiro Shibata were recently wed by I-Fairy, a four-foot tall pigtailed robot made by Sanrio subsidiary Kokoro.",
    "tokens" : [ {
      "id" : "s0-t0",
      "begin" : 0,
      "end" : 6,
      "text" : "Satoko",
      "whiteSpace" : false
    }, {
      "id" : "s0-t1",
      "begin" : 7,
      "end" : 12,
      "text" : "Inoue",
      "whiteSpace" : false
    }, {
      "id" : "s0-t2",
      "begin" : 13,
      "end" : 16,
      "text" : "and",
      "whiteSpace" : false
    }, {
      "id" : "s0-t3",
      "begin" : 17,
      "end" : 25,
      "text" : "Tomohiro",
      "whiteSpace" : false
    }, {
      "id" : "s0-t4",
      "begin" : 26,
      "end" : 33,
      "text" : "Shibata",
      "whiteSpace" : false
    }, {
      "id" : "s0-t5",
      "begin" : 34,
      "end" : 38,
      "text" : "were",
      "whiteSpace" : false
    }, {
      "id" : "s0-t6",
      "begin" : 39,
      "end" : 47,
      "text" : "recently",
      "whiteSpace" : false
    }, {
      "id" : "s0-t7",
      "begin" : 48,
      "end" : 51,
      "text" : "wed",
      "whiteSpace" : false
    }, {
      "id" : "s0-t8",
      "begin" : 52,
      "end" : 54,
      "text" : "by",
      "whiteSpace" : false
    }, {
      "id" : "s0-t9",
      "begin" : 55,
      "end" : 62,
      "text" : "I-Fairy",
      "whiteSpace" : false
    }, {
      "id" : "s0-t10",
      "begin" : 62,
      "end" : 63,
      "text" : ",",
      "whiteSpace" : false
    }, {
      "id" : "s0-t11",
      "begin" : 64,
      "end" : 65,
      "text" : "a",
      "whiteSpace" : false
    }, {
      "id" : "s0-t12",
      "begin" : 66,
      "end" : 75,
      "text" : "four-foot",
      "whiteSpace" : false
    }, {
      "id" : "s0-t13",
      "begin" : 76,
      "end" : 80,
      "text" : "tall",
      "whiteSpace" : false
    }, {
      "id" : "s0-t14",
      "begin" : 81,
      "end" : 90,
      "text" : "pigtailed",
      "whiteSpace" : false
    }, {
      "id" : "s0-t15",
      "begin" : 91,
      "end" : 96,
      "text" : "robot",
      "whiteSpace" : false
    }, {
      "id" : "s0-t16",
      "begin" : 97,
      "end" : 101,
      "text" : "made",
      "whiteSpace" : false
    }, {
      "id" : "s0-t17",
      "begin" : 102,
      "end" : 104,
      "text" : "by",
      "whiteSpace" : false
    }, {
      "id" : "s0-t18",
      "begin" : 105,
      "end" : 111,
      "text" : "Sanrio",
      "whiteSpace" : false
    }, {
      "id" : "s0-t19",
      "begin" : 112,
      "end" : 122,
      "text" : "subsidiary",
      "whiteSpace" : false
    }, {
      "id" : "s0-t20",
      "begin" : 123,
      "end" : 129,
      "text" : "Kokoro",
      "whiteSpace" : false
    }, {
      "id" : "s0-t21",
      "begin" : 129,
      "end" : 130,
      "text" : ".",
      "whiteSpace" : false
    } ]
  }, {
    "id" : "s1",
    "begin" : 131,
    "end" : 212,
    "text" : "The I-Fairy, which costs ~$70,000, was the first robot to ever conduct a wedding.",
    "tokens" : [ {
      "id" : "s1-t0",
      "begin" : 131,
      "end" : 134,
      "text" : "The",
      "whiteSpace" : false
    }, {
      "id" : "s1-t1",
      "begin" : 135,
      "end" : 142,
      "text" : "I-Fairy",
      "whiteSpace" : false
    }, {
      "id" : "s1-t2",
      "begin" : 142,
      "end" : 143,
      "text" : ",",
      "whiteSpace" : false
    }, {
      "id" : "s1-t3",
      "begin" : 144,
      "end" : 149,
      "text" : "which",
      "whiteSpace" : false
    }, {
      "id" : "s1-t4",
      "begin" : 150,
      "end" : 155,
      "text" : "costs",
      "whiteSpace" : false
    }, {
      "id" : "s1-t5",
      "begin" : 156,
      "end" : 157,
      "text" : "~",
      "whiteSpace" : false
    }, {
      "id" : "s1-t6",
      "begin" : 157,
      "end" : 158,
      "text" : "$",
      "whiteSpace" : false
    }, {
      "id" : "s1-t7",
      "begin" : 158,
      "end" : 164,
      "text" : "70,000",
      "whiteSpace" : false
    }, {
      "id" : "s1-t8",
      "begin" : 164,
      "end" : 165,
      "text" : ",",
      "whiteSpace" : false
    }, {
      "id" : "s1-t9",
      "begin" : 166,
      "end" : 169,
      "text" : "was",
      "whiteSpace" : false
    }, {
      "id" : "s1-t10",
      "begin" : 170,
      "end" : 173,
      "text" : "the",
      "whiteSpace" : false
    }, {
      "id" : "s1-t11",
      "begin" : 174,
      "end" : 179,
      "text" : "first",
      "whiteSpace" : false
    }, {
      "id" : "s1-t12",
      "begin" : 180,
      "end" : 185,
      "text" : "robot",
      "whiteSpace" : false
    }, {
      "id" : "s1-t13",
      "begin" : 186,
      "end" : 188,
      "text" : "to",
      "whiteSpace" : false
    }, {
      "id" : "s1-t14",
      "begin" : 189,
      "end" : 193,
      "text" : "ever",
      "whiteSpace" : false
    }, {
      "id" : "s1-t15",
      "begin" : 194,
      "end" : 201,
      "text" : "conduct",
      "whiteSpace" : false
    }, {
      "id" : "s1-t16",
      "begin" : 202,
      "end" : 203,
      "text" : "a",
      "whiteSpace" : false
    }, {
      "id" : "s1-t17",
      "begin" : 204,
      "end" : 211,
      "text" : "wedding",
      "whiteSpace" : false
    }, {
      "id" : "s1-t18",
      "begin" : 211,
      "end" : 212,
      "text" : ".",
      "whiteSpace" : false
    } ]
  }, {
    "id" : "s2",
    "begin" : 213,
    "end" : 236,
    "text" : "Is this cute or creepy?",
    "tokens" : [ {
      "id" : "s2-t0",
      "begin" : 213,
      "end" : 215,
      "text" : "Is",
      "whiteSpace" : false
    }, {
      "id" : "s2-t1",
      "begin" : 216,
      "end" : 220,
      "text" : "this",
      "whiteSpace" : false
    }, {
      "id" : "s2-t2",
      "begin" : 221,
      "end" : 225,
      "text" : "cute",
      "whiteSpace" : false
    }, {
      "id" : "s2-t3",
      "begin" : 226,
      "end" : 228,
      "text" : "or",
      "whiteSpace" : false
    }, {
      "id" : "s2-t4",
      "begin" : 229,
      "end" : 235,
      "text" : "creepy",
      "whiteSpace" : false
    }, {
      "id" : "s2-t5",
      "begin" : 235,
      "end" : 236,
      "text" : "?",
      "whiteSpace" : false
    } ]
  } ],
  "mentions" : [ ],
  "relations" : [ ],
  "corefs" : [ ],
  "typeResolved" : true,
  "userResolved" : false
}