{
  "id" : "b99682a0-021f-11e7-adfe-7b21e22b049b-7",
  "name" : "Technology - e.nikkei.com",
  "version" : 3,
  "text" : "Nikkei Asia Prizes Awarded To 3 IndividualsTOKYO (Nikkei)--Nikkei Asia Prizes were awarded at a Tokyo hotel Wednesday, recognizing superb achievements by the three winners.\r\rThe awards, launched by Nikkei Inc. in 1996, honor people and groups in Asia that have made significant contributions to culture, technology and economic growth in the region.",
  "docLength" : 0,
  "language" : "EN",
  "status" : "SUBMITTED",
  "modifiedDate" : 1488772295484,
  "documentSet" : [ ],
  "preannotation" : [ "PRE_LW" ],
  "sentences" : [ {
    "id" : "s0",
    "begin" : 0,
    "end" : 172,
    "text" : "Nikkei Asia Prizes Awarded To 3 IndividualsTOKYO (Nikkei)--Nikkei Asia Prizes were awarded at a Tokyo hotel Wednesday, recognizing superb achievements by the three winners.",
    "tokens" : [ {
      "id" : "s0-t0",
      "begin" : 0,
      "end" : 6,
      "text" : "Nikkei",
      "whiteSpace" : false
    }, {
      "id" : "s0-t1",
      "begin" : 7,
      "end" : 11,
      "text" : "Asia",
      "whiteSpace" : false
    }, {
      "id" : "s0-t2",
      "begin" : 12,
      "end" : 18,
      "text" : "Prizes",
      "whiteSpace" : false
    }, {
      "id" : "s0-t3",
      "begin" : 19,
      "end" : 26,
      "text" : "Awarded",
      "whiteSpace" : false
    }, {
      "id" : "s0-t4",
      "begin" : 27,
      "end" : 29,
      "text" : "To",
      "whiteSpace" : false
    }, {
      "id" : "s0-t5",
      "begin" : 30,
      "end" : 31,
      "text" : "3",
      "whiteSpace" : false
    }, {
      "id" : "s0-t6",
      "begin" : 32,
      "end" : 48,
      "text" : "IndividualsTOKYO",
      "whiteSpace" : false
    }, {
      "id" : "s0-t7",
      "begin" : 49,
      "end" : 50,
      "text" : "(",
      "whiteSpace" : false
    }, {
      "id" : "s0-t8",
      "begin" : 50,
      "end" : 56,
      "text" : "Nikkei",
      "whiteSpace" : false
    }, {
      "id" : "s0-t9",
      "begin" : 56,
      "end" : 57,
      "text" : ")",
      "whiteSpace" : false
    }, {
      "id" : "s0-t10",
      "begin" : 57,
      "end" : 65,
      "text" : "--Nikkei",
      "whiteSpace" : false
    }, {
      "id" : "s0-t11",
      "begin" : 66,
      "end" : 70,
      "text" : "Asia",
      "whiteSpace" : false
    }, {
      "id" : "s0-t12",
      "begin" : 71,
      "end" : 77,
      "text" : "Prizes",
      "whiteSpace" : false
    }, {
      "id" : "s0-t13",
      "begin" : 78,
      "end" : 82,
      "text" : "were",
      "whiteSpace" : false
    }, {
      "id" : "s0-t14",
      "begin" : 83,
      "end" : 90,
      "text" : "awarded",
      "whiteSpace" : false
    }, {
      "id" : "s0-t15",
      "begin" : 91,
      "end" : 93,
      "text" : "at",
      "whiteSpace" : false
    }, {
      "id" : "s0-t16",
      "begin" : 94,
      "end" : 95,
      "text" : "a",
      "whiteSpace" : false
    }, {
      "id" : "s0-t17",
      "begin" : 96,
      "end" : 101,
      "text" : "Tokyo",
      "whiteSpace" : false
    }, {
      "id" : "s0-t18",
      "begin" : 102,
      "end" : 107,
      "text" : "hotel",
      "whiteSpace" : false
    }, {
      "id" : "s0-t19",
      "begin" : 108,
      "end" : 117,
      "text" : "Wednesday",
      "whiteSpace" : false
    }, {
      "id" : "s0-t20",
      "begin" : 117,
      "end" : 118,
      "text" : ",",
      "whiteSpace" : false
    }, {
      "id" : "s0-t21",
      "begin" : 119,
      "end" : 130,
      "text" : "recognizing",
      "whiteSpace" : false
    }, {
      "id" : "s0-t22",
      "begin" : 131,
      "end" : 137,
      "text" : "superb",
      "whiteSpace" : false
    }, {
      "id" : "s0-t23",
      "begin" : 138,
      "end" : 150,
      "text" : "achievements",
      "whiteSpace" : false
    }, {
      "id" : "s0-t24",
      "begin" : 151,
      "end" : 153,
      "text" : "by",
      "whiteSpace" : false
    }, {
      "id" : "s0-t25",
      "begin" : 154,
      "end" : 157,
      "text" : "the",
      "whiteSpace" : false
    }, {
      "id" : "s0-t26",
      "begin" : 158,
      "end" : 163,
      "text" : "three",
      "whiteSpace" : false
    }, {
      "id" : "s0-t27",
      "begin" : 164,
      "end" : 171,
      "text" : "winners",
      "whiteSpace" : false
    }, {
      "id" : "s0-t28",
      "begin" : 171,
      "end" : 172,
      "text" : ".",
      "whiteSpace" : false
    } ]
  }, {
    "id" : "s1",
    "begin" : 174,
    "end" : 349,
    "text" : "The awards, launched by Nikkei Inc. in 1996, honor people and groups in Asia that have made significant contributions to culture, technology and economic growth in the region.",
    "tokens" : [ {
      "id" : "s1-t0",
      "begin" : 174,
      "end" : 177,
      "text" : "The",
      "whiteSpace" : false
    }, {
      "id" : "s1-t1",
      "begin" : 178,
      "end" : 184,
      "text" : "awards",
      "whiteSpace" : false
    }, {
      "id" : "s1-t2",
      "begin" : 184,
      "end" : 185,
      "text" : ",",
      "whiteSpace" : false
    }, {
      "id" : "s1-t3",
      "begin" : 186,
      "end" : 194,
      "text" : "launched",
      "whiteSpace" : false
    }, {
      "id" : "s1-t4",
      "begin" : 195,
      "end" : 197,
      "text" : "by",
      "whiteSpace" : false
    }, {
      "id" : "s1-t5",
      "begin" : 198,
      "end" : 204,
      "text" : "Nikkei",
      "whiteSpace" : false
    }, {
      "id" : "s1-t6",
      "begin" : 205,
      "end" : 209,
      "text" : "Inc.",
      "whiteSpace" : false
    }, {
      "id" : "s1-t7",
      "begin" : 210,
      "end" : 212,
      "text" : "in",
      "whiteSpace" : false
    }, {
      "id" : "s1-t8",
      "begin" : 213,
      "end" : 217,
      "text" : "1996",
      "whiteSpace" : false
    }, {
      "id" : "s1-t9",
      "begin" : 217,
      "end" : 218,
      "text" : ",",
      "whiteSpace" : false
    }, {
      "id" : "s1-t10",
      "begin" : 219,
      "end" : 224,
      "text" : "honor",
      "whiteSpace" : false
    }, {
      "id" : "s1-t11",
      "begin" : 225,
      "end" : 231,
      "text" : "people",
      "whiteSpace" : false
    }, {
      "id" : "s1-t12",
      "begin" : 232,
      "end" : 235,
      "text" : "and",
      "whiteSpace" : false
    }, {
      "id" : "s1-t13",
      "begin" : 236,
      "end" : 242,
      "text" : "groups",
      "whiteSpace" : false
    }, {
      "id" : "s1-t14",
      "begin" : 243,
      "end" : 245,
      "text" : "in",
      "whiteSpace" : false
    }, {
      "id" : "s1-t15",
      "begin" : 246,
      "end" : 250,
      "text" : "Asia",
      "whiteSpace" : false
    }, {
      "id" : "s1-t16",
      "begin" : 251,
      "end" : 255,
      "text" : "that",
      "whiteSpace" : false
    }, {
      "id" : "s1-t17",
      "begin" : 256,
      "end" : 260,
      "text" : "have",
      "whiteSpace" : false
    }, {
      "id" : "s1-t18",
      "begin" : 261,
      "end" : 265,
      "text" : "made",
      "whiteSpace" : false
    }, {
      "id" : "s1-t19",
      "begin" : 266,
      "end" : 277,
      "text" : "significant",
      "whiteSpace" : false
    }, {
      "id" : "s1-t20",
      "begin" : 278,
      "end" : 291,
      "text" : "contributions",
      "whiteSpace" : false
    }, {
      "id" : "s1-t21",
      "begin" : 292,
      "end" : 294,
      "text" : "to",
      "whiteSpace" : false
    }, {
      "id" : "s1-t22",
      "begin" : 295,
      "end" : 302,
      "text" : "culture",
      "whiteSpace" : false
    }, {
      "id" : "s1-t23",
      "begin" : 302,
      "end" : 303,
      "text" : ",",
      "whiteSpace" : false
    }, {
      "id" : "s1-t24",
      "begin" : 304,
      "end" : 314,
      "text" : "technology",
      "whiteSpace" : false
    }, {
      "id" : "s1-t25",
      "begin" : 315,
      "end" : 318,
      "text" : "and",
      "whiteSpace" : false
    }, {
      "id" : "s1-t26",
      "begin" : 319,
      "end" : 327,
      "text" : "economic",
      "whiteSpace" : false
    }, {
      "id" : "s1-t27",
      "begin" : 328,
      "end" : 334,
      "text" : "growth",
      "whiteSpace" : false
    }, {
      "id" : "s1-t28",
      "begin" : 335,
      "end" : 337,
      "text" : "in",
      "whiteSpace" : false
    }, {
      "id" : "s1-t29",
      "begin" : 338,
      "end" : 341,
      "text" : "the",
      "whiteSpace" : false
    }, {
      "id" : "s1-t30",
      "begin" : 342,
      "end" : 348,
      "text" : "region",
      "whiteSpace" : false
    }, {
      "id" : "s1-t31",
      "begin" : 348,
      "end" : 349,
      "text" : ".",
      "whiteSpace" : false
    } ]
  } ],
  "mentions" : [ ],
  "relations" : [ ],
  "corefs" : [ ],
  "typeResolved" : true,
  "userResolved" : false
}