{
  "id" : "b99682a0-021f-11e7-adfe-7b21e22b049b-9",
  "name" : "Technology - foxnews.com",
  "version" : 3,
  "text" : "LAS VEGAS '  Microsoft Corp.'s next version of the Windows operating system is almost ready for prime time. That's one message Chief Executive Steve Ballmer delivered on the eve of the official opening of the International Consumer Electronics Show.\r\rThe world's largest software maker also disclosed deals to make its Live Search programs the default search engines on more personal computers and mobile phones.\r\rAnd it announced a new version of its Ford Sync in-car technology that folds in the voice-operated directory service TellMe, which Microsoft bought in 2007.\r\rFor years, the opening keynote at CES belonged to Microsoft Chairman Bill Gates, whose status as industry pioneer justified the sweeping visions of the future he'd build into his speech.\r\rGates passed the mantle on when he stepped down from day-to-day operations at Microsoft last summer, and Wednesday marked Ballmer's first time making the high-profile address.\r\r'It feels like we've entered a period of reduced expectations, a time when we may be tempted to temper our optimism and scale back our ambitions,' Ballmer said, in a nod to the recession. 'But no matter what happens with the economy or how long this recession lasts, I believe our digital lives will only continue to get richer.'\r\rBallmer said Microsoft would continue to invest more in research and development than its technology peers.\r\rThe CEO announced that a nearly final 'beta' test version of Windows 7 will be available Friday for regular PC users to download and tinker with.\r\rThe new operating system which could be available for purchase on PCs within a year uses much of the same underlying technology as its predecessor, the much-maligned Vista.\r\rBut Windows 7 aims to resolve many problems PC users had with Vista. For instance, Microsoft pledges to make it easier to install peripheral devices and to have the software pump out fewer annoying warnings and notifications.\r\rBallmer also ",
  "docLength" : 0,
  "language" : "EN",
  "status" : "READY",
  "modifiedDate" : 1489130156975,
  "documentSet" : [ ],
  "preannotation" : [ "PRE_SIRE" ],
  "sentences" : [ {
    "id" : "s0",
    "begin" : 0,
    "end" : 107,
    "text" : "LAS VEGAS '  Microsoft Corp.'s next version of the Windows operating system is almost ready for prime time.",
    "tokens" : [ {
      "id" : "s0-t0",
      "begin" : 0,
      "end" : 3,
      "text" : "LAS",
      "whiteSpace" : false
    }, {
      "id" : "s0-t1",
      "begin" : 4,
      "end" : 9,
      "text" : "VEGAS",
      "whiteSpace" : false
    }, {
      "id" : "s0-t2",
      "begin" : 10,
      "end" : 11,
      "text" : "'",
      "whiteSpace" : false
    }, {
      "id" : "s0-t3",
      "begin" : 13,
      "end" : 22,
      "text" : "Microsoft",
      "whiteSpace" : false
    }, {
      "id" : "s0-t4",
      "begin" : 23,
      "end" : 28,
      "text" : "Corp.",
      "whiteSpace" : false
    }, {
      "id" : "s0-t5",
      "begin" : 28,
      "end" : 30,
      "text" : "'s",
      "whiteSpace" : false
    }, {
      "id" : "s0-t6",
      "begin" : 31,
      "end" : 35,
      "text" : "next",
      "whiteSpace" : false
    }, {
      "id" : "s0-t7",
      "begin" : 36,
      "end" : 43,
      "text" : "version",
      "whiteSpace" : false
    }, {
      "id" : "s0-t8",
      "begin" : 44,
      "end" : 46,
      "text" : "of",
      "whiteSpace" : false
    }, {
      "id" : "s0-t9",
      "begin" : 47,
      "end" : 50,
      "text" : "the",
      "whiteSpace" : false
    }, {
      "id" : "s0-t10",
      "begin" : 51,
      "end" : 58,
      "text" : "Windows",
      "whiteSpace" : false
    }, {
      "id" : "s0-t11",
      "begin" : 59,
      "end" : 68,
      "text" : "operating",
      "whiteSpace" : false
    }, {
      "id" : "s0-t12",
      "begin" : 69,
      "end" : 75,
      "text" : "system",
      "whiteSpace" : false
    }, {
      "id" : "s0-t13",
      "begin" : 76,
      "end" : 78,
      "text" : "is",
      "whiteSpace" : false
    }, {
      "id" : "s0-t14",
      "begin" : 79,
      "end" : 85,
      "text" : "almost",
      "whiteSpace" : false
    }, {
      "id" : "s0-t15",
      "begin" : 86,
      "end" : 91,
      "text" : "ready",
      "whiteSpace" : false
    }, {
      "id" : "s0-t16",
      "begin" : 92,
      "end" : 95,
      "text" : "for",
      "whiteSpace" : false
    }, {
      "id" : "s0-t17",
      "begin" : 96,
      "end" : 101,
      "text" : "prime",
      "whiteSpace" : false
    }, {
      "id" : "s0-t18",
      "begin" : 102,
      "end" : 106,
      "text" : "time",
      "whiteSpace" : false
    }, {
      "id" : "s0-t19",
      "begin" : 106,
      "end" : 107,
      "text" : ".",
      "whiteSpace" : false
    } ]
  }, {
    "id" : "s1",
    "begin" : 108,
    "end" : 249,
    "text" : "That's one message Chief Executive Steve Ballmer delivered on the eve of the official opening of the International Consumer Electronics Show.",
    "tokens" : [ {
      "id" : "s1-t0",
      "begin" : 108,
      "end" : 112,
      "text" : "That",
      "whiteSpace" : false
    }, {
      "id" : "s1-t1",
      "begin" : 112,
      "end" : 114,
      "text" : "'s",
      "whiteSpace" : false
    }, {
      "id" : "s1-t2",
      "begin" : 115,
      "end" : 118,
      "text" : "one",
      "whiteSpace" : false
    }, {
      "id" : "s1-t3",
      "begin" : 119,
      "end" : 126,
      "text" : "message",
      "whiteSpace" : false
    }, {
      "id" : "s1-t4",
      "begin" : 127,
      "end" : 132,
      "text" : "Chief",
      "whiteSpace" : false
    }, {
      "id" : "s1-t5",
      "begin" : 133,
      "end" : 142,
      "text" : "Executive",
      "whiteSpace" : false
    }, {
      "id" : "s1-t6",
      "begin" : 143,
      "end" : 148,
      "text" : "Steve",
      "whiteSpace" : false
    }, {
      "id" : "s1-t7",
      "begin" : 149,
      "end" : 156,
      "text" : "Ballmer",
      "whiteSpace" : false
    }, {
      "id" : "s1-t8",
      "begin" : 157,
      "end" : 166,
      "text" : "delivered",
      "whiteSpace" : false
    }, {
      "id" : "s1-t9",
      "begin" : 167,
      "end" : 169,
      "text" : "on",
      "whiteSpace" : false
    }, {
      "id" : "s1-t10",
      "begin" : 170,
      "end" : 173,
      "text" : "the",
      "whiteSpace" : false
    }, {
      "id" : "s1-t11",
      "begin" : 174,
      "end" : 177,
      "text" : "eve",
      "whiteSpace" : false
    }, {
      "id" : "s1-t12",
      "begin" : 178,
      "end" : 180,
      "text" : "of",
      "whiteSpace" : false
    }, {
      "id" : "s1-t13",
      "begin" : 181,
      "end" : 184,
      "text" : "the",
      "whiteSpace" : false
    }, {
      "id" : "s1-t14",
      "begin" : 185,
      "end" : 193,
      "text" : "official",
      "whiteSpace" : false
    }, {
      "id" : "s1-t15",
      "begin" : 194,
      "end" : 201,
      "text" : "opening",
      "whiteSpace" : false
    }, {
      "id" : "s1-t16",
      "begin" : 202,
      "end" : 204,
      "text" : "of",
      "whiteSpace" : false
    }, {
      "id" : "s1-t17",
      "begin" : 205,
      "end" : 208,
      "text" : "the",
      "whiteSpace" : false
    }, {
      "id" : "s1-t18",
      "begin" : 209,
      "end" : 222,
      "text" : "International",
      "whiteSpace" : false
    }, {
      "id" : "s1-t19",
      "begin" : 223,
      "end" : 231,
      "text" : "Consumer",
      "whiteSpace" : false
    }, {
      "id" : "s1-t20",
      "begin" : 232,
      "end" : 243,
      "text" : "Electronics",
      "whiteSpace" : false
    }, {
      "id" : "s1-t21",
      "begin" : 244,
      "end" : 248,
      "text" : "Show",
      "whiteSpace" : false
    }, {
      "id" : "s1-t22",
      "begin" : 248,
      "end" : 249,
      "text" : ".",
      "whiteSpace" : false
    } ]
  }, {
    "id" : "s2",
    "begin" : 251,
    "end" : 412,
    "text" : "The world's largest software maker also disclosed deals to make its Live Search programs the default search engines on more personal computers and mobile phones.",
    "tokens" : [ {
      "id" : "s2-t0",
      "begin" : 251,
      "end" : 254,
      "text" : "The",
      "whiteSpace" : false
    }, {
      "id" : "s2-t1",
      "begin" : 255,
      "end" : 260,
      "text" : "world",
      "whiteSpace" : false
    }, {
      "id" : "s2-t2",
      "begin" : 260,
      "end" : 262,
      "text" : "'s",
      "whiteSpace" : false
    }, {
      "id" : "s2-t3",
      "begin" : 263,
      "end" : 270,
      "text" : "largest",
      "whiteSpace" : false
    }, {
      "id" : "s2-t4",
      "begin" : 271,
      "end" : 279,
      "text" : "software",
      "whiteSpace" : false
    }, {
      "id" : "s2-t5",
      "begin" : 280,
      "end" : 285,
      "text" : "maker",
      "whiteSpace" : false
    }, {
      "id" : "s2-t6",
      "begin" : 286,
      "end" : 290,
      "text" : "also",
      "whiteSpace" : false
    }, {
      "id" : "s2-t7",
      "begin" : 291,
      "end" : 300,
      "text" : "disclosed",
      "whiteSpace" : false
    }, {
      "id" : "s2-t8",
      "begin" : 301,
      "end" : 306,
      "text" : "deals",
      "whiteSpace" : false
    }, {
      "id" : "s2-t9",
      "begin" : 307,
      "end" : 309,
      "text" : "to",
      "whiteSpace" : false
    }, {
      "id" : "s2-t10",
      "begin" : 310,
      "end" : 314,
      "text" : "make",
      "whiteSpace" : false
    }, {
      "id" : "s2-t11",
      "begin" : 315,
      "end" : 318,
      "text" : "its",
      "whiteSpace" : false
    }, {
      "id" : "s2-t12",
      "begin" : 319,
      "end" : 323,
      "text" : "Live",
      "whiteSpace" : false
    }, {
      "id" : "s2-t13",
      "begin" : 324,
      "end" : 330,
      "text" : "Search",
      "whiteSpace" : false
    }, {
      "id" : "s2-t14",
      "begin" : 331,
      "end" : 339,
      "text" : "programs",
      "whiteSpace" : false
    }, {
      "id" : "s2-t15",
      "begin" : 340,
      "end" : 343,
      "text" : "the",
      "whiteSpace" : false
    }, {
      "id" : "s2-t16",
      "begin" : 344,
      "end" : 351,
      "text" : "default",
      "whiteSpace" : false
    }, {
      "id" : "s2-t17",
      "begin" : 352,
      "end" : 358,
      "text" : "search",
      "whiteSpace" : false
    }, {
      "id" : "s2-t18",
      "begin" : 359,
      "end" : 366,
      "text" : "engines",
      "whiteSpace" : false
    }, {
      "id" : "s2-t19",
      "begin" : 367,
      "end" : 369,
      "text" : "on",
      "whiteSpace" : false
    }, {
      "id" : "s2-t20",
      "begin" : 370,
      "end" : 374,
      "text" : "more",
      "whiteSpace" : false
    }, {
      "id" : "s2-t21",
      "begin" : 375,
      "end" : 383,
      "text" : "personal",
      "whiteSpace" : false
    }, {
      "id" : "s2-t22",
      "begin" : 384,
      "end" : 393,
      "text" : "computers",
      "whiteSpace" : false
    }, {
      "id" : "s2-t23",
      "begin" : 394,
      "end" : 397,
      "text" : "and",
      "whiteSpace" : false
    }, {
      "id" : "s2-t24",
      "begin" : 398,
      "end" : 404,
      "text" : "mobile",
      "whiteSpace" : false
    }, {
      "id" : "s2-t25",
      "begin" : 405,
      "end" : 411,
      "text" : "phones",
      "whiteSpace" : false
    }, {
      "id" : "s2-t26",
      "begin" : 411,
      "end" : 412,
      "text" : ".",
      "whiteSpace" : false
    } ]
  }, {
    "id" : "s3",
    "begin" : 414,
    "end" : 570,
    "text" : "And it announced a new version of its Ford Sync in-car technology that folds in the voice-operated directory service TellMe, which Microsoft bought in 2007.",
    "tokens" : [ {
      "id" : "s3-t0",
      "begin" : 414,
      "end" : 417,
      "text" : "And",
      "whiteSpace" : false
    }, {
      "id" : "s3-t1",
      "begin" : 418,
      "end" : 420,
      "text" : "it",
      "whiteSpace" : false
    }, {
      "id" : "s3-t2",
      "begin" : 421,
      "end" : 430,
      "text" : "announced",
      "whiteSpace" : false
    }, {
      "id" : "s3-t3",
      "begin" : 431,
      "end" : 432,
      "text" : "a",
      "whiteSpace" : false
    }, {
      "id" : "s3-t4",
      "begin" : 433,
      "end" : 436,
      "text" : "new",
      "whiteSpace" : false
    }, {
      "id" : "s3-t5",
      "begin" : 437,
      "end" : 444,
      "text" : "version",
      "whiteSpace" : false
    }, {
      "id" : "s3-t6",
      "begin" : 445,
      "end" : 447,
      "text" : "of",
      "whiteSpace" : false
    }, {
      "id" : "s3-t7",
      "begin" : 448,
      "end" : 451,
      "text" : "its",
      "whiteSpace" : false
    }, {
      "id" : "s3-t8",
      "begin" : 452,
      "end" : 456,
      "text" : "Ford",
      "whiteSpace" : false
    }, {
      "id" : "s3-t9",
      "begin" : 457,
      "end" : 461,
      "text" : "Sync",
      "whiteSpace" : false
    }, {
      "id" : "s3-t10",
      "begin" : 462,
      "end" : 468,
      "text" : "in-car",
      "whiteSpace" : false
    }, {
      "id" : "s3-t11",
      "begin" : 469,
      "end" : 479,
      "text" : "technology",
      "whiteSpace" : false
    }, {
      "id" : "s3-t12",
      "begin" : 480,
      "end" : 484,
      "text" : "that",
      "whiteSpace" : false
    }, {
      "id" : "s3-t13",
      "begin" : 485,
      "end" : 490,
      "text" : "folds",
      "whiteSpace" : false
    }, {
      "id" : "s3-t14",
      "begin" : 491,
      "end" : 493,
      "text" : "in",
      "whiteSpace" : false
    }, {
      "id" : "s3-t15",
      "begin" : 494,
      "end" : 497,
      "text" : "the",
      "whiteSpace" : false
    }, {
      "id" : "s3-t16",
      "begin" : 498,
      "end" : 503,
      "text" : "voice",
      "whiteSpace" : false
    }, {
      "id" : "s3-t17",
      "begin" : 503,
      "end" : 504,
      "text" : "-",
      "whiteSpace" : false
    }, {
      "id" : "s3-t18",
      "begin" : 504,
      "end" : 512,
      "text" : "operated",
      "whiteSpace" : false
    }, {
      "id" : "s3-t19",
      "begin" : 513,
      "end" : 522,
      "text" : "directory",
      "whiteSpace" : false
    }, {
      "id" : "s3-t20",
      "begin" : 523,
      "end" : 530,
      "text" : "service",
      "whiteSpace" : false
    }, {
      "id" : "s3-t21",
      "begin" : 531,
      "end" : 537,
      "text" : "TellMe",
      "whiteSpace" : false
    }, {
      "id" : "s3-t22",
      "begin" : 537,
      "end" : 538,
      "text" : ",",
      "whiteSpace" : false
    }, {
      "id" : "s3-t23",
      "begin" : 539,
      "end" : 544,
      "text" : "which",
      "whiteSpace" : false
    }, {
      "id" : "s3-t24",
      "begin" : 545,
      "end" : 554,
      "text" : "Microsoft",
      "whiteSpace" : false
    }, {
      "id" : "s3-t25",
      "begin" : 555,
      "end" : 561,
      "text" : "bought",
      "whiteSpace" : false
    }, {
      "id" : "s3-t26",
      "begin" : 562,
      "end" : 564,
      "text" : "in",
      "whiteSpace" : false
    }, {
      "id" : "s3-t27",
      "begin" : 565,
      "end" : 569,
      "text" : "2007",
      "whiteSpace" : false
    }, {
      "id" : "s3-t28",
      "begin" : 569,
      "end" : 570,
      "text" : ".",
      "whiteSpace" : false
    } ]
  }, {
    "id" : "s4",
    "begin" : 572,
    "end" : 758,
    "text" : "For years, the opening keynote at CES belonged to Microsoft Chairman Bill Gates, whose status as industry pioneer justified the sweeping visions of the future he'd build into his speech.",
    "tokens" : [ {
      "id" : "s4-t0",
      "begin" : 572,
      "end" : 575,
      "text" : "For",
      "whiteSpace" : false
    }, {
      "id" : "s4-t1",
      "begin" : 576,
      "end" : 581,
      "text" : "years",
      "whiteSpace" : false
    }, {
      "id" : "s4-t2",
      "begin" : 581,
      "end" : 582,
      "text" : ",",
      "whiteSpace" : false
    }, {
      "id" : "s4-t3",
      "begin" : 583,
      "end" : 586,
      "text" : "the",
      "whiteSpace" : false
    }, {
      "id" : "s4-t4",
      "begin" : 587,
      "end" : 594,
      "text" : "opening",
      "whiteSpace" : false
    }, {
      "id" : "s4-t5",
      "begin" : 595,
      "end" : 602,
      "text" : "keynote",
      "whiteSpace" : false
    }, {
      "id" : "s4-t6",
      "begin" : 603,
      "end" : 605,
      "text" : "at",
      "whiteSpace" : false
    }, {
      "id" : "s4-t7",
      "begin" : 606,
      "end" : 609,
      "text" : "CES",
      "whiteSpace" : false
    }, {
      "id" : "s4-t8",
      "begin" : 610,
      "end" : 618,
      "text" : "belonged",
      "whiteSpace" : false
    }, {
      "id" : "s4-t9",
      "begin" : 619,
      "end" : 621,
      "text" : "to",
      "whiteSpace" : false
    }, {
      "id" : "s4-t10",
      "begin" : 622,
      "end" : 631,
      "text" : "Microsoft",
      "whiteSpace" : false
    }, {
      "id" : "s4-t11",
      "begin" : 632,
      "end" : 640,
      "text" : "Chairman",
      "whiteSpace" : false
    }, {
      "id" : "s4-t12",
      "begin" : 641,
      "end" : 645,
      "text" : "Bill",
      "whiteSpace" : false
    }, {
      "id" : "s4-t13",
      "begin" : 646,
      "end" : 651,
      "text" : "Gates",
      "whiteSpace" : false
    }, {
      "id" : "s4-t14",
      "begin" : 651,
      "end" : 652,
      "text" : ",",
      "whiteSpace" : false
    }, {
      "id" : "s4-t15",
      "begin" : 653,
      "end" : 658,
      "text" : "whose",
      "whiteSpace" : false
    }, {
      "id" : "s4-t16",
      "begin" : 659,
      "end" : 665,
      "text" : "status",
      "whiteSpace" : false
    }, {
      "id" : "s4-t17",
      "begin" : 666,
      "end" : 668,
      "text" : "as",
      "whiteSpace" : false
    }, {
      "id" : "s4-t18",
      "begin" : 669,
      "end" : 677,
      "text" : "industry",
      "whiteSpace" : false
    }, {
      "id" : "s4-t19",
      "begin" : 678,
      "end" : 685,
      "text" : "pioneer",
      "whiteSpace" : false
    }, {
      "id" : "s4-t20",
      "begin" : 686,
      "end" : 695,
      "text" : "justified",
      "whiteSpace" : false
    }, {
      "id" : "s4-t21",
      "begin" : 696,
      "end" : 699,
      "text" : "the",
      "whiteSpace" : false
    }, {
      "id" : "s4-t22",
      "begin" : 700,
      "end" : 708,
      "text" : "sweeping",
      "whiteSpace" : false
    }, {
      "id" : "s4-t23",
      "begin" : 709,
      "end" : 716,
      "text" : "visions",
      "whiteSpace" : false
    }, {
      "id" : "s4-t24",
      "begin" : 717,
      "end" : 719,
      "text" : "of",
      "whiteSpace" : false
    }, {
      "id" : "s4-t25",
      "begin" : 720,
      "end" : 723,
      "text" : "the",
      "whiteSpace" : false
    }, {
      "id" : "s4-t26",
      "begin" : 724,
      "end" : 730,
      "text" : "future",
      "whiteSpace" : false
    }, {
      "id" : "s4-t27",
      "begin" : 731,
      "end" : 733,
      "text" : "he",
      "whiteSpace" : false
    }, {
      "id" : "s4-t28",
      "begin" : 733,
      "end" : 735,
      "text" : "'d",
      "whiteSpace" : false
    }, {
      "id" : "s4-t29",
      "begin" : 736,
      "end" : 741,
      "text" : "build",
      "whiteSpace" : false
    }, {
      "id" : "s4-t30",
      "begin" : 742,
      "end" : 746,
      "text" : "into",
      "whiteSpace" : false
    }, {
      "id" : "s4-t31",
      "begin" : 747,
      "end" : 750,
      "text" : "his",
      "whiteSpace" : false
    }, {
      "id" : "s4-t32",
      "begin" : 751,
      "end" : 757,
      "text" : "speech",
      "whiteSpace" : false
    }, {
      "id" : "s4-t33",
      "begin" : 757,
      "end" : 758,
      "text" : ".",
      "whiteSpace" : false
    } ]
  }, {
    "id" : "s5",
    "begin" : 760,
    "end" : 935,
    "text" : "Gates passed the mantle on when he stepped down from day-to-day operations at Microsoft last summer, and Wednesday marked Ballmer's first time making the high-profile address.",
    "tokens" : [ {
      "id" : "s5-t0",
      "begin" : 760,
      "end" : 765,
      "text" : "Gates",
      "whiteSpace" : false
    }, {
      "id" : "s5-t1",
      "begin" : 766,
      "end" : 772,
      "text" : "passed",
      "whiteSpace" : false
    }, {
      "id" : "s5-t2",
      "begin" : 773,
      "end" : 776,
      "text" : "the",
      "whiteSpace" : false
    }, {
      "id" : "s5-t3",
      "begin" : 777,
      "end" : 783,
      "text" : "mantle",
      "whiteSpace" : false
    }, {
      "id" : "s5-t4",
      "begin" : 784,
      "end" : 786,
      "text" : "on",
      "whiteSpace" : false
    }, {
      "id" : "s5-t5",
      "begin" : 787,
      "end" : 791,
      "text" : "when",
      "whiteSpace" : false
    }, {
      "id" : "s5-t6",
      "begin" : 792,
      "end" : 794,
      "text" : "he",
      "whiteSpace" : false
    }, {
      "id" : "s5-t7",
      "begin" : 795,
      "end" : 802,
      "text" : "stepped",
      "whiteSpace" : false
    }, {
      "id" : "s5-t8",
      "begin" : 803,
      "end" : 807,
      "text" : "down",
      "whiteSpace" : false
    }, {
      "id" : "s5-t9",
      "begin" : 808,
      "end" : 812,
      "text" : "from",
      "whiteSpace" : false
    }, {
      "id" : "s5-t10",
      "begin" : 813,
      "end" : 823,
      "text" : "day-to-day",
      "whiteSpace" : false
    }, {
      "id" : "s5-t11",
      "begin" : 824,
      "end" : 834,
      "text" : "operations",
      "whiteSpace" : false
    }, {
      "id" : "s5-t12",
      "begin" : 835,
      "end" : 837,
      "text" : "at",
      "whiteSpace" : false
    }, {
      "id" : "s5-t13",
      "begin" : 838,
      "end" : 847,
      "text" : "Microsoft",
      "whiteSpace" : false
    }, {
      "id" : "s5-t14",
      "begin" : 848,
      "end" : 852,
      "text" : "last",
      "whiteSpace" : false
    }, {
      "id" : "s5-t15",
      "begin" : 853,
      "end" : 859,
      "text" : "summer",
      "whiteSpace" : false
    }, {
      "id" : "s5-t16",
      "begin" : 859,
      "end" : 860,
      "text" : ",",
      "whiteSpace" : false
    }, {
      "id" : "s5-t17",
      "begin" : 861,
      "end" : 864,
      "text" : "and",
      "whiteSpace" : false
    }, {
      "id" : "s5-t18",
      "begin" : 865,
      "end" : 874,
      "text" : "Wednesday",
      "whiteSpace" : false
    }, {
      "id" : "s5-t19",
      "begin" : 875,
      "end" : 881,
      "text" : "marked",
      "whiteSpace" : false
    }, {
      "id" : "s5-t20",
      "begin" : 882,
      "end" : 889,
      "text" : "Ballmer",
      "whiteSpace" : false
    }, {
      "id" : "s5-t21",
      "begin" : 889,
      "end" : 891,
      "text" : "'s",
      "whiteSpace" : false
    }, {
      "id" : "s5-t22",
      "begin" : 892,
      "end" : 897,
      "text" : "first",
      "whiteSpace" : false
    }, {
      "id" : "s5-t23",
      "begin" : 898,
      "end" : 902,
      "text" : "time",
      "whiteSpace" : false
    }, {
      "id" : "s5-t24",
      "begin" : 903,
      "end" : 909,
      "text" : "making",
      "whiteSpace" : false
    }, {
      "id" : "s5-t25",
      "begin" : 910,
      "end" : 913,
      "text" : "the",
      "whiteSpace" : false
    }, {
      "id" : "s5-t26",
      "begin" : 914,
      "end" : 926,
      "text" : "high-profile",
      "whiteSpace" : false
    }, {
      "id" : "s5-t27",
      "begin" : 927,
      "end" : 934,
      "text" : "address",
      "whiteSpace" : false
    }, {
      "id" : "s5-t28",
      "begin" : 934,
      "end" : 935,
      "text" : ".",
      "whiteSpace" : false
    } ]
  }, {
    "id" : "s6",
    "begin" : 937,
    "end" : 1124,
    "text" : "'It feels like we've entered a period of reduced expectations, a time when we may be tempted to temper our optimism and scale back our ambitions,' Ballmer said, in a nod to the recession.",
    "tokens" : [ {
      "id" : "s6-t0",
      "begin" : 937,
      "end" : 938,
      "text" : "'",
      "whiteSpace" : false
    }, {
      "id" : "s6-t1",
      "begin" : 938,
      "end" : 940,
      "text" : "It",
      "whiteSpace" : false
    }, {
      "id" : "s6-t2",
      "begin" : 941,
      "end" : 946,
      "text" : "feels",
      "whiteSpace" : false
    }, {
      "id" : "s6-t3",
      "begin" : 947,
      "end" : 951,
      "text" : "like",
      "whiteSpace" : false
    }, {
      "id" : "s6-t4",
      "begin" : 952,
      "end" : 954,
      "text" : "we",
      "whiteSpace" : false
    }, {
      "id" : "s6-t5",
      "begin" : 954,
      "end" : 957,
      "text" : "'ve",
      "whiteSpace" : false
    }, {
      "id" : "s6-t6",
      "begin" : 958,
      "end" : 965,
      "text" : "entered",
      "whiteSpace" : false
    }, {
      "id" : "s6-t7",
      "begin" : 966,
      "end" : 967,
      "text" : "a",
      "whiteSpace" : false
    }, {
      "id" : "s6-t8",
      "begin" : 968,
      "end" : 974,
      "text" : "period",
      "whiteSpace" : false
    }, {
      "id" : "s6-t9",
      "begin" : 975,
      "end" : 977,
      "text" : "of",
      "whiteSpace" : false
    }, {
      "id" : "s6-t10",
      "begin" : 978,
      "end" : 985,
      "text" : "reduced",
      "whiteSpace" : false
    }, {
      "id" : "s6-t11",
      "begin" : 986,
      "end" : 998,
      "text" : "expectations",
      "whiteSpace" : false
    }, {
      "id" : "s6-t12",
      "begin" : 998,
      "end" : 999,
      "text" : ",",
      "whiteSpace" : false
    }, {
      "id" : "s6-t13",
      "begin" : 1000,
      "end" : 1001,
      "text" : "a",
      "whiteSpace" : false
    }, {
      "id" : "s6-t14",
      "begin" : 1002,
      "end" : 1006,
      "text" : "time",
      "whiteSpace" : false
    }, {
      "id" : "s6-t15",
      "begin" : 1007,
      "end" : 1011,
      "text" : "when",
      "whiteSpace" : false
    }, {
      "id" : "s6-t16",
      "begin" : 1012,
      "end" : 1014,
      "text" : "we",
      "whiteSpace" : false
    }, {
      "id" : "s6-t17",
      "begin" : 1015,
      "end" : 1018,
      "text" : "may",
      "whiteSpace" : false
    }, {
      "id" : "s6-t18",
      "begin" : 1019,
      "end" : 1021,
      "text" : "be",
      "whiteSpace" : false
    }, {
      "id" : "s6-t19",
      "begin" : 1022,
      "end" : 1029,
      "text" : "tempted",
      "whiteSpace" : false
    }, {
      "id" : "s6-t20",
      "begin" : 1030,
      "end" : 1032,
      "text" : "to",
      "whiteSpace" : false
    }, {
      "id" : "s6-t21",
      "begin" : 1033,
      "end" : 1039,
      "text" : "temper",
      "whiteSpace" : false
    }, {
      "id" : "s6-t22",
      "begin" : 1040,
      "end" : 1043,
      "text" : "our",
      "whiteSpace" : false
    }, {
      "id" : "s6-t23",
      "begin" : 1044,
      "end" : 1052,
      "text" : "optimism",
      "whiteSpace" : false
    }, {
      "id" : "s6-t24",
      "begin" : 1053,
      "end" : 1056,
      "text" : "and",
      "whiteSpace" : false
    }, {
      "id" : "s6-t25",
      "begin" : 1057,
      "end" : 1062,
      "text" : "scale",
      "whiteSpace" : false
    }, {
      "id" : "s6-t26",
      "begin" : 1063,
      "end" : 1067,
      "text" : "back",
      "whiteSpace" : false
    }, {
      "id" : "s6-t27",
      "begin" : 1068,
      "end" : 1071,
      "text" : "our",
      "whiteSpace" : false
    }, {
      "id" : "s6-t28",
      "begin" : 1072,
      "end" : 1081,
      "text" : "ambitions",
      "whiteSpace" : false
    }, {
      "id" : "s6-t29",
      "begin" : 1081,
      "end" : 1082,
      "text" : ",",
      "whiteSpace" : false
    }, {
      "id" : "s6-t30",
      "begin" : 1082,
      "end" : 1083,
      "text" : "'",
      "whiteSpace" : false
    }, {
      "id" : "s6-t31",
      "begin" : 1084,
      "end" : 1091,
      "text" : "Ballmer",
      "whiteSpace" : false
    }, {
      "id" : "s6-t32",
      "begin" : 1092,
      "end" : 1096,
      "text" : "said",
      "whiteSpace" : false
    }, {
      "id" : "s6-t33",
      "begin" : 1096,
      "end" : 1097,
      "text" : ",",
      "whiteSpace" : false
    }, {
      "id" : "s6-t34",
      "begin" : 1098,
      "end" : 1100,
      "text" : "in",
      "whiteSpace" : false
    }, {
      "id" : "s6-t35",
      "begin" : 1101,
      "end" : 1102,
      "text" : "a",
      "whiteSpace" : false
    }, {
      "id" : "s6-t36",
      "begin" : 1103,
      "end" : 1106,
      "text" : "nod",
      "whiteSpace" : false
    }, {
      "id" : "s6-t37",
      "begin" : 1107,
      "end" : 1109,
      "text" : "to",
      "whiteSpace" : false
    }, {
      "id" : "s6-t38",
      "begin" : 1110,
      "end" : 1113,
      "text" : "the",
      "whiteSpace" : false
    }, {
      "id" : "s6-t39",
      "begin" : 1114,
      "end" : 1123,
      "text" : "recession",
      "whiteSpace" : false
    }, {
      "id" : "s6-t40",
      "begin" : 1123,
      "end" : 1124,
      "text" : ".",
      "whiteSpace" : false
    } ]
  }, {
    "id" : "s7",
    "begin" : 1125,
    "end" : 1265,
    "text" : "'But no matter what happens with the economy or how long this recession lasts, I believe our digital lives will only continue to get richer.",
    "tokens" : [ {
      "id" : "s7-t0",
      "begin" : 1125,
      "end" : 1126,
      "text" : "'",
      "whiteSpace" : false
    }, {
      "id" : "s7-t1",
      "begin" : 1126,
      "end" : 1129,
      "text" : "But",
      "whiteSpace" : false
    }, {
      "id" : "s7-t2",
      "begin" : 1130,
      "end" : 1132,
      "text" : "no",
      "whiteSpace" : false
    }, {
      "id" : "s7-t3",
      "begin" : 1133,
      "end" : 1139,
      "text" : "matter",
      "whiteSpace" : false
    }, {
      "id" : "s7-t4",
      "begin" : 1140,
      "end" : 1144,
      "text" : "what",
      "whiteSpace" : false
    }, {
      "id" : "s7-t5",
      "begin" : 1145,
      "end" : 1152,
      "text" : "happens",
      "whiteSpace" : false
    }, {
      "id" : "s7-t6",
      "begin" : 1153,
      "end" : 1157,
      "text" : "with",
      "whiteSpace" : false
    }, {
      "id" : "s7-t7",
      "begin" : 1158,
      "end" : 1161,
      "text" : "the",
      "whiteSpace" : false
    }, {
      "id" : "s7-t8",
      "begin" : 1162,
      "end" : 1169,
      "text" : "economy",
      "whiteSpace" : false
    }, {
      "id" : "s7-t9",
      "begin" : 1170,
      "end" : 1172,
      "text" : "or",
      "whiteSpace" : false
    }, {
      "id" : "s7-t10",
      "begin" : 1173,
      "end" : 1176,
      "text" : "how",
      "whiteSpace" : false
    }, {
      "id" : "s7-t11",
      "begin" : 1177,
      "end" : 1181,
      "text" : "long",
      "whiteSpace" : false
    }, {
      "id" : "s7-t12",
      "begin" : 1182,
      "end" : 1186,
      "text" : "this",
      "whiteSpace" : false
    }, {
      "id" : "s7-t13",
      "begin" : 1187,
      "end" : 1196,
      "text" : "recession",
      "whiteSpace" : false
    }, {
      "id" : "s7-t14",
      "begin" : 1197,
      "end" : 1202,
      "text" : "lasts",
      "whiteSpace" : false
    }, {
      "id" : "s7-t15",
      "begin" : 1202,
      "end" : 1203,
      "text" : ",",
      "whiteSpace" : false
    }, {
      "id" : "s7-t16",
      "begin" : 1204,
      "end" : 1205,
      "text" : "I",
      "whiteSpace" : false
    }, {
      "id" : "s7-t17",
      "begin" : 1206,
      "end" : 1213,
      "text" : "believe",
      "whiteSpace" : false
    }, {
      "id" : "s7-t18",
      "begin" : 1214,
      "end" : 1217,
      "text" : "our",
      "whiteSpace" : false
    }, {
      "id" : "s7-t19",
      "begin" : 1218,
      "end" : 1225,
      "text" : "digital",
      "whiteSpace" : false
    }, {
      "id" : "s7-t20",
      "begin" : 1226,
      "end" : 1231,
      "text" : "lives",
      "whiteSpace" : false
    }, {
      "id" : "s7-t21",
      "begin" : 1232,
      "end" : 1236,
      "text" : "will",
      "whiteSpace" : false
    }, {
      "id" : "s7-t22",
      "begin" : 1237,
      "end" : 1241,
      "text" : "only",
      "whiteSpace" : false
    }, {
      "id" : "s7-t23",
      "begin" : 1242,
      "end" : 1250,
      "text" : "continue",
      "whiteSpace" : false
    }, {
      "id" : "s7-t24",
      "begin" : 1251,
      "end" : 1253,
      "text" : "to",
      "whiteSpace" : false
    }, {
      "id" : "s7-t25",
      "begin" : 1254,
      "end" : 1257,
      "text" : "get",
      "whiteSpace" : false
    }, {
      "id" : "s7-t26",
      "begin" : 1258,
      "end" : 1264,
      "text" : "richer",
      "whiteSpace" : false
    }, {
      "id" : "s7-t27",
      "begin" : 1264,
      "end" : 1265,
      "text" : ".",
      "whiteSpace" : false
    } ]
  }, {
    "id" : "s8",
    "begin" : 1265,
    "end" : 1375,
    "text" : "'\r\rBallmer said Microsoft would continue to invest more in research and development than its technology peers.",
    "tokens" : [ {
      "id" : "s8-t0",
      "begin" : 1265,
      "end" : 1266,
      "text" : "'",
      "whiteSpace" : false
    }, {
      "id" : "s8-t1",
      "begin" : 1268,
      "end" : 1275,
      "text" : "Ballmer",
      "whiteSpace" : false
    }, {
      "id" : "s8-t2",
      "begin" : 1276,
      "end" : 1280,
      "text" : "said",
      "whiteSpace" : false
    }, {
      "id" : "s8-t3",
      "begin" : 1281,
      "end" : 1290,
      "text" : "Microsoft",
      "whiteSpace" : false
    }, {
      "id" : "s8-t4",
      "begin" : 1291,
      "end" : 1296,
      "text" : "would",
      "whiteSpace" : false
    }, {
      "id" : "s8-t5",
      "begin" : 1297,
      "end" : 1305,
      "text" : "continue",
      "whiteSpace" : false
    }, {
      "id" : "s8-t6",
      "begin" : 1306,
      "end" : 1308,
      "text" : "to",
      "whiteSpace" : false
    }, {
      "id" : "s8-t7",
      "begin" : 1309,
      "end" : 1315,
      "text" : "invest",
      "whiteSpace" : false
    }, {
      "id" : "s8-t8",
      "begin" : 1316,
      "end" : 1320,
      "text" : "more",
      "whiteSpace" : false
    }, {
      "id" : "s8-t9",
      "begin" : 1321,
      "end" : 1323,
      "text" : "in",
      "whiteSpace" : false
    }, {
      "id" : "s8-t10",
      "begin" : 1324,
      "end" : 1332,
      "text" : "research",
      "whiteSpace" : false
    }, {
      "id" : "s8-t11",
      "begin" : 1333,
      "end" : 1336,
      "text" : "and",
      "whiteSpace" : false
    }, {
      "id" : "s8-t12",
      "begin" : 1337,
      "end" : 1348,
      "text" : "development",
      "whiteSpace" : false
    }, {
      "id" : "s8-t13",
      "begin" : 1349,
      "end" : 1353,
      "text" : "than",
      "whiteSpace" : false
    }, {
      "id" : "s8-t14",
      "begin" : 1354,
      "end" : 1357,
      "text" : "its",
      "whiteSpace" : false
    }, {
      "id" : "s8-t15",
      "begin" : 1358,
      "end" : 1368,
      "text" : "technology",
      "whiteSpace" : false
    }, {
      "id" : "s8-t16",
      "begin" : 1369,
      "end" : 1374,
      "text" : "peers",
      "whiteSpace" : false
    }, {
      "id" : "s8-t17",
      "begin" : 1374,
      "end" : 1375,
      "text" : ".",
      "whiteSpace" : false
    } ]
  }, {
    "id" : "s9",
    "begin" : 1377,
    "end" : 1522,
    "text" : "The CEO announced that a nearly final 'beta' test version of Windows 7 will be available Friday for regular PC users to download and tinker with.",
    "tokens" : [ {
      "id" : "s9-t0",
      "begin" : 1377,
      "end" : 1380,
      "text" : "The",
      "whiteSpace" : false
    }, {
      "id" : "s9-t1",
      "begin" : 1381,
      "end" : 1384,
      "text" : "CEO",
      "whiteSpace" : false
    }, {
      "id" : "s9-t2",
      "begin" : 1385,
      "end" : 1394,
      "text" : "announced",
      "whiteSpace" : false
    }, {
      "id" : "s9-t3",
      "begin" : 1395,
      "end" : 1399,
      "text" : "that",
      "whiteSpace" : false
    }, {
      "id" : "s9-t4",
      "begin" : 1400,
      "end" : 1401,
      "text" : "a",
      "whiteSpace" : false
    }, {
      "id" : "s9-t5",
      "begin" : 1402,
      "end" : 1408,
      "text" : "nearly",
      "whiteSpace" : false
    }, {
      "id" : "s9-t6",
      "begin" : 1409,
      "end" : 1414,
      "text" : "final",
      "whiteSpace" : false
    }, {
      "id" : "s9-t7",
      "begin" : 1415,
      "end" : 1416,
      "text" : "'",
      "whiteSpace" : false
    }, {
      "id" : "s9-t8",
      "begin" : 1416,
      "end" : 1420,
      "text" : "beta",
      "whiteSpace" : false
    }, {
      "id" : "s9-t9",
      "begin" : 1420,
      "end" : 1421,
      "text" : "'",
      "whiteSpace" : false
    }, {
      "id" : "s9-t10",
      "begin" : 1422,
      "end" : 1426,
      "text" : "test",
      "whiteSpace" : false
    }, {
      "id" : "s9-t11",
      "begin" : 1427,
      "end" : 1434,
      "text" : "version",
      "whiteSpace" : false
    }, {
      "id" : "s9-t12",
      "begin" : 1435,
      "end" : 1437,
      "text" : "of",
      "whiteSpace" : false
    }, {
      "id" : "s9-t13",
      "begin" : 1438,
      "end" : 1445,
      "text" : "Windows",
      "whiteSpace" : false
    }, {
      "id" : "s9-t14",
      "begin" : 1446,
      "end" : 1447,
      "text" : "7",
      "whiteSpace" : false
    }, {
      "id" : "s9-t15",
      "begin" : 1448,
      "end" : 1452,
      "text" : "will",
      "whiteSpace" : false
    }, {
      "id" : "s9-t16",
      "begin" : 1453,
      "end" : 1455,
      "text" : "be",
      "whiteSpace" : false
    }, {
      "id" : "s9-t17",
      "begin" : 1456,
      "end" : 1465,
      "text" : "available",
      "whiteSpace" : false
    }, {
      "id" : "s9-t18",
      "begin" : 1466,
      "end" : 1472,
      "text" : "Friday",
      "whiteSpace" : false
    }, {
      "id" : "s9-t19",
      "begin" : 1473,
      "end" : 1476,
      "text" : "for",
      "whiteSpace" : false
    }, {
      "id" : "s9-t20",
      "begin" : 1477,
      "end" : 1484,
      "text" : "regular",
      "whiteSpace" : false
    }, {
      "id" : "s9-t21",
      "begin" : 1485,
      "end" : 1487,
      "text" : "PC",
      "whiteSpace" : false
    }, {
      "id" : "s9-t22",
      "begin" : 1488,
      "end" : 1493,
      "text" : "users",
      "whiteSpace" : false
    }, {
      "id" : "s9-t23",
      "begin" : 1494,
      "end" : 1496,
      "text" : "to",
      "whiteSpace" : false
    }, {
      "id" : "s9-t24",
      "begin" : 1497,
      "end" : 1505,
      "text" : "download",
      "whiteSpace" : false
    }, {
      "id" : "s9-t25",
      "begin" : 1506,
      "end" : 1509,
      "text" : "and",
      "whiteSpace" : false
    }, {
      "id" : "s9-t26",
      "begin" : 1510,
      "end" : 1516,
      "text" : "tinker",
      "whiteSpace" : false
    }, {
      "id" : "s9-t27",
      "begin" : 1517,
      "end" : 1521,
      "text" : "with",
      "whiteSpace" : false
    }, {
      "id" : "s9-t28",
      "begin" : 1521,
      "end" : 1522,
      "text" : ".",
      "whiteSpace" : false
    } ]
  }, {
    "id" : "s10",
    "begin" : 1524,
    "end" : 1696,
    "text" : "The new operating system which could be available for purchase on PCs within a year uses much of the same underlying technology as its predecessor, the much-maligned Vista.",
    "tokens" : [ {
      "id" : "s10-t0",
      "begin" : 1524,
      "end" : 1527,
      "text" : "The",
      "whiteSpace" : false
    }, {
      "id" : "s10-t1",
      "begin" : 1528,
      "end" : 1531,
      "text" : "new",
      "whiteSpace" : false
    }, {
      "id" : "s10-t2",
      "begin" : 1532,
      "end" : 1541,
      "text" : "operating",
      "whiteSpace" : false
    }, {
      "id" : "s10-t3",
      "begin" : 1542,
      "end" : 1548,
      "text" : "system",
      "whiteSpace" : false
    }, {
      "id" : "s10-t4",
      "begin" : 1549,
      "end" : 1554,
      "text" : "which",
      "whiteSpace" : false
    }, {
      "id" : "s10-t5",
      "begin" : 1555,
      "end" : 1560,
      "text" : "could",
      "whiteSpace" : false
    }, {
      "id" : "s10-t6",
      "begin" : 1561,
      "end" : 1563,
      "text" : "be",
      "whiteSpace" : false
    }, {
      "id" : "s10-t7",
      "begin" : 1564,
      "end" : 1573,
      "text" : "available",
      "whiteSpace" : false
    }, {
      "id" : "s10-t8",
      "begin" : 1574,
      "end" : 1577,
      "text" : "for",
      "whiteSpace" : false
    }, {
      "id" : "s10-t9",
      "begin" : 1578,
      "end" : 1586,
      "text" : "purchase",
      "whiteSpace" : false
    }, {
      "id" : "s10-t10",
      "begin" : 1587,
      "end" : 1589,
      "text" : "on",
      "whiteSpace" : false
    }, {
      "id" : "s10-t11",
      "begin" : 1590,
      "end" : 1593,
      "text" : "PCs",
      "whiteSpace" : false
    }, {
      "id" : "s10-t12",
      "begin" : 1594,
      "end" : 1600,
      "text" : "within",
      "whiteSpace" : false
    }, {
      "id" : "s10-t13",
      "begin" : 1601,
      "end" : 1602,
      "text" : "a",
      "whiteSpace" : false
    }, {
      "id" : "s10-t14",
      "begin" : 1603,
      "end" : 1607,
      "text" : "year",
      "whiteSpace" : false
    }, {
      "id" : "s10-t15",
      "begin" : 1608,
      "end" : 1612,
      "text" : "uses",
      "whiteSpace" : false
    }, {
      "id" : "s10-t16",
      "begin" : 1613,
      "end" : 1617,
      "text" : "much",
      "whiteSpace" : false
    }, {
      "id" : "s10-t17",
      "begin" : 1618,
      "end" : 1620,
      "text" : "of",
      "whiteSpace" : false
    }, {
      "id" : "s10-t18",
      "begin" : 1621,
      "end" : 1624,
      "text" : "the",
      "whiteSpace" : false
    }, {
      "id" : "s10-t19",
      "begin" : 1625,
      "end" : 1629,
      "text" : "same",
      "whiteSpace" : false
    }, {
      "id" : "s10-t20",
      "begin" : 1630,
      "end" : 1640,
      "text" : "underlying",
      "whiteSpace" : false
    }, {
      "id" : "s10-t21",
      "begin" : 1641,
      "end" : 1651,
      "text" : "technology",
      "whiteSpace" : false
    }, {
      "id" : "s10-t22",
      "begin" : 1652,
      "end" : 1654,
      "text" : "as",
      "whiteSpace" : false
    }, {
      "id" : "s10-t23",
      "begin" : 1655,
      "end" : 1658,
      "text" : "its",
      "whiteSpace" : false
    }, {
      "id" : "s10-t24",
      "begin" : 1659,
      "end" : 1670,
      "text" : "predecessor",
      "whiteSpace" : false
    }, {
      "id" : "s10-t25",
      "begin" : 1670,
      "end" : 1671,
      "text" : ",",
      "whiteSpace" : false
    }, {
      "id" : "s10-t26",
      "begin" : 1672,
      "end" : 1675,
      "text" : "the",
      "whiteSpace" : false
    }, {
      "id" : "s10-t27",
      "begin" : 1676,
      "end" : 1689,
      "text" : "much-maligned",
      "whiteSpace" : false
    }, {
      "id" : "s10-t28",
      "begin" : 1690,
      "end" : 1695,
      "text" : "Vista",
      "whiteSpace" : false
    }, {
      "id" : "s10-t29",
      "begin" : 1695,
      "end" : 1696,
      "text" : ".",
      "whiteSpace" : false
    } ]
  }, {
    "id" : "s11",
    "begin" : 1698,
    "end" : 1766,
    "text" : "But Windows 7 aims to resolve many problems PC users had with Vista.",
    "tokens" : [ {
      "id" : "s11-t0",
      "begin" : 1698,
      "end" : 1701,
      "text" : "But",
      "whiteSpace" : false
    }, {
      "id" : "s11-t1",
      "begin" : 1702,
      "end" : 1709,
      "text" : "Windows",
      "whiteSpace" : false
    }, {
      "id" : "s11-t2",
      "begin" : 1710,
      "end" : 1711,
      "text" : "7",
      "whiteSpace" : false
    }, {
      "id" : "s11-t3",
      "begin" : 1712,
      "end" : 1716,
      "text" : "aims",
      "whiteSpace" : false
    }, {
      "id" : "s11-t4",
      "begin" : 1717,
      "end" : 1719,
      "text" : "to",
      "whiteSpace" : false
    }, {
      "id" : "s11-t5",
      "begin" : 1720,
      "end" : 1727,
      "text" : "resolve",
      "whiteSpace" : false
    }, {
      "id" : "s11-t6",
      "begin" : 1728,
      "end" : 1732,
      "text" : "many",
      "whiteSpace" : false
    }, {
      "id" : "s11-t7",
      "begin" : 1733,
      "end" : 1741,
      "text" : "problems",
      "whiteSpace" : false
    }, {
      "id" : "s11-t8",
      "begin" : 1742,
      "end" : 1744,
      "text" : "PC",
      "whiteSpace" : false
    }, {
      "id" : "s11-t9",
      "begin" : 1745,
      "end" : 1750,
      "text" : "users",
      "whiteSpace" : false
    }, {
      "id" : "s11-t10",
      "begin" : 1751,
      "end" : 1754,
      "text" : "had",
      "whiteSpace" : false
    }, {
      "id" : "s11-t11",
      "begin" : 1755,
      "end" : 1759,
      "text" : "with",
      "whiteSpace" : false
    }, {
      "id" : "s11-t12",
      "begin" : 1760,
      "end" : 1765,
      "text" : "Vista",
      "whiteSpace" : false
    }, {
      "id" : "s11-t13",
      "begin" : 1765,
      "end" : 1766,
      "text" : ".",
      "whiteSpace" : false
    } ]
  }, {
    "id" : "s12",
    "begin" : 1767,
    "end" : 1923,
    "text" : "For instance, Microsoft pledges to make it easier to install peripheral devices and to have the software pump out fewer annoying warnings and notifications.",
    "tokens" : [ {
      "id" : "s12-t0",
      "begin" : 1767,
      "end" : 1770,
      "text" : "For",
      "whiteSpace" : false
    }, {
      "id" : "s12-t1",
      "begin" : 1771,
      "end" : 1779,
      "text" : "instance",
      "whiteSpace" : false
    }, {
      "id" : "s12-t2",
      "begin" : 1779,
      "end" : 1780,
      "text" : ",",
      "whiteSpace" : false
    }, {
      "id" : "s12-t3",
      "begin" : 1781,
      "end" : 1790,
      "text" : "Microsoft",
      "whiteSpace" : false
    }, {
      "id" : "s12-t4",
      "begin" : 1791,
      "end" : 1798,
      "text" : "pledges",
      "whiteSpace" : false
    }, {
      "id" : "s12-t5",
      "begin" : 1799,
      "end" : 1801,
      "text" : "to",
      "whiteSpace" : false
    }, {
      "id" : "s12-t6",
      "begin" : 1802,
      "end" : 1806,
      "text" : "make",
      "whiteSpace" : false
    }, {
      "id" : "s12-t7",
      "begin" : 1807,
      "end" : 1809,
      "text" : "it",
      "whiteSpace" : false
    }, {
      "id" : "s12-t8",
      "begin" : 1810,
      "end" : 1816,
      "text" : "easier",
      "whiteSpace" : false
    }, {
      "id" : "s12-t9",
      "begin" : 1817,
      "end" : 1819,
      "text" : "to",
      "whiteSpace" : false
    }, {
      "id" : "s12-t10",
      "begin" : 1820,
      "end" : 1827,
      "text" : "install",
      "whiteSpace" : false
    }, {
      "id" : "s12-t11",
      "begin" : 1828,
      "end" : 1838,
      "text" : "peripheral",
      "whiteSpace" : false
    }, {
      "id" : "s12-t12",
      "begin" : 1839,
      "end" : 1846,
      "text" : "devices",
      "whiteSpace" : false
    }, {
      "id" : "s12-t13",
      "begin" : 1847,
      "end" : 1850,
      "text" : "and",
      "whiteSpace" : false
    }, {
      "id" : "s12-t14",
      "begin" : 1851,
      "end" : 1853,
      "text" : "to",
      "whiteSpace" : false
    }, {
      "id" : "s12-t15",
      "begin" : 1854,
      "end" : 1858,
      "text" : "have",
      "whiteSpace" : false
    }, {
      "id" : "s12-t16",
      "begin" : 1859,
      "end" : 1862,
      "text" : "the",
      "whiteSpace" : false
    }, {
      "id" : "s12-t17",
      "begin" : 1863,
      "end" : 1871,
      "text" : "software",
      "whiteSpace" : false
    }, {
      "id" : "s12-t18",
      "begin" : 1872,
      "end" : 1876,
      "text" : "pump",
      "whiteSpace" : false
    }, {
      "id" : "s12-t19",
      "begin" : 1877,
      "end" : 1880,
      "text" : "out",
      "whiteSpace" : false
    }, {
      "id" : "s12-t20",
      "begin" : 1881,
      "end" : 1886,
      "text" : "fewer",
      "whiteSpace" : false
    }, {
      "id" : "s12-t21",
      "begin" : 1887,
      "end" : 1895,
      "text" : "annoying",
      "whiteSpace" : false
    }, {
      "id" : "s12-t22",
      "begin" : 1896,
      "end" : 1904,
      "text" : "warnings",
      "whiteSpace" : false
    }, {
      "id" : "s12-t23",
      "begin" : 1905,
      "end" : 1908,
      "text" : "and",
      "whiteSpace" : false
    }, {
      "id" : "s12-t24",
      "begin" : 1909,
      "end" : 1922,
      "text" : "notifications",
      "whiteSpace" : false
    }, {
      "id" : "s12-t25",
      "begin" : 1922,
      "end" : 1923,
      "text" : ".",
      "whiteSpace" : false
    } ]
  }, {
    "id" : "s13",
    "begin" : 1925,
    "end" : 1937,
    "text" : "Ballmer also",
    "tokens" : [ {
      "id" : "s13-t0",
      "begin" : 1925,
      "end" : 1932,
      "text" : "Ballmer",
      "whiteSpace" : false
    }, {
      "id" : "s13-t1",
      "begin" : 1933,
      "end" : 1937,
      "text" : "also",
      "whiteSpace" : false
    } ]
  } ],
  "mentions" : [ {
    "id" : "-M0",
    "source" : "IMPORT",
    "properties" : {
      "SIRE_MENTION_CLASS" : "SPC",
      "SIRE_MENTION_ROLE" : "ORGANIZATION",
      "SIRE_ENTITY_SUBTYPE" : "NONE",
      "SIRE_ENTITY_LEVEL" : "NONE",
      "SIRE_ENTITY_CLASS" : "SPC",
      "SIRE_MENTION_TYPE" : "NONE"
    },
    "type" : "ORGANIZATION",
    "begin" : 13,
    "end" : 22,
    "inCoref" : false
  }, {
    "id" : "-M1",
    "source" : "IMPORT",
    "properties" : {
      "SIRE_MENTION_CLASS" : "SPC",
      "SIRE_MENTION_ROLE" : "ORGANIZATION",
      "SIRE_ENTITY_SUBTYPE" : "NONE",
      "SIRE_ENTITY_LEVEL" : "NONE",
      "SIRE_ENTITY_CLASS" : "SPC",
      "SIRE_MENTION_TYPE" : "NONE"
    },
    "type" : "ORGANIZATION",
    "begin" : 545,
    "end" : 554,
    "inCoref" : false
  }, {
    "id" : "-M2",
    "source" : "IMPORT",
    "properties" : {
      "SIRE_MENTION_CLASS" : "SPC",
      "SIRE_MENTION_ROLE" : "ORGANIZATION",
      "SIRE_ENTITY_SUBTYPE" : "NONE",
      "SIRE_ENTITY_LEVEL" : "NONE",
      "SIRE_ENTITY_CLASS" : "SPC",
      "SIRE_MENTION_TYPE" : "NONE"
    },
    "type" : "ORGANIZATION",
    "begin" : 622,
    "end" : 631,
    "inCoref" : false
  }, {
    "id" : "-M3",
    "source" : "IMPORT",
    "properties" : {
      "SIRE_MENTION_CLASS" : "SPC",
      "SIRE_MENTION_ROLE" : "ORGANIZATION",
      "SIRE_ENTITY_SUBTYPE" : "NONE",
      "SIRE_ENTITY_LEVEL" : "NONE",
      "SIRE_ENTITY_CLASS" : "SPC",
      "SIRE_MENTION_TYPE" : "NONE"
    },
    "type" : "ORGANIZATION",
    "begin" : 838,
    "end" : 847,
    "inCoref" : false
  }, {
    "id" : "-M4",
    "source" : "IMPORT",
    "properties" : {
      "SIRE_MENTION_CLASS" : "SPC",
      "SIRE_MENTION_ROLE" : "ORGANIZATION",
      "SIRE_ENTITY_SUBTYPE" : "NONE",
      "SIRE_ENTITY_LEVEL" : "NONE",
      "SIRE_ENTITY_CLASS" : "SPC",
      "SIRE_MENTION_TYPE" : "NONE"
    },
    "type" : "ORGANIZATION",
    "begin" : 1281,
    "end" : 1290,
    "inCoref" : false
  }, {
    "id" : "-M5",
    "source" : "IMPORT",
    "properties" : {
      "SIRE_MENTION_CLASS" : "SPC",
      "SIRE_MENTION_ROLE" : "ORGANIZATION",
      "SIRE_ENTITY_SUBTYPE" : "NONE",
      "SIRE_ENTITY_LEVEL" : "NONE",
      "SIRE_ENTITY_CLASS" : "SPC",
      "SIRE_MENTION_TYPE" : "NONE"
    },
    "type" : "ORGANIZATION",
    "begin" : 1781,
    "end" : 1790,
    "inCoref" : false
  } ],
  "relations" : [ ],
  "corefs" : [ ],
  "typeResolved" : true,
  "userResolved" : false
}