{
  "id" : "b99682a0-021f-11e7-adfe-7b21e22b049b-12",
  "name" : "Technology - informationweek.com",
  "version" : 3,
  "text" : "Several mobile operators and manufacturers have banded together to create a standard for a universal charger for mobile phones with an implementation target date of 2012. \rAnnounced this week by the GSMA, which is coordinating the effort, the 17 participants will use Micro-USB as the common universal charging interface. The GSMA said the participants have agreed that all new available mobile phone models have support for a universal charging connector. \r\r'The mobile industry has a pivotal role to play in tackling environmental issues and this program is an important step that could lead to huge savings in resources, not to mention convenience for consumers,' said Rob Conway, GSMA chairman, in a statement. 'There is enormous potential in mobile to help people live and work in an eco-friendly way.' \rConway noted that a universal charger would enable a consumer to use the same charger for future handsets. In addition, consumers would be able to charge their handsets from any available charger and the fact that 50% fewer chargers would be manufactured each year would help reduce greenhouse gases. \r\rThe initial members of the GSMA's UCS effort include 3 Group, AT&T (NYSE: T), KTF, LG, Mobilkom Austria, Motorola (NYSE: MOT), Nokia (NYSE: NOK), Orange, Qualcomm (NSDQ: QCOM), Samsung, Sony (NYSE: SNE) Ericsson, Telecom Italia, Telefonica, Telenor, Telstra, T-mobile and Vodafone (NYSE: VOD).",
  "docLength" : 0,
  "language" : "EN",
  "status" : "READY",
  "modifiedDate" : 1489130156975,
  "documentSet" : [ ],
  "preannotation" : [ "PRE_SIRE" ],
  "sentences" : [ {
    "id" : "s0",
    "begin" : 0,
    "end" : 170,
    "text" : "Several mobile operators and manufacturers have banded together to create a standard for a universal charger for mobile phones with an implementation target date of 2012.",
    "tokens" : [ {
      "id" : "s0-t0",
      "begin" : 0,
      "end" : 7,
      "text" : "Several",
      "whiteSpace" : false
    }, {
      "id" : "s0-t1",
      "begin" : 8,
      "end" : 14,
      "text" : "mobile",
      "whiteSpace" : false
    }, {
      "id" : "s0-t2",
      "begin" : 15,
      "end" : 24,
      "text" : "operators",
      "whiteSpace" : false
    }, {
      "id" : "s0-t3",
      "begin" : 25,
      "end" : 28,
      "text" : "and",
      "whiteSpace" : false
    }, {
      "id" : "s0-t4",
      "begin" : 29,
      "end" : 42,
      "text" : "manufacturers",
      "whiteSpace" : false
    }, {
      "id" : "s0-t5",
      "begin" : 43,
      "end" : 47,
      "text" : "have",
      "whiteSpace" : false
    }, {
      "id" : "s0-t6",
      "begin" : 48,
      "end" : 54,
      "text" : "banded",
      "whiteSpace" : false
    }, {
      "id" : "s0-t7",
      "begin" : 55,
      "end" : 63,
      "text" : "together",
      "whiteSpace" : false
    }, {
      "id" : "s0-t8",
      "begin" : 64,
      "end" : 66,
      "text" : "to",
      "whiteSpace" : false
    }, {
      "id" : "s0-t9",
      "begin" : 67,
      "end" : 73,
      "text" : "create",
      "whiteSpace" : false
    }, {
      "id" : "s0-t10",
      "begin" : 74,
      "end" : 75,
      "text" : "a",
      "whiteSpace" : false
    }, {
      "id" : "s0-t11",
      "begin" : 76,
      "end" : 84,
      "text" : "standard",
      "whiteSpace" : false
    }, {
      "id" : "s0-t12",
      "begin" : 85,
      "end" : 88,
      "text" : "for",
      "whiteSpace" : false
    }, {
      "id" : "s0-t13",
      "begin" : 89,
      "end" : 90,
      "text" : "a",
      "whiteSpace" : false
    }, {
      "id" : "s0-t14",
      "begin" : 91,
      "end" : 100,
      "text" : "universal",
      "whiteSpace" : false
    }, {
      "id" : "s0-t15",
      "begin" : 101,
      "end" : 108,
      "text" : "charger",
      "whiteSpace" : false
    }, {
      "id" : "s0-t16",
      "begin" : 109,
      "end" : 112,
      "text" : "for",
      "whiteSpace" : false
    }, {
      "id" : "s0-t17",
      "begin" : 113,
      "end" : 119,
      "text" : "mobile",
      "whiteSpace" : false
    }, {
      "id" : "s0-t18",
      "begin" : 120,
      "end" : 126,
      "text" : "phones",
      "whiteSpace" : false
    }, {
      "id" : "s0-t19",
      "begin" : 127,
      "end" : 131,
      "text" : "with",
      "whiteSpace" : false
    }, {
      "id" : "s0-t20",
      "begin" : 132,
      "end" : 134,
      "text" : "an",
      "whiteSpace" : false
    }, {
      "id" : "s0-t21",
      "begin" : 135,
      "end" : 149,
      "text" : "implementation",
      "whiteSpace" : false
    }, {
      "id" : "s0-t22",
      "begin" : 150,
      "end" : 156,
      "text" : "target",
      "whiteSpace" : false
    }, {
      "id" : "s0-t23",
      "begin" : 157,
      "end" : 161,
      "text" : "date",
      "whiteSpace" : false
    }, {
      "id" : "s0-t24",
      "begin" : 162,
      "end" : 164,
      "text" : "of",
      "whiteSpace" : false
    }, {
      "id" : "s0-t25",
      "begin" : 165,
      "end" : 169,
      "text" : "2012",
      "whiteSpace" : false
    }, {
      "id" : "s0-t26",
      "begin" : 169,
      "end" : 170,
      "text" : ".",
      "whiteSpace" : false
    } ]
  }, {
    "id" : "s1",
    "begin" : 172,
    "end" : 321,
    "text" : "Announced this week by the GSMA, which is coordinating the effort, the 17 participants will use Micro-USB as the common universal charging interface.",
    "tokens" : [ {
      "id" : "s1-t0",
      "begin" : 172,
      "end" : 181,
      "text" : "Announced",
      "whiteSpace" : false
    }, {
      "id" : "s1-t1",
      "begin" : 182,
      "end" : 186,
      "text" : "this",
      "whiteSpace" : false
    }, {
      "id" : "s1-t2",
      "begin" : 187,
      "end" : 191,
      "text" : "week",
      "whiteSpace" : false
    }, {
      "id" : "s1-t3",
      "begin" : 192,
      "end" : 194,
      "text" : "by",
      "whiteSpace" : false
    }, {
      "id" : "s1-t4",
      "begin" : 195,
      "end" : 198,
      "text" : "the",
      "whiteSpace" : false
    }, {
      "id" : "s1-t5",
      "begin" : 199,
      "end" : 203,
      "text" : "GSMA",
      "whiteSpace" : false
    }, {
      "id" : "s1-t6",
      "begin" : 203,
      "end" : 204,
      "text" : ",",
      "whiteSpace" : false
    }, {
      "id" : "s1-t7",
      "begin" : 205,
      "end" : 210,
      "text" : "which",
      "whiteSpace" : false
    }, {
      "id" : "s1-t8",
      "begin" : 211,
      "end" : 213,
      "text" : "is",
      "whiteSpace" : false
    }, {
      "id" : "s1-t9",
      "begin" : 214,
      "end" : 226,
      "text" : "coordinating",
      "whiteSpace" : false
    }, {
      "id" : "s1-t10",
      "begin" : 227,
      "end" : 230,
      "text" : "the",
      "whiteSpace" : false
    }, {
      "id" : "s1-t11",
      "begin" : 231,
      "end" : 237,
      "text" : "effort",
      "whiteSpace" : false
    }, {
      "id" : "s1-t12",
      "begin" : 237,
      "end" : 238,
      "text" : ",",
      "whiteSpace" : false
    }, {
      "id" : "s1-t13",
      "begin" : 239,
      "end" : 242,
      "text" : "the",
      "whiteSpace" : false
    }, {
      "id" : "s1-t14",
      "begin" : 243,
      "end" : 245,
      "text" : "17",
      "whiteSpace" : false
    }, {
      "id" : "s1-t15",
      "begin" : 246,
      "end" : 258,
      "text" : "participants",
      "whiteSpace" : false
    }, {
      "id" : "s1-t16",
      "begin" : 259,
      "end" : 263,
      "text" : "will",
      "whiteSpace" : false
    }, {
      "id" : "s1-t17",
      "begin" : 264,
      "end" : 267,
      "text" : "use",
      "whiteSpace" : false
    }, {
      "id" : "s1-t18",
      "begin" : 268,
      "end" : 273,
      "text" : "Micro",
      "whiteSpace" : false
    }, {
      "id" : "s1-t19",
      "begin" : 273,
      "end" : 274,
      "text" : "-",
      "whiteSpace" : false
    }, {
      "id" : "s1-t20",
      "begin" : 274,
      "end" : 277,
      "text" : "USB",
      "whiteSpace" : false
    }, {
      "id" : "s1-t21",
      "begin" : 278,
      "end" : 280,
      "text" : "as",
      "whiteSpace" : false
    }, {
      "id" : "s1-t22",
      "begin" : 281,
      "end" : 284,
      "text" : "the",
      "whiteSpace" : false
    }, {
      "id" : "s1-t23",
      "begin" : 285,
      "end" : 291,
      "text" : "common",
      "whiteSpace" : false
    }, {
      "id" : "s1-t24",
      "begin" : 292,
      "end" : 301,
      "text" : "universal",
      "whiteSpace" : false
    }, {
      "id" : "s1-t25",
      "begin" : 302,
      "end" : 310,
      "text" : "charging",
      "whiteSpace" : false
    }, {
      "id" : "s1-t26",
      "begin" : 311,
      "end" : 320,
      "text" : "interface",
      "whiteSpace" : false
    }, {
      "id" : "s1-t27",
      "begin" : 320,
      "end" : 321,
      "text" : ".",
      "whiteSpace" : false
    } ]
  }, {
    "id" : "s2",
    "begin" : 322,
    "end" : 456,
    "text" : "The GSMA said the participants have agreed that all new available mobile phone models have support for a universal charging connector.",
    "tokens" : [ {
      "id" : "s2-t0",
      "begin" : 322,
      "end" : 325,
      "text" : "The",
      "whiteSpace" : false
    }, {
      "id" : "s2-t1",
      "begin" : 326,
      "end" : 330,
      "text" : "GSMA",
      "whiteSpace" : false
    }, {
      "id" : "s2-t2",
      "begin" : 331,
      "end" : 335,
      "text" : "said",
      "whiteSpace" : false
    }, {
      "id" : "s2-t3",
      "begin" : 336,
      "end" : 339,
      "text" : "the",
      "whiteSpace" : false
    }, {
      "id" : "s2-t4",
      "begin" : 340,
      "end" : 352,
      "text" : "participants",
      "whiteSpace" : false
    }, {
      "id" : "s2-t5",
      "begin" : 353,
      "end" : 357,
      "text" : "have",
      "whiteSpace" : false
    }, {
      "id" : "s2-t6",
      "begin" : 358,
      "end" : 364,
      "text" : "agreed",
      "whiteSpace" : false
    }, {
      "id" : "s2-t7",
      "begin" : 365,
      "end" : 369,
      "text" : "that",
      "whiteSpace" : false
    }, {
      "id" : "s2-t8",
      "begin" : 370,
      "end" : 373,
      "text" : "all",
      "whiteSpace" : false
    }, {
      "id" : "s2-t9",
      "begin" : 374,
      "end" : 377,
      "text" : "new",
      "whiteSpace" : false
    }, {
      "id" : "s2-t10",
      "begin" : 378,
      "end" : 387,
      "text" : "available",
      "whiteSpace" : false
    }, {
      "id" : "s2-t11",
      "begin" : 388,
      "end" : 394,
      "text" : "mobile",
      "whiteSpace" : false
    }, {
      "id" : "s2-t12",
      "begin" : 395,
      "end" : 400,
      "text" : "phone",
      "whiteSpace" : false
    }, {
      "id" : "s2-t13",
      "begin" : 401,
      "end" : 407,
      "text" : "models",
      "whiteSpace" : false
    }, {
      "id" : "s2-t14",
      "begin" : 408,
      "end" : 412,
      "text" : "have",
      "whiteSpace" : false
    }, {
      "id" : "s2-t15",
      "begin" : 413,
      "end" : 420,
      "text" : "support",
      "whiteSpace" : false
    }, {
      "id" : "s2-t16",
      "begin" : 421,
      "end" : 424,
      "text" : "for",
      "whiteSpace" : false
    }, {
      "id" : "s2-t17",
      "begin" : 425,
      "end" : 426,
      "text" : "a",
      "whiteSpace" : false
    }, {
      "id" : "s2-t18",
      "begin" : 427,
      "end" : 436,
      "text" : "universal",
      "whiteSpace" : false
    }, {
      "id" : "s2-t19",
      "begin" : 437,
      "end" : 445,
      "text" : "charging",
      "whiteSpace" : false
    }, {
      "id" : "s2-t20",
      "begin" : 446,
      "end" : 455,
      "text" : "connector",
      "whiteSpace" : false
    }, {
      "id" : "s2-t21",
      "begin" : 455,
      "end" : 456,
      "text" : ".",
      "whiteSpace" : false
    } ]
  }, {
    "id" : "s3",
    "begin" : 459,
    "end" : 714,
    "text" : "'The mobile industry has a pivotal role to play in tackling environmental issues and this program is an important step that could lead to huge savings in resources, not to mention convenience for consumers,' said Rob Conway, GSMA chairman, in a statement.",
    "tokens" : [ {
      "id" : "s3-t0",
      "begin" : 459,
      "end" : 460,
      "text" : "'",
      "whiteSpace" : false
    }, {
      "id" : "s3-t1",
      "begin" : 460,
      "end" : 463,
      "text" : "The",
      "whiteSpace" : false
    }, {
      "id" : "s3-t2",
      "begin" : 464,
      "end" : 470,
      "text" : "mobile",
      "whiteSpace" : false
    }, {
      "id" : "s3-t3",
      "begin" : 471,
      "end" : 479,
      "text" : "industry",
      "whiteSpace" : false
    }, {
      "id" : "s3-t4",
      "begin" : 480,
      "end" : 483,
      "text" : "has",
      "whiteSpace" : false
    }, {
      "id" : "s3-t5",
      "begin" : 484,
      "end" : 485,
      "text" : "a",
      "whiteSpace" : false
    }, {
      "id" : "s3-t6",
      "begin" : 486,
      "end" : 493,
      "text" : "pivotal",
      "whiteSpace" : false
    }, {
      "id" : "s3-t7",
      "begin" : 494,
      "end" : 498,
      "text" : "role",
      "whiteSpace" : false
    }, {
      "id" : "s3-t8",
      "begin" : 499,
      "end" : 501,
      "text" : "to",
      "whiteSpace" : false
    }, {
      "id" : "s3-t9",
      "begin" : 502,
      "end" : 506,
      "text" : "play",
      "whiteSpace" : false
    }, {
      "id" : "s3-t10",
      "begin" : 507,
      "end" : 509,
      "text" : "in",
      "whiteSpace" : false
    }, {
      "id" : "s3-t11",
      "begin" : 510,
      "end" : 518,
      "text" : "tackling",
      "whiteSpace" : false
    }, {
      "id" : "s3-t12",
      "begin" : 519,
      "end" : 532,
      "text" : "environmental",
      "whiteSpace" : false
    }, {
      "id" : "s3-t13",
      "begin" : 533,
      "end" : 539,
      "text" : "issues",
      "whiteSpace" : false
    }, {
      "id" : "s3-t14",
      "begin" : 540,
      "end" : 543,
      "text" : "and",
      "whiteSpace" : false
    }, {
      "id" : "s3-t15",
      "begin" : 544,
      "end" : 548,
      "text" : "this",
      "whiteSpace" : false
    }, {
      "id" : "s3-t16",
      "begin" : 549,
      "end" : 556,
      "text" : "program",
      "whiteSpace" : false
    }, {
      "id" : "s3-t17",
      "begin" : 557,
      "end" : 559,
      "text" : "is",
      "whiteSpace" : false
    }, {
      "id" : "s3-t18",
      "begin" : 560,
      "end" : 562,
      "text" : "an",
      "whiteSpace" : false
    }, {
      "id" : "s3-t19",
      "begin" : 563,
      "end" : 572,
      "text" : "important",
      "whiteSpace" : false
    }, {
      "id" : "s3-t20",
      "begin" : 573,
      "end" : 577,
      "text" : "step",
      "whiteSpace" : false
    }, {
      "id" : "s3-t21",
      "begin" : 578,
      "end" : 582,
      "text" : "that",
      "whiteSpace" : false
    }, {
      "id" : "s3-t22",
      "begin" : 583,
      "end" : 588,
      "text" : "could",
      "whiteSpace" : false
    }, {
      "id" : "s3-t23",
      "begin" : 589,
      "end" : 593,
      "text" : "lead",
      "whiteSpace" : false
    }, {
      "id" : "s3-t24",
      "begin" : 594,
      "end" : 596,
      "text" : "to",
      "whiteSpace" : false
    }, {
      "id" : "s3-t25",
      "begin" : 597,
      "end" : 601,
      "text" : "huge",
      "whiteSpace" : false
    }, {
      "id" : "s3-t26",
      "begin" : 602,
      "end" : 609,
      "text" : "savings",
      "whiteSpace" : false
    }, {
      "id" : "s3-t27",
      "begin" : 610,
      "end" : 612,
      "text" : "in",
      "whiteSpace" : false
    }, {
      "id" : "s3-t28",
      "begin" : 613,
      "end" : 622,
      "text" : "resources",
      "whiteSpace" : false
    }, {
      "id" : "s3-t29",
      "begin" : 622,
      "end" : 623,
      "text" : ",",
      "whiteSpace" : false
    }, {
      "id" : "s3-t30",
      "begin" : 624,
      "end" : 627,
      "text" : "not",
      "whiteSpace" : false
    }, {
      "id" : "s3-t31",
      "begin" : 628,
      "end" : 630,
      "text" : "to",
      "whiteSpace" : false
    }, {
      "id" : "s3-t32",
      "begin" : 631,
      "end" : 638,
      "text" : "mention",
      "whiteSpace" : false
    }, {
      "id" : "s3-t33",
      "begin" : 639,
      "end" : 650,
      "text" : "convenience",
      "whiteSpace" : false
    }, {
      "id" : "s3-t34",
      "begin" : 651,
      "end" : 654,
      "text" : "for",
      "whiteSpace" : false
    }, {
      "id" : "s3-t35",
      "begin" : 655,
      "end" : 664,
      "text" : "consumers",
      "whiteSpace" : false
    }, {
      "id" : "s3-t36",
      "begin" : 664,
      "end" : 665,
      "text" : ",",
      "whiteSpace" : false
    }, {
      "id" : "s3-t37",
      "begin" : 665,
      "end" : 666,
      "text" : "'",
      "whiteSpace" : false
    }, {
      "id" : "s3-t38",
      "begin" : 667,
      "end" : 671,
      "text" : "said",
      "whiteSpace" : false
    }, {
      "id" : "s3-t39",
      "begin" : 672,
      "end" : 675,
      "text" : "Rob",
      "whiteSpace" : false
    }, {
      "id" : "s3-t40",
      "begin" : 676,
      "end" : 682,
      "text" : "Conway",
      "whiteSpace" : false
    }, {
      "id" : "s3-t41",
      "begin" : 682,
      "end" : 683,
      "text" : ",",
      "whiteSpace" : false
    }, {
      "id" : "s3-t42",
      "begin" : 684,
      "end" : 688,
      "text" : "GSMA",
      "whiteSpace" : false
    }, {
      "id" : "s3-t43",
      "begin" : 689,
      "end" : 697,
      "text" : "chairman",
      "whiteSpace" : false
    }, {
      "id" : "s3-t44",
      "begin" : 697,
      "end" : 698,
      "text" : ",",
      "whiteSpace" : false
    }, {
      "id" : "s3-t45",
      "begin" : 699,
      "end" : 701,
      "text" : "in",
      "whiteSpace" : false
    }, {
      "id" : "s3-t46",
      "begin" : 702,
      "end" : 703,
      "text" : "a",
      "whiteSpace" : false
    }, {
      "id" : "s3-t47",
      "begin" : 704,
      "end" : 713,
      "text" : "statement",
      "whiteSpace" : false
    }, {
      "id" : "s3-t48",
      "begin" : 713,
      "end" : 714,
      "text" : ".",
      "whiteSpace" : false
    } ]
  }, {
    "id" : "s4",
    "begin" : 715,
    "end" : 806,
    "text" : "'There is enormous potential in mobile to help people live and work in an eco-friendly way.",
    "tokens" : [ {
      "id" : "s4-t0",
      "begin" : 715,
      "end" : 716,
      "text" : "'",
      "whiteSpace" : false
    }, {
      "id" : "s4-t1",
      "begin" : 716,
      "end" : 721,
      "text" : "There",
      "whiteSpace" : false
    }, {
      "id" : "s4-t2",
      "begin" : 722,
      "end" : 724,
      "text" : "is",
      "whiteSpace" : false
    }, {
      "id" : "s4-t3",
      "begin" : 725,
      "end" : 733,
      "text" : "enormous",
      "whiteSpace" : false
    }, {
      "id" : "s4-t4",
      "begin" : 734,
      "end" : 743,
      "text" : "potential",
      "whiteSpace" : false
    }, {
      "id" : "s4-t5",
      "begin" : 744,
      "end" : 746,
      "text" : "in",
      "whiteSpace" : false
    }, {
      "id" : "s4-t6",
      "begin" : 747,
      "end" : 753,
      "text" : "mobile",
      "whiteSpace" : false
    }, {
      "id" : "s4-t7",
      "begin" : 754,
      "end" : 756,
      "text" : "to",
      "whiteSpace" : false
    }, {
      "id" : "s4-t8",
      "begin" : 757,
      "end" : 761,
      "text" : "help",
      "whiteSpace" : false
    }, {
      "id" : "s4-t9",
      "begin" : 762,
      "end" : 768,
      "text" : "people",
      "whiteSpace" : false
    }, {
      "id" : "s4-t10",
      "begin" : 769,
      "end" : 773,
      "text" : "live",
      "whiteSpace" : false
    }, {
      "id" : "s4-t11",
      "begin" : 774,
      "end" : 777,
      "text" : "and",
      "whiteSpace" : false
    }, {
      "id" : "s4-t12",
      "begin" : 778,
      "end" : 782,
      "text" : "work",
      "whiteSpace" : false
    }, {
      "id" : "s4-t13",
      "begin" : 783,
      "end" : 785,
      "text" : "in",
      "whiteSpace" : false
    }, {
      "id" : "s4-t14",
      "begin" : 786,
      "end" : 788,
      "text" : "an",
      "whiteSpace" : false
    }, {
      "id" : "s4-t15",
      "begin" : 789,
      "end" : 801,
      "text" : "eco-friendly",
      "whiteSpace" : false
    }, {
      "id" : "s4-t16",
      "begin" : 802,
      "end" : 805,
      "text" : "way",
      "whiteSpace" : false
    }, {
      "id" : "s4-t17",
      "begin" : 805,
      "end" : 806,
      "text" : ".",
      "whiteSpace" : false
    } ]
  }, {
    "id" : "s5",
    "begin" : 806,
    "end" : 915,
    "text" : "' \rConway noted that a universal charger would enable a consumer to use the same charger for future handsets.",
    "tokens" : [ {
      "id" : "s5-t0",
      "begin" : 806,
      "end" : 807,
      "text" : "'",
      "whiteSpace" : false
    }, {
      "id" : "s5-t1",
      "begin" : 809,
      "end" : 815,
      "text" : "Conway",
      "whiteSpace" : false
    }, {
      "id" : "s5-t2",
      "begin" : 816,
      "end" : 821,
      "text" : "noted",
      "whiteSpace" : false
    }, {
      "id" : "s5-t3",
      "begin" : 822,
      "end" : 826,
      "text" : "that",
      "whiteSpace" : false
    }, {
      "id" : "s5-t4",
      "begin" : 827,
      "end" : 828,
      "text" : "a",
      "whiteSpace" : false
    }, {
      "id" : "s5-t5",
      "begin" : 829,
      "end" : 838,
      "text" : "universal",
      "whiteSpace" : false
    }, {
      "id" : "s5-t6",
      "begin" : 839,
      "end" : 846,
      "text" : "charger",
      "whiteSpace" : false
    }, {
      "id" : "s5-t7",
      "begin" : 847,
      "end" : 852,
      "text" : "would",
      "whiteSpace" : false
    }, {
      "id" : "s5-t8",
      "begin" : 853,
      "end" : 859,
      "text" : "enable",
      "whiteSpace" : false
    }, {
      "id" : "s5-t9",
      "begin" : 860,
      "end" : 861,
      "text" : "a",
      "whiteSpace" : false
    }, {
      "id" : "s5-t10",
      "begin" : 862,
      "end" : 870,
      "text" : "consumer",
      "whiteSpace" : false
    }, {
      "id" : "s5-t11",
      "begin" : 871,
      "end" : 873,
      "text" : "to",
      "whiteSpace" : false
    }, {
      "id" : "s5-t12",
      "begin" : 874,
      "end" : 877,
      "text" : "use",
      "whiteSpace" : false
    }, {
      "id" : "s5-t13",
      "begin" : 878,
      "end" : 881,
      "text" : "the",
      "whiteSpace" : false
    }, {
      "id" : "s5-t14",
      "begin" : 882,
      "end" : 886,
      "text" : "same",
      "whiteSpace" : false
    }, {
      "id" : "s5-t15",
      "begin" : 887,
      "end" : 894,
      "text" : "charger",
      "whiteSpace" : false
    }, {
      "id" : "s5-t16",
      "begin" : 895,
      "end" : 898,
      "text" : "for",
      "whiteSpace" : false
    }, {
      "id" : "s5-t17",
      "begin" : 899,
      "end" : 905,
      "text" : "future",
      "whiteSpace" : false
    }, {
      "id" : "s5-t18",
      "begin" : 906,
      "end" : 914,
      "text" : "handsets",
      "whiteSpace" : false
    }, {
      "id" : "s5-t19",
      "begin" : 914,
      "end" : 915,
      "text" : ".",
      "whiteSpace" : false
    } ]
  }, {
    "id" : "s6",
    "begin" : 916,
    "end" : 1109,
    "text" : "In addition, consumers would be able to charge their handsets from any available charger and the fact that 50% fewer chargers would be manufactured each year would help reduce greenhouse gases.",
    "tokens" : [ {
      "id" : "s6-t0",
      "begin" : 916,
      "end" : 918,
      "text" : "In",
      "whiteSpace" : false
    }, {
      "id" : "s6-t1",
      "begin" : 919,
      "end" : 927,
      "text" : "addition",
      "whiteSpace" : false
    }, {
      "id" : "s6-t2",
      "begin" : 927,
      "end" : 928,
      "text" : ",",
      "whiteSpace" : false
    }, {
      "id" : "s6-t3",
      "begin" : 929,
      "end" : 938,
      "text" : "consumers",
      "whiteSpace" : false
    }, {
      "id" : "s6-t4",
      "begin" : 939,
      "end" : 944,
      "text" : "would",
      "whiteSpace" : false
    }, {
      "id" : "s6-t5",
      "begin" : 945,
      "end" : 947,
      "text" : "be",
      "whiteSpace" : false
    }, {
      "id" : "s6-t6",
      "begin" : 948,
      "end" : 952,
      "text" : "able",
      "whiteSpace" : false
    }, {
      "id" : "s6-t7",
      "begin" : 953,
      "end" : 955,
      "text" : "to",
      "whiteSpace" : false
    }, {
      "id" : "s6-t8",
      "begin" : 956,
      "end" : 962,
      "text" : "charge",
      "whiteSpace" : false
    }, {
      "id" : "s6-t9",
      "begin" : 963,
      "end" : 968,
      "text" : "their",
      "whiteSpace" : false
    }, {
      "id" : "s6-t10",
      "begin" : 969,
      "end" : 977,
      "text" : "handsets",
      "whiteSpace" : false
    }, {
      "id" : "s6-t11",
      "begin" : 978,
      "end" : 982,
      "text" : "from",
      "whiteSpace" : false
    }, {
      "id" : "s6-t12",
      "begin" : 983,
      "end" : 986,
      "text" : "any",
      "whiteSpace" : false
    }, {
      "id" : "s6-t13",
      "begin" : 987,
      "end" : 996,
      "text" : "available",
      "whiteSpace" : false
    }, {
      "id" : "s6-t14",
      "begin" : 997,
      "end" : 1004,
      "text" : "charger",
      "whiteSpace" : false
    }, {
      "id" : "s6-t15",
      "begin" : 1005,
      "end" : 1008,
      "text" : "and",
      "whiteSpace" : false
    }, {
      "id" : "s6-t16",
      "begin" : 1009,
      "end" : 1012,
      "text" : "the",
      "whiteSpace" : false
    }, {
      "id" : "s6-t17",
      "begin" : 1013,
      "end" : 1017,
      "text" : "fact",
      "whiteSpace" : false
    }, {
      "id" : "s6-t18",
      "begin" : 1018,
      "end" : 1022,
      "text" : "that",
      "whiteSpace" : false
    }, {
      "id" : "s6-t19",
      "begin" : 1023,
      "end" : 1025,
      "text" : "50",
      "whiteSpace" : false
    }, {
      "id" : "s6-t20",
      "begin" : 1025,
      "end" : 1026,
      "text" : "%",
      "whiteSpace" : false
    }, {
      "id" : "s6-t21",
      "begin" : 1027,
      "end" : 1032,
      "text" : "fewer",
      "whiteSpace" : false
    }, {
      "id" : "s6-t22",
      "begin" : 1033,
      "end" : 1041,
      "text" : "chargers",
      "whiteSpace" : false
    }, {
      "id" : "s6-t23",
      "begin" : 1042,
      "end" : 1047,
      "text" : "would",
      "whiteSpace" : false
    }, {
      "id" : "s6-t24",
      "begin" : 1048,
      "end" : 1050,
      "text" : "be",
      "whiteSpace" : false
    }, {
      "id" : "s6-t25",
      "begin" : 1051,
      "end" : 1063,
      "text" : "manufactured",
      "whiteSpace" : false
    }, {
      "id" : "s6-t26",
      "begin" : 1064,
      "end" : 1068,
      "text" : "each",
      "whiteSpace" : false
    }, {
      "id" : "s6-t27",
      "begin" : 1069,
      "end" : 1073,
      "text" : "year",
      "whiteSpace" : false
    }, {
      "id" : "s6-t28",
      "begin" : 1074,
      "end" : 1079,
      "text" : "would",
      "whiteSpace" : false
    }, {
      "id" : "s6-t29",
      "begin" : 1080,
      "end" : 1084,
      "text" : "help",
      "whiteSpace" : false
    }, {
      "id" : "s6-t30",
      "begin" : 1085,
      "end" : 1091,
      "text" : "reduce",
      "whiteSpace" : false
    }, {
      "id" : "s6-t31",
      "begin" : 1092,
      "end" : 1102,
      "text" : "greenhouse",
      "whiteSpace" : false
    }, {
      "id" : "s6-t32",
      "begin" : 1103,
      "end" : 1108,
      "text" : "gases",
      "whiteSpace" : false
    }, {
      "id" : "s6-t33",
      "begin" : 1108,
      "end" : 1109,
      "text" : ".",
      "whiteSpace" : false
    } ]
  }, {
    "id" : "s7",
    "begin" : 1112,
    "end" : 1405,
    "text" : "The initial members of the GSMA's UCS effort include 3 Group, AT&T (NYSE: T), KTF, LG, Mobilkom Austria, Motorola (NYSE: MOT), Nokia (NYSE: NOK), Orange, Qualcomm (NSDQ: QCOM), Samsung, Sony (NYSE: SNE) Ericsson, Telecom Italia, Telefonica, Telenor, Telstra, T-mobile and Vodafone (NYSE: VOD).",
    "tokens" : [ {
      "id" : "s7-t0",
      "begin" : 1112,
      "end" : 1115,
      "text" : "The",
      "whiteSpace" : false
    }, {
      "id" : "s7-t1",
      "begin" : 1116,
      "end" : 1123,
      "text" : "initial",
      "whiteSpace" : false
    }, {
      "id" : "s7-t2",
      "begin" : 1124,
      "end" : 1131,
      "text" : "members",
      "whiteSpace" : false
    }, {
      "id" : "s7-t3",
      "begin" : 1132,
      "end" : 1134,
      "text" : "of",
      "whiteSpace" : false
    }, {
      "id" : "s7-t4",
      "begin" : 1135,
      "end" : 1138,
      "text" : "the",
      "whiteSpace" : false
    }, {
      "id" : "s7-t5",
      "begin" : 1139,
      "end" : 1143,
      "text" : "GSMA",
      "whiteSpace" : false
    }, {
      "id" : "s7-t6",
      "begin" : 1143,
      "end" : 1145,
      "text" : "'s",
      "whiteSpace" : false
    }, {
      "id" : "s7-t7",
      "begin" : 1146,
      "end" : 1149,
      "text" : "UCS",
      "whiteSpace" : false
    }, {
      "id" : "s7-t8",
      "begin" : 1150,
      "end" : 1156,
      "text" : "effort",
      "whiteSpace" : false
    }, {
      "id" : "s7-t9",
      "begin" : 1157,
      "end" : 1164,
      "text" : "include",
      "whiteSpace" : false
    }, {
      "id" : "s7-t10",
      "begin" : 1165,
      "end" : 1166,
      "text" : "3",
      "whiteSpace" : false
    }, {
      "id" : "s7-t11",
      "begin" : 1167,
      "end" : 1172,
      "text" : "Group",
      "whiteSpace" : false
    }, {
      "id" : "s7-t12",
      "begin" : 1172,
      "end" : 1173,
      "text" : ",",
      "whiteSpace" : false
    }, {
      "id" : "s7-t13",
      "begin" : 1174,
      "end" : 1178,
      "text" : "AT&T",
      "whiteSpace" : false
    }, {
      "id" : "s7-t14",
      "begin" : 1179,
      "end" : 1180,
      "text" : "(",
      "whiteSpace" : false
    }, {
      "id" : "s7-t15",
      "begin" : 1180,
      "end" : 1184,
      "text" : "NYSE",
      "whiteSpace" : false
    }, {
      "id" : "s7-t16",
      "begin" : 1184,
      "end" : 1185,
      "text" : ":",
      "whiteSpace" : false
    }, {
      "id" : "s7-t17",
      "begin" : 1186,
      "end" : 1187,
      "text" : "T",
      "whiteSpace" : false
    }, {
      "id" : "s7-t18",
      "begin" : 1187,
      "end" : 1188,
      "text" : ")",
      "whiteSpace" : false
    }, {
      "id" : "s7-t19",
      "begin" : 1188,
      "end" : 1189,
      "text" : ",",
      "whiteSpace" : false
    }, {
      "id" : "s7-t20",
      "begin" : 1190,
      "end" : 1193,
      "text" : "KTF",
      "whiteSpace" : false
    }, {
      "id" : "s7-t21",
      "begin" : 1193,
      "end" : 1194,
      "text" : ",",
      "whiteSpace" : false
    }, {
      "id" : "s7-t22",
      "begin" : 1195,
      "end" : 1197,
      "text" : "LG",
      "whiteSpace" : false
    }, {
      "id" : "s7-t23",
      "begin" : 1197,
      "end" : 1198,
      "text" : ",",
      "whiteSpace" : false
    }, {
      "id" : "s7-t24",
      "begin" : 1199,
      "end" : 1207,
      "text" : "Mobilkom",
      "whiteSpace" : false
    }, {
      "id" : "s7-t25",
      "begin" : 1208,
      "end" : 1215,
      "text" : "Austria",
      "whiteSpace" : false
    }, {
      "id" : "s7-t26",
      "begin" : 1215,
      "end" : 1216,
      "text" : ",",
      "whiteSpace" : false
    }, {
      "id" : "s7-t27",
      "begin" : 1217,
      "end" : 1225,
      "text" : "Motorola",
      "whiteSpace" : false
    }, {
      "id" : "s7-t28",
      "begin" : 1226,
      "end" : 1227,
      "text" : "(",
      "whiteSpace" : false
    }, {
      "id" : "s7-t29",
      "begin" : 1227,
      "end" : 1231,
      "text" : "NYSE",
      "whiteSpace" : false
    }, {
      "id" : "s7-t30",
      "begin" : 1231,
      "end" : 1232,
      "text" : ":",
      "whiteSpace" : false
    }, {
      "id" : "s7-t31",
      "begin" : 1233,
      "end" : 1236,
      "text" : "MOT",
      "whiteSpace" : false
    }, {
      "id" : "s7-t32",
      "begin" : 1236,
      "end" : 1237,
      "text" : ")",
      "whiteSpace" : false
    }, {
      "id" : "s7-t33",
      "begin" : 1237,
      "end" : 1238,
      "text" : ",",
      "whiteSpace" : false
    }, {
      "id" : "s7-t34",
      "begin" : 1239,
      "end" : 1244,
      "text" : "Nokia",
      "whiteSpace" : false
    }, {
      "id" : "s7-t35",
      "begin" : 1245,
      "end" : 1246,
      "text" : "(",
      "whiteSpace" : false
    }, {
      "id" : "s7-t36",
      "begin" : 1246,
      "end" : 1250,
      "text" : "NYSE",
      "whiteSpace" : false
    }, {
      "id" : "s7-t37",
      "begin" : 1250,
      "end" : 1251,
      "text" : ":",
      "whiteSpace" : false
    }, {
      "id" : "s7-t38",
      "begin" : 1252,
      "end" : 1255,
      "text" : "NOK",
      "whiteSpace" : false
    }, {
      "id" : "s7-t39",
      "begin" : 1255,
      "end" : 1256,
      "text" : ")",
      "whiteSpace" : false
    }, {
      "id" : "s7-t40",
      "begin" : 1256,
      "end" : 1257,
      "text" : ",",
      "whiteSpace" : false
    }, {
      "id" : "s7-t41",
      "begin" : 1258,
      "end" : 1264,
      "text" : "Orange",
      "whiteSpace" : false
    }, {
      "id" : "s7-t42",
      "begin" : 1264,
      "end" : 1265,
      "text" : ",",
      "whiteSpace" : false
    }, {
      "id" : "s7-t43",
      "begin" : 1266,
      "end" : 1274,
      "text" : "Qualcomm",
      "whiteSpace" : false
    }, {
      "id" : "s7-t44",
      "begin" : 1275,
      "end" : 1276,
      "text" : "(",
      "whiteSpace" : false
    }, {
      "id" : "s7-t45",
      "begin" : 1276,
      "end" : 1280,
      "text" : "NSDQ",
      "whiteSpace" : false
    }, {
      "id" : "s7-t46",
      "begin" : 1280,
      "end" : 1281,
      "text" : ":",
      "whiteSpace" : false
    }, {
      "id" : "s7-t47",
      "begin" : 1282,
      "end" : 1286,
      "text" : "QCOM",
      "whiteSpace" : false
    }, {
      "id" : "s7-t48",
      "begin" : 1286,
      "end" : 1287,
      "text" : ")",
      "whiteSpace" : false
    }, {
      "id" : "s7-t49",
      "begin" : 1287,
      "end" : 1288,
      "text" : ",",
      "whiteSpace" : false
    }, {
      "id" : "s7-t50",
      "begin" : 1289,
      "end" : 1296,
      "text" : "Samsung",
      "whiteSpace" : false
    }, {
      "id" : "s7-t51",
      "begin" : 1296,
      "end" : 1297,
      "text" : ",",
      "whiteSpace" : false
    }, {
      "id" : "s7-t52",
      "begin" : 1298,
      "end" : 1302,
      "text" : "Sony",
      "whiteSpace" : false
    }, {
      "id" : "s7-t53",
      "begin" : 1303,
      "end" : 1304,
      "text" : "(",
      "whiteSpace" : false
    }, {
      "id" : "s7-t54",
      "begin" : 1304,
      "end" : 1308,
      "text" : "NYSE",
      "whiteSpace" : false
    }, {
      "id" : "s7-t55",
      "begin" : 1308,
      "end" : 1309,
      "text" : ":",
      "whiteSpace" : false
    }, {
      "id" : "s7-t56",
      "begin" : 1310,
      "end" : 1313,
      "text" : "SNE",
      "whiteSpace" : false
    }, {
      "id" : "s7-t57",
      "begin" : 1313,
      "end" : 1314,
      "text" : ")",
      "whiteSpace" : false
    }, {
      "id" : "s7-t58",
      "begin" : 1315,
      "end" : 1323,
      "text" : "Ericsson",
      "whiteSpace" : false
    }, {
      "id" : "s7-t59",
      "begin" : 1323,
      "end" : 1324,
      "text" : ",",
      "whiteSpace" : false
    }, {
      "id" : "s7-t60",
      "begin" : 1325,
      "end" : 1332,
      "text" : "Telecom",
      "whiteSpace" : false
    }, {
      "id" : "s7-t61",
      "begin" : 1333,
      "end" : 1339,
      "text" : "Italia",
      "whiteSpace" : false
    }, {
      "id" : "s7-t62",
      "begin" : 1339,
      "end" : 1340,
      "text" : ",",
      "whiteSpace" : false
    }, {
      "id" : "s7-t63",
      "begin" : 1341,
      "end" : 1351,
      "text" : "Telefonica",
      "whiteSpace" : false
    }, {
      "id" : "s7-t64",
      "begin" : 1351,
      "end" : 1352,
      "text" : ",",
      "whiteSpace" : false
    }, {
      "id" : "s7-t65",
      "begin" : 1353,
      "end" : 1360,
      "text" : "Telenor",
      "whiteSpace" : false
    }, {
      "id" : "s7-t66",
      "begin" : 1360,
      "end" : 1361,
      "text" : ",",
      "whiteSpace" : false
    }, {
      "id" : "s7-t67",
      "begin" : 1362,
      "end" : 1369,
      "text" : "Telstra",
      "whiteSpace" : false
    }, {
      "id" : "s7-t68",
      "begin" : 1369,
      "end" : 1370,
      "text" : ",",
      "whiteSpace" : false
    }, {
      "id" : "s7-t69",
      "begin" : 1371,
      "end" : 1379,
      "text" : "T-mobile",
      "whiteSpace" : false
    }, {
      "id" : "s7-t70",
      "begin" : 1380,
      "end" : 1383,
      "text" : "and",
      "whiteSpace" : false
    }, {
      "id" : "s7-t71",
      "begin" : 1384,
      "end" : 1392,
      "text" : "Vodafone",
      "whiteSpace" : false
    }, {
      "id" : "s7-t72",
      "begin" : 1393,
      "end" : 1394,
      "text" : "(",
      "whiteSpace" : false
    }, {
      "id" : "s7-t73",
      "begin" : 1394,
      "end" : 1398,
      "text" : "NYSE",
      "whiteSpace" : false
    }, {
      "id" : "s7-t74",
      "begin" : 1398,
      "end" : 1399,
      "text" : ":",
      "whiteSpace" : false
    }, {
      "id" : "s7-t75",
      "begin" : 1400,
      "end" : 1403,
      "text" : "VOD",
      "whiteSpace" : false
    }, {
      "id" : "s7-t76",
      "begin" : 1403,
      "end" : 1404,
      "text" : ")",
      "whiteSpace" : false
    }, {
      "id" : "s7-t77",
      "begin" : 1404,
      "end" : 1405,
      "text" : ".",
      "whiteSpace" : false
    } ]
  } ],
  "mentions" : [ {
    "id" : "-M0",
    "source" : "IMPORT",
    "properties" : {
      "SIRE_MENTION_CLASS" : "SPC",
      "SIRE_MENTION_ROLE" : "ORGANIZATION",
      "SIRE_ENTITY_SUBTYPE" : "NONE",
      "SIRE_ENTITY_LEVEL" : "NONE",
      "SIRE_ENTITY_CLASS" : "SPC",
      "SIRE_MENTION_TYPE" : "NONE"
    },
    "type" : "ORGANIZATION",
    "begin" : 1289,
    "end" : 1296,
    "inCoref" : false
  } ],
  "relations" : [ ],
  "corefs" : [ ],
  "typeResolved" : true,
  "userResolved" : false
}