{
  "id" : "b99682a0-021f-11e7-adfe-7b21e22b049b-4",
  "name" : "Technology - computerworld.com",
  "version" : 3,
  "text" : "February 3, 2009 (Computerworld) The U.S. government has hired IBM to build a supercomputer with more power than all the supercomputers on the Top500 supercomputer list combined. \r\rIt's an ambitious claim by IBM in a business where jumbo-size claims are the norm. The planned Sequoia system, capable of 20 petaflops, will be used by the U.S. Department of Energy in its nuclear stockpile research. The fastest systems today can only reach 1 petaflop, a remarkable achievement in its own right that was met only last year. \r\rIt 'is the biggest leap of computing capability ever delivered to the lab,' said Mark Seager, assistant department head for advanced technology at the Lawrence Livermore National Laboratory in Livermore, Calif., where the system will be housed. It's expected to be up and running in 2012. \r\rIBM is actually building two supercomputers under this contract. The first one, to be delivered by midyear, is called Dawn and will operate at around 500 teraflops. Researchers will use Dawn to help prepare for the larger system. \r\rSequoia will use approximately 1.6 million processing cores, all IBM Power chips, running Linux, which dominates high-performance computing at this scale. IBM is still developing a 45-nanometer chip for the system and may produce something with eight or 16 cores -- or more -- for it. Although the final chip configuration has yet to be determined, the system will have 1.6TB of memory and be housed in 96 'refrigerator-size' racks. \r\rThe cost of the system wasn't disclosed. \r\rThe supercomputer is also helping to drive a massive power upgrade at Lawrence Livermore, which is increasing the amount of electricity available for all its computing systems from 12.5 megawatts to 30 megawatts. To achieve the upgrade, it will run more power lines to its facility. Sequoia alone is expected to use about 6 megawatts, according to Seager. \r\rThe world's first computer to break the teraflop barrier was built at Sandia National Laboratories in 1996. A teraflop equals a trillion floating points a second; a petaflop is 1,000 trillion (one quadrillion) sustained floating-point operations per second. \r\rIt takes government funding to build systems of this scale and size, but that also means that the U.S. is paying for much of the problem-solving it takes to scale across more than a million cores. 'This is what's so good about it,' said Herb Schultz, manager of deep computing at IBM. 'They [the national lab] end up proving that you can get codes to scale that high.' \r\rIn effect, by solving those problems, the national lab's work will pave the way for broader adoption of massive systems that could improve weather research, forecasts, tornado tracking, and work on a variety of other research problems. Large systems such as Sequoia help researchers reduce uncertainty and improve precision in simulations that can, for instance, predict tornado paths. The more compute power available, the more fine tuned and accurate the simulation. \r\rThe major problem in running a system of this scale is 'the applications -- porting the applications and scaling them up is a critical problem we are facing,' said Seager. \r\rThere are two petaflop systems in the U.S., IBM's Roadrunner at Los Alamos National Laboratory, which passed the petaflop barrier last May, and Cray Inc.'s XT Jaguar at the Oak Ridge National Laboratory. \r\rIBM plans to build Sequoia at its Rochester, Minn., plant.",
  "docLength" : 0,
  "language" : "EN",
  "status" : "READY",
  "modifiedDate" : 1489130156975,
  "documentSet" : [ ],
  "preannotation" : [ "PRE_SIRE" ],
  "sentences" : [ {
    "id" : "s0",
    "begin" : 0,
    "end" : 178,
    "text" : "February 3, 2009 (Computerworld) The U.S. government has hired IBM to build a supercomputer with more power than all the supercomputers on the Top500 supercomputer list combined.",
    "tokens" : [ {
      "id" : "s0-t0",
      "begin" : 0,
      "end" : 8,
      "text" : "February",
      "whiteSpace" : false
    }, {
      "id" : "s0-t1",
      "begin" : 9,
      "end" : 10,
      "text" : "3",
      "whiteSpace" : false
    }, {
      "id" : "s0-t2",
      "begin" : 10,
      "end" : 11,
      "text" : ",",
      "whiteSpace" : false
    }, {
      "id" : "s0-t3",
      "begin" : 12,
      "end" : 16,
      "text" : "2009",
      "whiteSpace" : false
    }, {
      "id" : "s0-t4",
      "begin" : 17,
      "end" : 18,
      "text" : "(",
      "whiteSpace" : false
    }, {
      "id" : "s0-t5",
      "begin" : 18,
      "end" : 31,
      "text" : "Computerworld",
      "whiteSpace" : false
    }, {
      "id" : "s0-t6",
      "begin" : 31,
      "end" : 32,
      "text" : ")",
      "whiteSpace" : false
    }, {
      "id" : "s0-t7",
      "begin" : 33,
      "end" : 36,
      "text" : "The",
      "whiteSpace" : false
    }, {
      "id" : "s0-t8",
      "begin" : 37,
      "end" : 41,
      "text" : "U.S.",
      "whiteSpace" : false
    }, {
      "id" : "s0-t9",
      "begin" : 42,
      "end" : 52,
      "text" : "government",
      "whiteSpace" : false
    }, {
      "id" : "s0-t10",
      "begin" : 53,
      "end" : 56,
      "text" : "has",
      "whiteSpace" : false
    }, {
      "id" : "s0-t11",
      "begin" : 57,
      "end" : 62,
      "text" : "hired",
      "whiteSpace" : false
    }, {
      "id" : "s0-t12",
      "begin" : 63,
      "end" : 66,
      "text" : "IBM",
      "whiteSpace" : false
    }, {
      "id" : "s0-t13",
      "begin" : 67,
      "end" : 69,
      "text" : "to",
      "whiteSpace" : false
    }, {
      "id" : "s0-t14",
      "begin" : 70,
      "end" : 75,
      "text" : "build",
      "whiteSpace" : false
    }, {
      "id" : "s0-t15",
      "begin" : 76,
      "end" : 77,
      "text" : "a",
      "whiteSpace" : false
    }, {
      "id" : "s0-t16",
      "begin" : 78,
      "end" : 91,
      "text" : "supercomputer",
      "whiteSpace" : false
    }, {
      "id" : "s0-t17",
      "begin" : 92,
      "end" : 96,
      "text" : "with",
      "whiteSpace" : false
    }, {
      "id" : "s0-t18",
      "begin" : 97,
      "end" : 101,
      "text" : "more",
      "whiteSpace" : false
    }, {
      "id" : "s0-t19",
      "begin" : 102,
      "end" : 107,
      "text" : "power",
      "whiteSpace" : false
    }, {
      "id" : "s0-t20",
      "begin" : 108,
      "end" : 112,
      "text" : "than",
      "whiteSpace" : false
    }, {
      "id" : "s0-t21",
      "begin" : 113,
      "end" : 116,
      "text" : "all",
      "whiteSpace" : false
    }, {
      "id" : "s0-t22",
      "begin" : 117,
      "end" : 120,
      "text" : "the",
      "whiteSpace" : false
    }, {
      "id" : "s0-t23",
      "begin" : 121,
      "end" : 135,
      "text" : "supercomputers",
      "whiteSpace" : false
    }, {
      "id" : "s0-t24",
      "begin" : 136,
      "end" : 138,
      "text" : "on",
      "whiteSpace" : false
    }, {
      "id" : "s0-t25",
      "begin" : 139,
      "end" : 142,
      "text" : "the",
      "whiteSpace" : false
    }, {
      "id" : "s0-t26",
      "begin" : 143,
      "end" : 149,
      "text" : "Top500",
      "whiteSpace" : false
    }, {
      "id" : "s0-t27",
      "begin" : 150,
      "end" : 163,
      "text" : "supercomputer",
      "whiteSpace" : false
    }, {
      "id" : "s0-t28",
      "begin" : 164,
      "end" : 168,
      "text" : "list",
      "whiteSpace" : false
    }, {
      "id" : "s0-t29",
      "begin" : 169,
      "end" : 177,
      "text" : "combined",
      "whiteSpace" : false
    }, {
      "id" : "s0-t30",
      "begin" : 177,
      "end" : 178,
      "text" : ".",
      "whiteSpace" : false
    } ]
  }, {
    "id" : "s1",
    "begin" : 181,
    "end" : 263,
    "text" : "It's an ambitious claim by IBM in a business where jumbo-size claims are the norm.",
    "tokens" : [ {
      "id" : "s1-t0",
      "begin" : 181,
      "end" : 183,
      "text" : "It",
      "whiteSpace" : false
    }, {
      "id" : "s1-t1",
      "begin" : 183,
      "end" : 185,
      "text" : "'s",
      "whiteSpace" : false
    }, {
      "id" : "s1-t2",
      "begin" : 186,
      "end" : 188,
      "text" : "an",
      "whiteSpace" : false
    }, {
      "id" : "s1-t3",
      "begin" : 189,
      "end" : 198,
      "text" : "ambitious",
      "whiteSpace" : false
    }, {
      "id" : "s1-t4",
      "begin" : 199,
      "end" : 204,
      "text" : "claim",
      "whiteSpace" : false
    }, {
      "id" : "s1-t5",
      "begin" : 205,
      "end" : 207,
      "text" : "by",
      "whiteSpace" : false
    }, {
      "id" : "s1-t6",
      "begin" : 208,
      "end" : 211,
      "text" : "IBM",
      "whiteSpace" : false
    }, {
      "id" : "s1-t7",
      "begin" : 212,
      "end" : 214,
      "text" : "in",
      "whiteSpace" : false
    }, {
      "id" : "s1-t8",
      "begin" : 215,
      "end" : 216,
      "text" : "a",
      "whiteSpace" : false
    }, {
      "id" : "s1-t9",
      "begin" : 217,
      "end" : 225,
      "text" : "business",
      "whiteSpace" : false
    }, {
      "id" : "s1-t10",
      "begin" : 226,
      "end" : 231,
      "text" : "where",
      "whiteSpace" : false
    }, {
      "id" : "s1-t11",
      "begin" : 232,
      "end" : 242,
      "text" : "jumbo-size",
      "whiteSpace" : false
    }, {
      "id" : "s1-t12",
      "begin" : 243,
      "end" : 249,
      "text" : "claims",
      "whiteSpace" : false
    }, {
      "id" : "s1-t13",
      "begin" : 250,
      "end" : 253,
      "text" : "are",
      "whiteSpace" : false
    }, {
      "id" : "s1-t14",
      "begin" : 254,
      "end" : 257,
      "text" : "the",
      "whiteSpace" : false
    }, {
      "id" : "s1-t15",
      "begin" : 258,
      "end" : 262,
      "text" : "norm",
      "whiteSpace" : false
    }, {
      "id" : "s1-t16",
      "begin" : 262,
      "end" : 263,
      "text" : ".",
      "whiteSpace" : false
    } ]
  }, {
    "id" : "s2",
    "begin" : 264,
    "end" : 397,
    "text" : "The planned Sequoia system, capable of 20 petaflops, will be used by the U.S. Department of Energy in its nuclear stockpile research.",
    "tokens" : [ {
      "id" : "s2-t0",
      "begin" : 264,
      "end" : 267,
      "text" : "The",
      "whiteSpace" : false
    }, {
      "id" : "s2-t1",
      "begin" : 268,
      "end" : 275,
      "text" : "planned",
      "whiteSpace" : false
    }, {
      "id" : "s2-t2",
      "begin" : 276,
      "end" : 283,
      "text" : "Sequoia",
      "whiteSpace" : false
    }, {
      "id" : "s2-t3",
      "begin" : 284,
      "end" : 290,
      "text" : "system",
      "whiteSpace" : false
    }, {
      "id" : "s2-t4",
      "begin" : 290,
      "end" : 291,
      "text" : ",",
      "whiteSpace" : false
    }, {
      "id" : "s2-t5",
      "begin" : 292,
      "end" : 299,
      "text" : "capable",
      "whiteSpace" : false
    }, {
      "id" : "s2-t6",
      "begin" : 300,
      "end" : 302,
      "text" : "of",
      "whiteSpace" : false
    }, {
      "id" : "s2-t7",
      "begin" : 303,
      "end" : 305,
      "text" : "20",
      "whiteSpace" : false
    }, {
      "id" : "s2-t8",
      "begin" : 306,
      "end" : 315,
      "text" : "petaflops",
      "whiteSpace" : false
    }, {
      "id" : "s2-t9",
      "begin" : 315,
      "end" : 316,
      "text" : ",",
      "whiteSpace" : false
    }, {
      "id" : "s2-t10",
      "begin" : 317,
      "end" : 321,
      "text" : "will",
      "whiteSpace" : false
    }, {
      "id" : "s2-t11",
      "begin" : 322,
      "end" : 324,
      "text" : "be",
      "whiteSpace" : false
    }, {
      "id" : "s2-t12",
      "begin" : 325,
      "end" : 329,
      "text" : "used",
      "whiteSpace" : false
    }, {
      "id" : "s2-t13",
      "begin" : 330,
      "end" : 332,
      "text" : "by",
      "whiteSpace" : false
    }, {
      "id" : "s2-t14",
      "begin" : 333,
      "end" : 336,
      "text" : "the",
      "whiteSpace" : false
    }, {
      "id" : "s2-t15",
      "begin" : 337,
      "end" : 341,
      "text" : "U.S.",
      "whiteSpace" : false
    }, {
      "id" : "s2-t16",
      "begin" : 342,
      "end" : 352,
      "text" : "Department",
      "whiteSpace" : false
    }, {
      "id" : "s2-t17",
      "begin" : 353,
      "end" : 355,
      "text" : "of",
      "whiteSpace" : false
    }, {
      "id" : "s2-t18",
      "begin" : 356,
      "end" : 362,
      "text" : "Energy",
      "whiteSpace" : false
    }, {
      "id" : "s2-t19",
      "begin" : 363,
      "end" : 365,
      "text" : "in",
      "whiteSpace" : false
    }, {
      "id" : "s2-t20",
      "begin" : 366,
      "end" : 369,
      "text" : "its",
      "whiteSpace" : false
    }, {
      "id" : "s2-t21",
      "begin" : 370,
      "end" : 377,
      "text" : "nuclear",
      "whiteSpace" : false
    }, {
      "id" : "s2-t22",
      "begin" : 378,
      "end" : 387,
      "text" : "stockpile",
      "whiteSpace" : false
    }, {
      "id" : "s2-t23",
      "begin" : 388,
      "end" : 396,
      "text" : "research",
      "whiteSpace" : false
    }, {
      "id" : "s2-t24",
      "begin" : 396,
      "end" : 397,
      "text" : ".",
      "whiteSpace" : false
    } ]
  }, {
    "id" : "s3",
    "begin" : 398,
    "end" : 521,
    "text" : "The fastest systems today can only reach 1 petaflop, a remarkable achievement in its own right that was met only last year.",
    "tokens" : [ {
      "id" : "s3-t0",
      "begin" : 398,
      "end" : 401,
      "text" : "The",
      "whiteSpace" : false
    }, {
      "id" : "s3-t1",
      "begin" : 402,
      "end" : 409,
      "text" : "fastest",
      "whiteSpace" : false
    }, {
      "id" : "s3-t2",
      "begin" : 410,
      "end" : 417,
      "text" : "systems",
      "whiteSpace" : false
    }, {
      "id" : "s3-t3",
      "begin" : 418,
      "end" : 423,
      "text" : "today",
      "whiteSpace" : false
    }, {
      "id" : "s3-t4",
      "begin" : 424,
      "end" : 427,
      "text" : "can",
      "whiteSpace" : false
    }, {
      "id" : "s3-t5",
      "begin" : 428,
      "end" : 432,
      "text" : "only",
      "whiteSpace" : false
    }, {
      "id" : "s3-t6",
      "begin" : 433,
      "end" : 438,
      "text" : "reach",
      "whiteSpace" : false
    }, {
      "id" : "s3-t7",
      "begin" : 439,
      "end" : 440,
      "text" : "1",
      "whiteSpace" : false
    }, {
      "id" : "s3-t8",
      "begin" : 441,
      "end" : 449,
      "text" : "petaflop",
      "whiteSpace" : false
    }, {
      "id" : "s3-t9",
      "begin" : 449,
      "end" : 450,
      "text" : ",",
      "whiteSpace" : false
    }, {
      "id" : "s3-t10",
      "begin" : 451,
      "end" : 452,
      "text" : "a",
      "whiteSpace" : false
    }, {
      "id" : "s3-t11",
      "begin" : 453,
      "end" : 463,
      "text" : "remarkable",
      "whiteSpace" : false
    }, {
      "id" : "s3-t12",
      "begin" : 464,
      "end" : 475,
      "text" : "achievement",
      "whiteSpace" : false
    }, {
      "id" : "s3-t13",
      "begin" : 476,
      "end" : 478,
      "text" : "in",
      "whiteSpace" : false
    }, {
      "id" : "s3-t14",
      "begin" : 479,
      "end" : 482,
      "text" : "its",
      "whiteSpace" : false
    }, {
      "id" : "s3-t15",
      "begin" : 483,
      "end" : 486,
      "text" : "own",
      "whiteSpace" : false
    }, {
      "id" : "s3-t16",
      "begin" : 487,
      "end" : 492,
      "text" : "right",
      "whiteSpace" : false
    }, {
      "id" : "s3-t17",
      "begin" : 493,
      "end" : 497,
      "text" : "that",
      "whiteSpace" : false
    }, {
      "id" : "s3-t18",
      "begin" : 498,
      "end" : 501,
      "text" : "was",
      "whiteSpace" : false
    }, {
      "id" : "s3-t19",
      "begin" : 502,
      "end" : 505,
      "text" : "met",
      "whiteSpace" : false
    }, {
      "id" : "s3-t20",
      "begin" : 506,
      "end" : 510,
      "text" : "only",
      "whiteSpace" : false
    }, {
      "id" : "s3-t21",
      "begin" : 511,
      "end" : 515,
      "text" : "last",
      "whiteSpace" : false
    }, {
      "id" : "s3-t22",
      "begin" : 516,
      "end" : 520,
      "text" : "year",
      "whiteSpace" : false
    }, {
      "id" : "s3-t23",
      "begin" : 520,
      "end" : 521,
      "text" : ".",
      "whiteSpace" : false
    } ]
  }, {
    "id" : "s4",
    "begin" : 524,
    "end" : 768,
    "text" : "It 'is the biggest leap of computing capability ever delivered to the lab,' said Mark Seager, assistant department head for advanced technology at the Lawrence Livermore National Laboratory in Livermore, Calif., where the system will be housed.",
    "tokens" : [ {
      "id" : "s4-t0",
      "begin" : 524,
      "end" : 526,
      "text" : "It",
      "whiteSpace" : false
    }, {
      "id" : "s4-t1",
      "begin" : 527,
      "end" : 528,
      "text" : "'",
      "whiteSpace" : false
    }, {
      "id" : "s4-t2",
      "begin" : 528,
      "end" : 530,
      "text" : "is",
      "whiteSpace" : false
    }, {
      "id" : "s4-t3",
      "begin" : 531,
      "end" : 534,
      "text" : "the",
      "whiteSpace" : false
    }, {
      "id" : "s4-t4",
      "begin" : 535,
      "end" : 542,
      "text" : "biggest",
      "whiteSpace" : false
    }, {
      "id" : "s4-t5",
      "begin" : 543,
      "end" : 547,
      "text" : "leap",
      "whiteSpace" : false
    }, {
      "id" : "s4-t6",
      "begin" : 548,
      "end" : 550,
      "text" : "of",
      "whiteSpace" : false
    }, {
      "id" : "s4-t7",
      "begin" : 551,
      "end" : 560,
      "text" : "computing",
      "whiteSpace" : false
    }, {
      "id" : "s4-t8",
      "begin" : 561,
      "end" : 571,
      "text" : "capability",
      "whiteSpace" : false
    }, {
      "id" : "s4-t9",
      "begin" : 572,
      "end" : 576,
      "text" : "ever",
      "whiteSpace" : false
    }, {
      "id" : "s4-t10",
      "begin" : 577,
      "end" : 586,
      "text" : "delivered",
      "whiteSpace" : false
    }, {
      "id" : "s4-t11",
      "begin" : 587,
      "end" : 589,
      "text" : "to",
      "whiteSpace" : false
    }, {
      "id" : "s4-t12",
      "begin" : 590,
      "end" : 593,
      "text" : "the",
      "whiteSpace" : false
    }, {
      "id" : "s4-t13",
      "begin" : 594,
      "end" : 597,
      "text" : "lab",
      "whiteSpace" : false
    }, {
      "id" : "s4-t14",
      "begin" : 597,
      "end" : 598,
      "text" : ",",
      "whiteSpace" : false
    }, {
      "id" : "s4-t15",
      "begin" : 598,
      "end" : 599,
      "text" : "'",
      "whiteSpace" : false
    }, {
      "id" : "s4-t16",
      "begin" : 600,
      "end" : 604,
      "text" : "said",
      "whiteSpace" : false
    }, {
      "id" : "s4-t17",
      "begin" : 605,
      "end" : 609,
      "text" : "Mark",
      "whiteSpace" : false
    }, {
      "id" : "s4-t18",
      "begin" : 610,
      "end" : 616,
      "text" : "Seager",
      "whiteSpace" : false
    }, {
      "id" : "s4-t19",
      "begin" : 616,
      "end" : 617,
      "text" : ",",
      "whiteSpace" : false
    }, {
      "id" : "s4-t20",
      "begin" : 618,
      "end" : 627,
      "text" : "assistant",
      "whiteSpace" : false
    }, {
      "id" : "s4-t21",
      "begin" : 628,
      "end" : 638,
      "text" : "department",
      "whiteSpace" : false
    }, {
      "id" : "s4-t22",
      "begin" : 639,
      "end" : 643,
      "text" : "head",
      "whiteSpace" : false
    }, {
      "id" : "s4-t23",
      "begin" : 644,
      "end" : 647,
      "text" : "for",
      "whiteSpace" : false
    }, {
      "id" : "s4-t24",
      "begin" : 648,
      "end" : 656,
      "text" : "advanced",
      "whiteSpace" : false
    }, {
      "id" : "s4-t25",
      "begin" : 657,
      "end" : 667,
      "text" : "technology",
      "whiteSpace" : false
    }, {
      "id" : "s4-t26",
      "begin" : 668,
      "end" : 670,
      "text" : "at",
      "whiteSpace" : false
    }, {
      "id" : "s4-t27",
      "begin" : 671,
      "end" : 674,
      "text" : "the",
      "whiteSpace" : false
    }, {
      "id" : "s4-t28",
      "begin" : 675,
      "end" : 683,
      "text" : "Lawrence",
      "whiteSpace" : false
    }, {
      "id" : "s4-t29",
      "begin" : 684,
      "end" : 693,
      "text" : "Livermore",
      "whiteSpace" : false
    }, {
      "id" : "s4-t30",
      "begin" : 694,
      "end" : 702,
      "text" : "National",
      "whiteSpace" : false
    }, {
      "id" : "s4-t31",
      "begin" : 703,
      "end" : 713,
      "text" : "Laboratory",
      "whiteSpace" : false
    }, {
      "id" : "s4-t32",
      "begin" : 714,
      "end" : 716,
      "text" : "in",
      "whiteSpace" : false
    }, {
      "id" : "s4-t33",
      "begin" : 717,
      "end" : 726,
      "text" : "Livermore",
      "whiteSpace" : false
    }, {
      "id" : "s4-t34",
      "begin" : 726,
      "end" : 727,
      "text" : ",",
      "whiteSpace" : false
    }, {
      "id" : "s4-t35",
      "begin" : 728,
      "end" : 734,
      "text" : "Calif.",
      "whiteSpace" : false
    }, {
      "id" : "s4-t36",
      "begin" : 734,
      "end" : 735,
      "text" : ",",
      "whiteSpace" : false
    }, {
      "id" : "s4-t37",
      "begin" : 736,
      "end" : 741,
      "text" : "where",
      "whiteSpace" : false
    }, {
      "id" : "s4-t38",
      "begin" : 742,
      "end" : 745,
      "text" : "the",
      "whiteSpace" : false
    }, {
      "id" : "s4-t39",
      "begin" : 746,
      "end" : 752,
      "text" : "system",
      "whiteSpace" : false
    }, {
      "id" : "s4-t40",
      "begin" : 753,
      "end" : 757,
      "text" : "will",
      "whiteSpace" : false
    }, {
      "id" : "s4-t41",
      "begin" : 758,
      "end" : 760,
      "text" : "be",
      "whiteSpace" : false
    }, {
      "id" : "s4-t42",
      "begin" : 761,
      "end" : 767,
      "text" : "housed",
      "whiteSpace" : false
    }, {
      "id" : "s4-t43",
      "begin" : 767,
      "end" : 768,
      "text" : ".",
      "whiteSpace" : false
    } ]
  }, {
    "id" : "s5",
    "begin" : 769,
    "end" : 812,
    "text" : "It's expected to be up and running in 2012.",
    "tokens" : [ {
      "id" : "s5-t0",
      "begin" : 769,
      "end" : 771,
      "text" : "It",
      "whiteSpace" : false
    }, {
      "id" : "s5-t1",
      "begin" : 771,
      "end" : 773,
      "text" : "'s",
      "whiteSpace" : false
    }, {
      "id" : "s5-t2",
      "begin" : 774,
      "end" : 782,
      "text" : "expected",
      "whiteSpace" : false
    }, {
      "id" : "s5-t3",
      "begin" : 783,
      "end" : 785,
      "text" : "to",
      "whiteSpace" : false
    }, {
      "id" : "s5-t4",
      "begin" : 786,
      "end" : 788,
      "text" : "be",
      "whiteSpace" : false
    }, {
      "id" : "s5-t5",
      "begin" : 789,
      "end" : 791,
      "text" : "up",
      "whiteSpace" : false
    }, {
      "id" : "s5-t6",
      "begin" : 792,
      "end" : 795,
      "text" : "and",
      "whiteSpace" : false
    }, {
      "id" : "s5-t7",
      "begin" : 796,
      "end" : 803,
      "text" : "running",
      "whiteSpace" : false
    }, {
      "id" : "s5-t8",
      "begin" : 804,
      "end" : 806,
      "text" : "in",
      "whiteSpace" : false
    }, {
      "id" : "s5-t9",
      "begin" : 807,
      "end" : 811,
      "text" : "2012",
      "whiteSpace" : false
    }, {
      "id" : "s5-t10",
      "begin" : 811,
      "end" : 812,
      "text" : ".",
      "whiteSpace" : false
    } ]
  }, {
    "id" : "s6",
    "begin" : 815,
    "end" : 879,
    "text" : "IBM is actually building two supercomputers under this contract.",
    "tokens" : [ {
      "id" : "s6-t0",
      "begin" : 815,
      "end" : 818,
      "text" : "IBM",
      "whiteSpace" : false
    }, {
      "id" : "s6-t1",
      "begin" : 819,
      "end" : 821,
      "text" : "is",
      "whiteSpace" : false
    }, {
      "id" : "s6-t2",
      "begin" : 822,
      "end" : 830,
      "text" : "actually",
      "whiteSpace" : false
    }, {
      "id" : "s6-t3",
      "begin" : 831,
      "end" : 839,
      "text" : "building",
      "whiteSpace" : false
    }, {
      "id" : "s6-t4",
      "begin" : 840,
      "end" : 843,
      "text" : "two",
      "whiteSpace" : false
    }, {
      "id" : "s6-t5",
      "begin" : 844,
      "end" : 858,
      "text" : "supercomputers",
      "whiteSpace" : false
    }, {
      "id" : "s6-t6",
      "begin" : 859,
      "end" : 864,
      "text" : "under",
      "whiteSpace" : false
    }, {
      "id" : "s6-t7",
      "begin" : 865,
      "end" : 869,
      "text" : "this",
      "whiteSpace" : false
    }, {
      "id" : "s6-t8",
      "begin" : 870,
      "end" : 878,
      "text" : "contract",
      "whiteSpace" : false
    }, {
      "id" : "s6-t9",
      "begin" : 878,
      "end" : 879,
      "text" : ".",
      "whiteSpace" : false
    } ]
  }, {
    "id" : "s7",
    "begin" : 880,
    "end" : 979,
    "text" : "The first one, to be delivered by midyear, is called Dawn and will operate at around 500 teraflops.",
    "tokens" : [ {
      "id" : "s7-t0",
      "begin" : 880,
      "end" : 883,
      "text" : "The",
      "whiteSpace" : false
    }, {
      "id" : "s7-t1",
      "begin" : 884,
      "end" : 889,
      "text" : "first",
      "whiteSpace" : false
    }, {
      "id" : "s7-t2",
      "begin" : 890,
      "end" : 893,
      "text" : "one",
      "whiteSpace" : false
    }, {
      "id" : "s7-t3",
      "begin" : 893,
      "end" : 894,
      "text" : ",",
      "whiteSpace" : false
    }, {
      "id" : "s7-t4",
      "begin" : 895,
      "end" : 897,
      "text" : "to",
      "whiteSpace" : false
    }, {
      "id" : "s7-t5",
      "begin" : 898,
      "end" : 900,
      "text" : "be",
      "whiteSpace" : false
    }, {
      "id" : "s7-t6",
      "begin" : 901,
      "end" : 910,
      "text" : "delivered",
      "whiteSpace" : false
    }, {
      "id" : "s7-t7",
      "begin" : 911,
      "end" : 913,
      "text" : "by",
      "whiteSpace" : false
    }, {
      "id" : "s7-t8",
      "begin" : 914,
      "end" : 921,
      "text" : "midyear",
      "whiteSpace" : false
    }, {
      "id" : "s7-t9",
      "begin" : 921,
      "end" : 922,
      "text" : ",",
      "whiteSpace" : false
    }, {
      "id" : "s7-t10",
      "begin" : 923,
      "end" : 925,
      "text" : "is",
      "whiteSpace" : false
    }, {
      "id" : "s7-t11",
      "begin" : 926,
      "end" : 932,
      "text" : "called",
      "whiteSpace" : false
    }, {
      "id" : "s7-t12",
      "begin" : 933,
      "end" : 937,
      "text" : "Dawn",
      "whiteSpace" : false
    }, {
      "id" : "s7-t13",
      "begin" : 938,
      "end" : 941,
      "text" : "and",
      "whiteSpace" : false
    }, {
      "id" : "s7-t14",
      "begin" : 942,
      "end" : 946,
      "text" : "will",
      "whiteSpace" : false
    }, {
      "id" : "s7-t15",
      "begin" : 947,
      "end" : 954,
      "text" : "operate",
      "whiteSpace" : false
    }, {
      "id" : "s7-t16",
      "begin" : 955,
      "end" : 957,
      "text" : "at",
      "whiteSpace" : false
    }, {
      "id" : "s7-t17",
      "begin" : 958,
      "end" : 964,
      "text" : "around",
      "whiteSpace" : false
    }, {
      "id" : "s7-t18",
      "begin" : 965,
      "end" : 968,
      "text" : "500",
      "whiteSpace" : false
    }, {
      "id" : "s7-t19",
      "begin" : 969,
      "end" : 978,
      "text" : "teraflops",
      "whiteSpace" : false
    }, {
      "id" : "s7-t20",
      "begin" : 978,
      "end" : 979,
      "text" : ".",
      "whiteSpace" : false
    } ]
  }, {
    "id" : "s8",
    "begin" : 980,
    "end" : 1044,
    "text" : "Researchers will use Dawn to help prepare for the larger system.",
    "tokens" : [ {
      "id" : "s8-t0",
      "begin" : 980,
      "end" : 991,
      "text" : "Researchers",
      "whiteSpace" : false
    }, {
      "id" : "s8-t1",
      "begin" : 992,
      "end" : 996,
      "text" : "will",
      "whiteSpace" : false
    }, {
      "id" : "s8-t2",
      "begin" : 997,
      "end" : 1000,
      "text" : "use",
      "whiteSpace" : false
    }, {
      "id" : "s8-t3",
      "begin" : 1001,
      "end" : 1005,
      "text" : "Dawn",
      "whiteSpace" : false
    }, {
      "id" : "s8-t4",
      "begin" : 1006,
      "end" : 1008,
      "text" : "to",
      "whiteSpace" : false
    }, {
      "id" : "s8-t5",
      "begin" : 1009,
      "end" : 1013,
      "text" : "help",
      "whiteSpace" : false
    }, {
      "id" : "s8-t6",
      "begin" : 1014,
      "end" : 1021,
      "text" : "prepare",
      "whiteSpace" : false
    }, {
      "id" : "s8-t7",
      "begin" : 1022,
      "end" : 1025,
      "text" : "for",
      "whiteSpace" : false
    }, {
      "id" : "s8-t8",
      "begin" : 1026,
      "end" : 1029,
      "text" : "the",
      "whiteSpace" : false
    }, {
      "id" : "s8-t9",
      "begin" : 1030,
      "end" : 1036,
      "text" : "larger",
      "whiteSpace" : false
    }, {
      "id" : "s8-t10",
      "begin" : 1037,
      "end" : 1043,
      "text" : "system",
      "whiteSpace" : false
    }, {
      "id" : "s8-t11",
      "begin" : 1043,
      "end" : 1044,
      "text" : ".",
      "whiteSpace" : false
    } ]
  }, {
    "id" : "s9",
    "begin" : 1047,
    "end" : 1201,
    "text" : "Sequoia will use approximately 1.6 million processing cores, all IBM Power chips, running Linux, which dominates high-performance computing at this scale.",
    "tokens" : [ {
      "id" : "s9-t0",
      "begin" : 1047,
      "end" : 1054,
      "text" : "Sequoia",
      "whiteSpace" : false
    }, {
      "id" : "s9-t1",
      "begin" : 1055,
      "end" : 1059,
      "text" : "will",
      "whiteSpace" : false
    }, {
      "id" : "s9-t2",
      "begin" : 1060,
      "end" : 1063,
      "text" : "use",
      "whiteSpace" : false
    }, {
      "id" : "s9-t3",
      "begin" : 1064,
      "end" : 1077,
      "text" : "approximately",
      "whiteSpace" : false
    }, {
      "id" : "s9-t4",
      "begin" : 1078,
      "end" : 1081,
      "text" : "1.6",
      "whiteSpace" : false
    }, {
      "id" : "s9-t5",
      "begin" : 1082,
      "end" : 1089,
      "text" : "million",
      "whiteSpace" : false
    }, {
      "id" : "s9-t6",
      "begin" : 1090,
      "end" : 1100,
      "text" : "processing",
      "whiteSpace" : false
    }, {
      "id" : "s9-t7",
      "begin" : 1101,
      "end" : 1106,
      "text" : "cores",
      "whiteSpace" : false
    }, {
      "id" : "s9-t8",
      "begin" : 1106,
      "end" : 1107,
      "text" : ",",
      "whiteSpace" : false
    }, {
      "id" : "s9-t9",
      "begin" : 1108,
      "end" : 1111,
      "text" : "all",
      "whiteSpace" : false
    }, {
      "id" : "s9-t10",
      "begin" : 1112,
      "end" : 1115,
      "text" : "IBM",
      "whiteSpace" : false
    }, {
      "id" : "s9-t11",
      "begin" : 1116,
      "end" : 1121,
      "text" : "Power",
      "whiteSpace" : false
    }, {
      "id" : "s9-t12",
      "begin" : 1122,
      "end" : 1127,
      "text" : "chips",
      "whiteSpace" : false
    }, {
      "id" : "s9-t13",
      "begin" : 1127,
      "end" : 1128,
      "text" : ",",
      "whiteSpace" : false
    }, {
      "id" : "s9-t14",
      "begin" : 1129,
      "end" : 1136,
      "text" : "running",
      "whiteSpace" : false
    }, {
      "id" : "s9-t15",
      "begin" : 1137,
      "end" : 1142,
      "text" : "Linux",
      "whiteSpace" : false
    }, {
      "id" : "s9-t16",
      "begin" : 1142,
      "end" : 1143,
      "text" : ",",
      "whiteSpace" : false
    }, {
      "id" : "s9-t17",
      "begin" : 1144,
      "end" : 1149,
      "text" : "which",
      "whiteSpace" : false
    }, {
      "id" : "s9-t18",
      "begin" : 1150,
      "end" : 1159,
      "text" : "dominates",
      "whiteSpace" : false
    }, {
      "id" : "s9-t19",
      "begin" : 1160,
      "end" : 1176,
      "text" : "high-performance",
      "whiteSpace" : false
    }, {
      "id" : "s9-t20",
      "begin" : 1177,
      "end" : 1186,
      "text" : "computing",
      "whiteSpace" : false
    }, {
      "id" : "s9-t21",
      "begin" : 1187,
      "end" : 1189,
      "text" : "at",
      "whiteSpace" : false
    }, {
      "id" : "s9-t22",
      "begin" : 1190,
      "end" : 1194,
      "text" : "this",
      "whiteSpace" : false
    }, {
      "id" : "s9-t23",
      "begin" : 1195,
      "end" : 1200,
      "text" : "scale",
      "whiteSpace" : false
    }, {
      "id" : "s9-t24",
      "begin" : 1200,
      "end" : 1201,
      "text" : ".",
      "whiteSpace" : false
    } ]
  }, {
    "id" : "s10",
    "begin" : 1202,
    "end" : 1331,
    "text" : "IBM is still developing a 45-nanometer chip for the system and may produce something with eight or 16 cores -- or more -- for it.",
    "tokens" : [ {
      "id" : "s10-t0",
      "begin" : 1202,
      "end" : 1205,
      "text" : "IBM",
      "whiteSpace" : false
    }, {
      "id" : "s10-t1",
      "begin" : 1206,
      "end" : 1208,
      "text" : "is",
      "whiteSpace" : false
    }, {
      "id" : "s10-t2",
      "begin" : 1209,
      "end" : 1214,
      "text" : "still",
      "whiteSpace" : false
    }, {
      "id" : "s10-t3",
      "begin" : 1215,
      "end" : 1225,
      "text" : "developing",
      "whiteSpace" : false
    }, {
      "id" : "s10-t4",
      "begin" : 1226,
      "end" : 1227,
      "text" : "a",
      "whiteSpace" : false
    }, {
      "id" : "s10-t5",
      "begin" : 1228,
      "end" : 1230,
      "text" : "45",
      "whiteSpace" : false
    }, {
      "id" : "s10-t6",
      "begin" : 1230,
      "end" : 1231,
      "text" : "-",
      "whiteSpace" : false
    }, {
      "id" : "s10-t7",
      "begin" : 1231,
      "end" : 1240,
      "text" : "nanometer",
      "whiteSpace" : false
    }, {
      "id" : "s10-t8",
      "begin" : 1241,
      "end" : 1245,
      "text" : "chip",
      "whiteSpace" : false
    }, {
      "id" : "s10-t9",
      "begin" : 1246,
      "end" : 1249,
      "text" : "for",
      "whiteSpace" : false
    }, {
      "id" : "s10-t10",
      "begin" : 1250,
      "end" : 1253,
      "text" : "the",
      "whiteSpace" : false
    }, {
      "id" : "s10-t11",
      "begin" : 1254,
      "end" : 1260,
      "text" : "system",
      "whiteSpace" : false
    }, {
      "id" : "s10-t12",
      "begin" : 1261,
      "end" : 1264,
      "text" : "and",
      "whiteSpace" : false
    }, {
      "id" : "s10-t13",
      "begin" : 1265,
      "end" : 1268,
      "text" : "may",
      "whiteSpace" : false
    }, {
      "id" : "s10-t14",
      "begin" : 1269,
      "end" : 1276,
      "text" : "produce",
      "whiteSpace" : false
    }, {
      "id" : "s10-t15",
      "begin" : 1277,
      "end" : 1286,
      "text" : "something",
      "whiteSpace" : false
    }, {
      "id" : "s10-t16",
      "begin" : 1287,
      "end" : 1291,
      "text" : "with",
      "whiteSpace" : false
    }, {
      "id" : "s10-t17",
      "begin" : 1292,
      "end" : 1297,
      "text" : "eight",
      "whiteSpace" : false
    }, {
      "id" : "s10-t18",
      "begin" : 1298,
      "end" : 1300,
      "text" : "or",
      "whiteSpace" : false
    }, {
      "id" : "s10-t19",
      "begin" : 1301,
      "end" : 1303,
      "text" : "16",
      "whiteSpace" : false
    }, {
      "id" : "s10-t20",
      "begin" : 1304,
      "end" : 1309,
      "text" : "cores",
      "whiteSpace" : false
    }, {
      "id" : "s10-t21",
      "begin" : 1310,
      "end" : 1312,
      "text" : "--",
      "whiteSpace" : false
    }, {
      "id" : "s10-t22",
      "begin" : 1313,
      "end" : 1315,
      "text" : "or",
      "whiteSpace" : false
    }, {
      "id" : "s10-t23",
      "begin" : 1316,
      "end" : 1320,
      "text" : "more",
      "whiteSpace" : false
    }, {
      "id" : "s10-t24",
      "begin" : 1321,
      "end" : 1323,
      "text" : "--",
      "whiteSpace" : false
    }, {
      "id" : "s10-t25",
      "begin" : 1324,
      "end" : 1327,
      "text" : "for",
      "whiteSpace" : false
    }, {
      "id" : "s10-t26",
      "begin" : 1328,
      "end" : 1330,
      "text" : "it",
      "whiteSpace" : false
    }, {
      "id" : "s10-t27",
      "begin" : 1330,
      "end" : 1331,
      "text" : ".",
      "whiteSpace" : false
    } ]
  }, {
    "id" : "s11",
    "begin" : 1332,
    "end" : 1479,
    "text" : "Although the final chip configuration has yet to be determined, the system will have 1.6TB of memory and be housed in 96 'refrigerator-size' racks.",
    "tokens" : [ {
      "id" : "s11-t0",
      "begin" : 1332,
      "end" : 1340,
      "text" : "Although",
      "whiteSpace" : false
    }, {
      "id" : "s11-t1",
      "begin" : 1341,
      "end" : 1344,
      "text" : "the",
      "whiteSpace" : false
    }, {
      "id" : "s11-t2",
      "begin" : 1345,
      "end" : 1350,
      "text" : "final",
      "whiteSpace" : false
    }, {
      "id" : "s11-t3",
      "begin" : 1351,
      "end" : 1355,
      "text" : "chip",
      "whiteSpace" : false
    }, {
      "id" : "s11-t4",
      "begin" : 1356,
      "end" : 1369,
      "text" : "configuration",
      "whiteSpace" : false
    }, {
      "id" : "s11-t5",
      "begin" : 1370,
      "end" : 1373,
      "text" : "has",
      "whiteSpace" : false
    }, {
      "id" : "s11-t6",
      "begin" : 1374,
      "end" : 1377,
      "text" : "yet",
      "whiteSpace" : false
    }, {
      "id" : "s11-t7",
      "begin" : 1378,
      "end" : 1380,
      "text" : "to",
      "whiteSpace" : false
    }, {
      "id" : "s11-t8",
      "begin" : 1381,
      "end" : 1383,
      "text" : "be",
      "whiteSpace" : false
    }, {
      "id" : "s11-t9",
      "begin" : 1384,
      "end" : 1394,
      "text" : "determined",
      "whiteSpace" : false
    }, {
      "id" : "s11-t10",
      "begin" : 1394,
      "end" : 1395,
      "text" : ",",
      "whiteSpace" : false
    }, {
      "id" : "s11-t11",
      "begin" : 1396,
      "end" : 1399,
      "text" : "the",
      "whiteSpace" : false
    }, {
      "id" : "s11-t12",
      "begin" : 1400,
      "end" : 1406,
      "text" : "system",
      "whiteSpace" : false
    }, {
      "id" : "s11-t13",
      "begin" : 1407,
      "end" : 1411,
      "text" : "will",
      "whiteSpace" : false
    }, {
      "id" : "s11-t14",
      "begin" : 1412,
      "end" : 1416,
      "text" : "have",
      "whiteSpace" : false
    }, {
      "id" : "s11-t15",
      "begin" : 1417,
      "end" : 1422,
      "text" : "1.6TB",
      "whiteSpace" : false
    }, {
      "id" : "s11-t16",
      "begin" : 1423,
      "end" : 1425,
      "text" : "of",
      "whiteSpace" : false
    }, {
      "id" : "s11-t17",
      "begin" : 1426,
      "end" : 1432,
      "text" : "memory",
      "whiteSpace" : false
    }, {
      "id" : "s11-t18",
      "begin" : 1433,
      "end" : 1436,
      "text" : "and",
      "whiteSpace" : false
    }, {
      "id" : "s11-t19",
      "begin" : 1437,
      "end" : 1439,
      "text" : "be",
      "whiteSpace" : false
    }, {
      "id" : "s11-t20",
      "begin" : 1440,
      "end" : 1446,
      "text" : "housed",
      "whiteSpace" : false
    }, {
      "id" : "s11-t21",
      "begin" : 1447,
      "end" : 1449,
      "text" : "in",
      "whiteSpace" : false
    }, {
      "id" : "s11-t22",
      "begin" : 1450,
      "end" : 1452,
      "text" : "96",
      "whiteSpace" : false
    }, {
      "id" : "s11-t23",
      "begin" : 1453,
      "end" : 1454,
      "text" : "'",
      "whiteSpace" : false
    }, {
      "id" : "s11-t24",
      "begin" : 1454,
      "end" : 1471,
      "text" : "refrigerator-size",
      "whiteSpace" : false
    }, {
      "id" : "s11-t25",
      "begin" : 1471,
      "end" : 1472,
      "text" : "'",
      "whiteSpace" : false
    }, {
      "id" : "s11-t26",
      "begin" : 1473,
      "end" : 1478,
      "text" : "racks",
      "whiteSpace" : false
    }, {
      "id" : "s11-t27",
      "begin" : 1478,
      "end" : 1479,
      "text" : ".",
      "whiteSpace" : false
    } ]
  }, {
    "id" : "s12",
    "begin" : 1482,
    "end" : 1522,
    "text" : "The cost of the system wasn't disclosed.",
    "tokens" : [ {
      "id" : "s12-t0",
      "begin" : 1482,
      "end" : 1485,
      "text" : "The",
      "whiteSpace" : false
    }, {
      "id" : "s12-t1",
      "begin" : 1486,
      "end" : 1490,
      "text" : "cost",
      "whiteSpace" : false
    }, {
      "id" : "s12-t2",
      "begin" : 1491,
      "end" : 1493,
      "text" : "of",
      "whiteSpace" : false
    }, {
      "id" : "s12-t3",
      "begin" : 1494,
      "end" : 1497,
      "text" : "the",
      "whiteSpace" : false
    }, {
      "id" : "s12-t4",
      "begin" : 1498,
      "end" : 1504,
      "text" : "system",
      "whiteSpace" : false
    }, {
      "id" : "s12-t5",
      "begin" : 1505,
      "end" : 1508,
      "text" : "was",
      "whiteSpace" : false
    }, {
      "id" : "s12-t6",
      "begin" : 1508,
      "end" : 1511,
      "text" : "n't",
      "whiteSpace" : false
    }, {
      "id" : "s12-t7",
      "begin" : 1512,
      "end" : 1521,
      "text" : "disclosed",
      "whiteSpace" : false
    }, {
      "id" : "s12-t8",
      "begin" : 1521,
      "end" : 1522,
      "text" : ".",
      "whiteSpace" : false
    } ]
  }, {
    "id" : "s13",
    "begin" : 1525,
    "end" : 1737,
    "text" : "The supercomputer is also helping to drive a massive power upgrade at Lawrence Livermore, which is increasing the amount of electricity available for all its computing systems from 12.5 megawatts to 30 megawatts.",
    "tokens" : [ {
      "id" : "s13-t0",
      "begin" : 1525,
      "end" : 1528,
      "text" : "The",
      "whiteSpace" : false
    }, {
      "id" : "s13-t1",
      "begin" : 1529,
      "end" : 1542,
      "text" : "supercomputer",
      "whiteSpace" : false
    }, {
      "id" : "s13-t2",
      "begin" : 1543,
      "end" : 1545,
      "text" : "is",
      "whiteSpace" : false
    }, {
      "id" : "s13-t3",
      "begin" : 1546,
      "end" : 1550,
      "text" : "also",
      "whiteSpace" : false
    }, {
      "id" : "s13-t4",
      "begin" : 1551,
      "end" : 1558,
      "text" : "helping",
      "whiteSpace" : false
    }, {
      "id" : "s13-t5",
      "begin" : 1559,
      "end" : 1561,
      "text" : "to",
      "whiteSpace" : false
    }, {
      "id" : "s13-t6",
      "begin" : 1562,
      "end" : 1567,
      "text" : "drive",
      "whiteSpace" : false
    }, {
      "id" : "s13-t7",
      "begin" : 1568,
      "end" : 1569,
      "text" : "a",
      "whiteSpace" : false
    }, {
      "id" : "s13-t8",
      "begin" : 1570,
      "end" : 1577,
      "text" : "massive",
      "whiteSpace" : false
    }, {
      "id" : "s13-t9",
      "begin" : 1578,
      "end" : 1583,
      "text" : "power",
      "whiteSpace" : false
    }, {
      "id" : "s13-t10",
      "begin" : 1584,
      "end" : 1591,
      "text" : "upgrade",
      "whiteSpace" : false
    }, {
      "id" : "s13-t11",
      "begin" : 1592,
      "end" : 1594,
      "text" : "at",
      "whiteSpace" : false
    }, {
      "id" : "s13-t12",
      "begin" : 1595,
      "end" : 1603,
      "text" : "Lawrence",
      "whiteSpace" : false
    }, {
      "id" : "s13-t13",
      "begin" : 1604,
      "end" : 1613,
      "text" : "Livermore",
      "whiteSpace" : false
    }, {
      "id" : "s13-t14",
      "begin" : 1613,
      "end" : 1614,
      "text" : ",",
      "whiteSpace" : false
    }, {
      "id" : "s13-t15",
      "begin" : 1615,
      "end" : 1620,
      "text" : "which",
      "whiteSpace" : false
    }, {
      "id" : "s13-t16",
      "begin" : 1621,
      "end" : 1623,
      "text" : "is",
      "whiteSpace" : false
    }, {
      "id" : "s13-t17",
      "begin" : 1624,
      "end" : 1634,
      "text" : "increasing",
      "whiteSpace" : false
    }, {
      "id" : "s13-t18",
      "begin" : 1635,
      "end" : 1638,
      "text" : "the",
      "whiteSpace" : false
    }, {
      "id" : "s13-t19",
      "begin" : 1639,
      "end" : 1645,
      "text" : "amount",
      "whiteSpace" : false
    }, {
      "id" : "s13-t20",
      "begin" : 1646,
      "end" : 1648,
      "text" : "of",
      "whiteSpace" : false
    }, {
      "id" : "s13-t21",
      "begin" : 1649,
      "end" : 1660,
      "text" : "electricity",
      "whiteSpace" : false
    }, {
      "id" : "s13-t22",
      "begin" : 1661,
      "end" : 1670,
      "text" : "available",
      "whiteSpace" : false
    }, {
      "id" : "s13-t23",
      "begin" : 1671,
      "end" : 1674,
      "text" : "for",
      "whiteSpace" : false
    }, {
      "id" : "s13-t24",
      "begin" : 1675,
      "end" : 1678,
      "text" : "all",
      "whiteSpace" : false
    }, {
      "id" : "s13-t25",
      "begin" : 1679,
      "end" : 1682,
      "text" : "its",
      "whiteSpace" : false
    }, {
      "id" : "s13-t26",
      "begin" : 1683,
      "end" : 1692,
      "text" : "computing",
      "whiteSpace" : false
    }, {
      "id" : "s13-t27",
      "begin" : 1693,
      "end" : 1700,
      "text" : "systems",
      "whiteSpace" : false
    }, {
      "id" : "s13-t28",
      "begin" : 1701,
      "end" : 1705,
      "text" : "from",
      "whiteSpace" : false
    }, {
      "id" : "s13-t29",
      "begin" : 1706,
      "end" : 1710,
      "text" : "12.5",
      "whiteSpace" : false
    }, {
      "id" : "s13-t30",
      "begin" : 1711,
      "end" : 1720,
      "text" : "megawatts",
      "whiteSpace" : false
    }, {
      "id" : "s13-t31",
      "begin" : 1721,
      "end" : 1723,
      "text" : "to",
      "whiteSpace" : false
    }, {
      "id" : "s13-t32",
      "begin" : 1724,
      "end" : 1726,
      "text" : "30",
      "whiteSpace" : false
    }, {
      "id" : "s13-t33",
      "begin" : 1727,
      "end" : 1736,
      "text" : "megawatts",
      "whiteSpace" : false
    }, {
      "id" : "s13-t34",
      "begin" : 1736,
      "end" : 1737,
      "text" : ".",
      "whiteSpace" : false
    } ]
  }, {
    "id" : "s14",
    "begin" : 1738,
    "end" : 1807,
    "text" : "To achieve the upgrade, it will run more power lines to its facility.",
    "tokens" : [ {
      "id" : "s14-t0",
      "begin" : 1738,
      "end" : 1740,
      "text" : "To",
      "whiteSpace" : false
    }, {
      "id" : "s14-t1",
      "begin" : 1741,
      "end" : 1748,
      "text" : "achieve",
      "whiteSpace" : false
    }, {
      "id" : "s14-t2",
      "begin" : 1749,
      "end" : 1752,
      "text" : "the",
      "whiteSpace" : false
    }, {
      "id" : "s14-t3",
      "begin" : 1753,
      "end" : 1760,
      "text" : "upgrade",
      "whiteSpace" : false
    }, {
      "id" : "s14-t4",
      "begin" : 1760,
      "end" : 1761,
      "text" : ",",
      "whiteSpace" : false
    }, {
      "id" : "s14-t5",
      "begin" : 1762,
      "end" : 1764,
      "text" : "it",
      "whiteSpace" : false
    }, {
      "id" : "s14-t6",
      "begin" : 1765,
      "end" : 1769,
      "text" : "will",
      "whiteSpace" : false
    }, {
      "id" : "s14-t7",
      "begin" : 1770,
      "end" : 1773,
      "text" : "run",
      "whiteSpace" : false
    }, {
      "id" : "s14-t8",
      "begin" : 1774,
      "end" : 1778,
      "text" : "more",
      "whiteSpace" : false
    }, {
      "id" : "s14-t9",
      "begin" : 1779,
      "end" : 1784,
      "text" : "power",
      "whiteSpace" : false
    }, {
      "id" : "s14-t10",
      "begin" : 1785,
      "end" : 1790,
      "text" : "lines",
      "whiteSpace" : false
    }, {
      "id" : "s14-t11",
      "begin" : 1791,
      "end" : 1793,
      "text" : "to",
      "whiteSpace" : false
    }, {
      "id" : "s14-t12",
      "begin" : 1794,
      "end" : 1797,
      "text" : "its",
      "whiteSpace" : false
    }, {
      "id" : "s14-t13",
      "begin" : 1798,
      "end" : 1806,
      "text" : "facility",
      "whiteSpace" : false
    }, {
      "id" : "s14-t14",
      "begin" : 1806,
      "end" : 1807,
      "text" : ".",
      "whiteSpace" : false
    } ]
  }, {
    "id" : "s15",
    "begin" : 1808,
    "end" : 1880,
    "text" : "Sequoia alone is expected to use about 6 megawatts, according to Seager.",
    "tokens" : [ {
      "id" : "s15-t0",
      "begin" : 1808,
      "end" : 1815,
      "text" : "Sequoia",
      "whiteSpace" : false
    }, {
      "id" : "s15-t1",
      "begin" : 1816,
      "end" : 1821,
      "text" : "alone",
      "whiteSpace" : false
    }, {
      "id" : "s15-t2",
      "begin" : 1822,
      "end" : 1824,
      "text" : "is",
      "whiteSpace" : false
    }, {
      "id" : "s15-t3",
      "begin" : 1825,
      "end" : 1833,
      "text" : "expected",
      "whiteSpace" : false
    }, {
      "id" : "s15-t4",
      "begin" : 1834,
      "end" : 1836,
      "text" : "to",
      "whiteSpace" : false
    }, {
      "id" : "s15-t5",
      "begin" : 1837,
      "end" : 1840,
      "text" : "use",
      "whiteSpace" : false
    }, {
      "id" : "s15-t6",
      "begin" : 1841,
      "end" : 1846,
      "text" : "about",
      "whiteSpace" : false
    }, {
      "id" : "s15-t7",
      "begin" : 1847,
      "end" : 1848,
      "text" : "6",
      "whiteSpace" : false
    }, {
      "id" : "s15-t8",
      "begin" : 1849,
      "end" : 1858,
      "text" : "megawatts",
      "whiteSpace" : false
    }, {
      "id" : "s15-t9",
      "begin" : 1858,
      "end" : 1859,
      "text" : ",",
      "whiteSpace" : false
    }, {
      "id" : "s15-t10",
      "begin" : 1860,
      "end" : 1869,
      "text" : "according",
      "whiteSpace" : false
    }, {
      "id" : "s15-t11",
      "begin" : 1870,
      "end" : 1872,
      "text" : "to",
      "whiteSpace" : false
    }, {
      "id" : "s15-t12",
      "begin" : 1873,
      "end" : 1879,
      "text" : "Seager",
      "whiteSpace" : false
    }, {
      "id" : "s15-t13",
      "begin" : 1879,
      "end" : 1880,
      "text" : ".",
      "whiteSpace" : false
    } ]
  }, {
    "id" : "s16",
    "begin" : 1883,
    "end" : 1990,
    "text" : "The world's first computer to break the teraflop barrier was built at Sandia National Laboratories in 1996.",
    "tokens" : [ {
      "id" : "s16-t0",
      "begin" : 1883,
      "end" : 1886,
      "text" : "The",
      "whiteSpace" : false
    }, {
      "id" : "s16-t1",
      "begin" : 1887,
      "end" : 1892,
      "text" : "world",
      "whiteSpace" : false
    }, {
      "id" : "s16-t2",
      "begin" : 1892,
      "end" : 1894,
      "text" : "'s",
      "whiteSpace" : false
    }, {
      "id" : "s16-t3",
      "begin" : 1895,
      "end" : 1900,
      "text" : "first",
      "whiteSpace" : false
    }, {
      "id" : "s16-t4",
      "begin" : 1901,
      "end" : 1909,
      "text" : "computer",
      "whiteSpace" : false
    }, {
      "id" : "s16-t5",
      "begin" : 1910,
      "end" : 1912,
      "text" : "to",
      "whiteSpace" : false
    }, {
      "id" : "s16-t6",
      "begin" : 1913,
      "end" : 1918,
      "text" : "break",
      "whiteSpace" : false
    }, {
      "id" : "s16-t7",
      "begin" : 1919,
      "end" : 1922,
      "text" : "the",
      "whiteSpace" : false
    }, {
      "id" : "s16-t8",
      "begin" : 1923,
      "end" : 1931,
      "text" : "teraflop",
      "whiteSpace" : false
    }, {
      "id" : "s16-t9",
      "begin" : 1932,
      "end" : 1939,
      "text" : "barrier",
      "whiteSpace" : false
    }, {
      "id" : "s16-t10",
      "begin" : 1940,
      "end" : 1943,
      "text" : "was",
      "whiteSpace" : false
    }, {
      "id" : "s16-t11",
      "begin" : 1944,
      "end" : 1949,
      "text" : "built",
      "whiteSpace" : false
    }, {
      "id" : "s16-t12",
      "begin" : 1950,
      "end" : 1952,
      "text" : "at",
      "whiteSpace" : false
    }, {
      "id" : "s16-t13",
      "begin" : 1953,
      "end" : 1959,
      "text" : "Sandia",
      "whiteSpace" : false
    }, {
      "id" : "s16-t14",
      "begin" : 1960,
      "end" : 1968,
      "text" : "National",
      "whiteSpace" : false
    }, {
      "id" : "s16-t15",
      "begin" : 1969,
      "end" : 1981,
      "text" : "Laboratories",
      "whiteSpace" : false
    }, {
      "id" : "s16-t16",
      "begin" : 1982,
      "end" : 1984,
      "text" : "in",
      "whiteSpace" : false
    }, {
      "id" : "s16-t17",
      "begin" : 1985,
      "end" : 1989,
      "text" : "1996",
      "whiteSpace" : false
    }, {
      "id" : "s16-t18",
      "begin" : 1989,
      "end" : 1990,
      "text" : ".",
      "whiteSpace" : false
    } ]
  }, {
    "id" : "s17",
    "begin" : 1991,
    "end" : 2140,
    "text" : "A teraflop equals a trillion floating points a second; a petaflop is 1,000 trillion (one quadrillion) sustained floating-point operations per second.",
    "tokens" : [ {
      "id" : "s17-t0",
      "begin" : 1991,
      "end" : 1992,
      "text" : "A",
      "whiteSpace" : false
    }, {
      "id" : "s17-t1",
      "begin" : 1993,
      "end" : 2001,
      "text" : "teraflop",
      "whiteSpace" : false
    }, {
      "id" : "s17-t2",
      "begin" : 2002,
      "end" : 2008,
      "text" : "equals",
      "whiteSpace" : false
    }, {
      "id" : "s17-t3",
      "begin" : 2009,
      "end" : 2010,
      "text" : "a",
      "whiteSpace" : false
    }, {
      "id" : "s17-t4",
      "begin" : 2011,
      "end" : 2019,
      "text" : "trillion",
      "whiteSpace" : false
    }, {
      "id" : "s17-t5",
      "begin" : 2020,
      "end" : 2028,
      "text" : "floating",
      "whiteSpace" : false
    }, {
      "id" : "s17-t6",
      "begin" : 2029,
      "end" : 2035,
      "text" : "points",
      "whiteSpace" : false
    }, {
      "id" : "s17-t7",
      "begin" : 2036,
      "end" : 2037,
      "text" : "a",
      "whiteSpace" : false
    }, {
      "id" : "s17-t8",
      "begin" : 2038,
      "end" : 2044,
      "text" : "second",
      "whiteSpace" : false
    }, {
      "id" : "s17-t9",
      "begin" : 2044,
      "end" : 2045,
      "text" : ";",
      "whiteSpace" : false
    }, {
      "id" : "s17-t10",
      "begin" : 2046,
      "end" : 2047,
      "text" : "a",
      "whiteSpace" : false
    }, {
      "id" : "s17-t11",
      "begin" : 2048,
      "end" : 2056,
      "text" : "petaflop",
      "whiteSpace" : false
    }, {
      "id" : "s17-t12",
      "begin" : 2057,
      "end" : 2059,
      "text" : "is",
      "whiteSpace" : false
    }, {
      "id" : "s17-t13",
      "begin" : 2060,
      "end" : 2065,
      "text" : "1,000",
      "whiteSpace" : false
    }, {
      "id" : "s17-t14",
      "begin" : 2066,
      "end" : 2074,
      "text" : "trillion",
      "whiteSpace" : false
    }, {
      "id" : "s17-t15",
      "begin" : 2075,
      "end" : 2076,
      "text" : "(",
      "whiteSpace" : false
    }, {
      "id" : "s17-t16",
      "begin" : 2076,
      "end" : 2079,
      "text" : "one",
      "whiteSpace" : false
    }, {
      "id" : "s17-t17",
      "begin" : 2080,
      "end" : 2091,
      "text" : "quadrillion",
      "whiteSpace" : false
    }, {
      "id" : "s17-t18",
      "begin" : 2091,
      "end" : 2092,
      "text" : ")",
      "whiteSpace" : false
    }, {
      "id" : "s17-t19",
      "begin" : 2093,
      "end" : 2102,
      "text" : "sustained",
      "whiteSpace" : false
    }, {
      "id" : "s17-t20",
      "begin" : 2103,
      "end" : 2117,
      "text" : "floating-point",
      "whiteSpace" : false
    }, {
      "id" : "s17-t21",
      "begin" : 2118,
      "end" : 2128,
      "text" : "operations",
      "whiteSpace" : false
    }, {
      "id" : "s17-t22",
      "begin" : 2129,
      "end" : 2132,
      "text" : "per",
      "whiteSpace" : false
    }, {
      "id" : "s17-t23",
      "begin" : 2133,
      "end" : 2139,
      "text" : "second",
      "whiteSpace" : false
    }, {
      "id" : "s17-t24",
      "begin" : 2139,
      "end" : 2140,
      "text" : ".",
      "whiteSpace" : false
    } ]
  }, {
    "id" : "s18",
    "begin" : 2143,
    "end" : 2339,
    "text" : "It takes government funding to build systems of this scale and size, but that also means that the U.S. is paying for much of the problem-solving it takes to scale across more than a million cores.",
    "tokens" : [ {
      "id" : "s18-t0",
      "begin" : 2143,
      "end" : 2145,
      "text" : "It",
      "whiteSpace" : false
    }, {
      "id" : "s18-t1",
      "begin" : 2146,
      "end" : 2151,
      "text" : "takes",
      "whiteSpace" : false
    }, {
      "id" : "s18-t2",
      "begin" : 2152,
      "end" : 2162,
      "text" : "government",
      "whiteSpace" : false
    }, {
      "id" : "s18-t3",
      "begin" : 2163,
      "end" : 2170,
      "text" : "funding",
      "whiteSpace" : false
    }, {
      "id" : "s18-t4",
      "begin" : 2171,
      "end" : 2173,
      "text" : "to",
      "whiteSpace" : false
    }, {
      "id" : "s18-t5",
      "begin" : 2174,
      "end" : 2179,
      "text" : "build",
      "whiteSpace" : false
    }, {
      "id" : "s18-t6",
      "begin" : 2180,
      "end" : 2187,
      "text" : "systems",
      "whiteSpace" : false
    }, {
      "id" : "s18-t7",
      "begin" : 2188,
      "end" : 2190,
      "text" : "of",
      "whiteSpace" : false
    }, {
      "id" : "s18-t8",
      "begin" : 2191,
      "end" : 2195,
      "text" : "this",
      "whiteSpace" : false
    }, {
      "id" : "s18-t9",
      "begin" : 2196,
      "end" : 2201,
      "text" : "scale",
      "whiteSpace" : false
    }, {
      "id" : "s18-t10",
      "begin" : 2202,
      "end" : 2205,
      "text" : "and",
      "whiteSpace" : false
    }, {
      "id" : "s18-t11",
      "begin" : 2206,
      "end" : 2210,
      "text" : "size",
      "whiteSpace" : false
    }, {
      "id" : "s18-t12",
      "begin" : 2210,
      "end" : 2211,
      "text" : ",",
      "whiteSpace" : false
    }, {
      "id" : "s18-t13",
      "begin" : 2212,
      "end" : 2215,
      "text" : "but",
      "whiteSpace" : false
    }, {
      "id" : "s18-t14",
      "begin" : 2216,
      "end" : 2220,
      "text" : "that",
      "whiteSpace" : false
    }, {
      "id" : "s18-t15",
      "begin" : 2221,
      "end" : 2225,
      "text" : "also",
      "whiteSpace" : false
    }, {
      "id" : "s18-t16",
      "begin" : 2226,
      "end" : 2231,
      "text" : "means",
      "whiteSpace" : false
    }, {
      "id" : "s18-t17",
      "begin" : 2232,
      "end" : 2236,
      "text" : "that",
      "whiteSpace" : false
    }, {
      "id" : "s18-t18",
      "begin" : 2237,
      "end" : 2240,
      "text" : "the",
      "whiteSpace" : false
    }, {
      "id" : "s18-t19",
      "begin" : 2241,
      "end" : 2245,
      "text" : "U.S.",
      "whiteSpace" : false
    }, {
      "id" : "s18-t20",
      "begin" : 2246,
      "end" : 2248,
      "text" : "is",
      "whiteSpace" : false
    }, {
      "id" : "s18-t21",
      "begin" : 2249,
      "end" : 2255,
      "text" : "paying",
      "whiteSpace" : false
    }, {
      "id" : "s18-t22",
      "begin" : 2256,
      "end" : 2259,
      "text" : "for",
      "whiteSpace" : false
    }, {
      "id" : "s18-t23",
      "begin" : 2260,
      "end" : 2264,
      "text" : "much",
      "whiteSpace" : false
    }, {
      "id" : "s18-t24",
      "begin" : 2265,
      "end" : 2267,
      "text" : "of",
      "whiteSpace" : false
    }, {
      "id" : "s18-t25",
      "begin" : 2268,
      "end" : 2271,
      "text" : "the",
      "whiteSpace" : false
    }, {
      "id" : "s18-t26",
      "begin" : 2272,
      "end" : 2287,
      "text" : "problem-solving",
      "whiteSpace" : false
    }, {
      "id" : "s18-t27",
      "begin" : 2288,
      "end" : 2290,
      "text" : "it",
      "whiteSpace" : false
    }, {
      "id" : "s18-t28",
      "begin" : 2291,
      "end" : 2296,
      "text" : "takes",
      "whiteSpace" : false
    }, {
      "id" : "s18-t29",
      "begin" : 2297,
      "end" : 2299,
      "text" : "to",
      "whiteSpace" : false
    }, {
      "id" : "s18-t30",
      "begin" : 2300,
      "end" : 2305,
      "text" : "scale",
      "whiteSpace" : false
    }, {
      "id" : "s18-t31",
      "begin" : 2306,
      "end" : 2312,
      "text" : "across",
      "whiteSpace" : false
    }, {
      "id" : "s18-t32",
      "begin" : 2313,
      "end" : 2317,
      "text" : "more",
      "whiteSpace" : false
    }, {
      "id" : "s18-t33",
      "begin" : 2318,
      "end" : 2322,
      "text" : "than",
      "whiteSpace" : false
    }, {
      "id" : "s18-t34",
      "begin" : 2323,
      "end" : 2324,
      "text" : "a",
      "whiteSpace" : false
    }, {
      "id" : "s18-t35",
      "begin" : 2325,
      "end" : 2332,
      "text" : "million",
      "whiteSpace" : false
    }, {
      "id" : "s18-t36",
      "begin" : 2333,
      "end" : 2338,
      "text" : "cores",
      "whiteSpace" : false
    }, {
      "id" : "s18-t37",
      "begin" : 2338,
      "end" : 2339,
      "text" : ".",
      "whiteSpace" : false
    } ]
  }, {
    "id" : "s19",
    "begin" : 2340,
    "end" : 2427,
    "text" : "'This is what's so good about it,' said Herb Schultz, manager of deep computing at IBM.",
    "tokens" : [ {
      "id" : "s19-t0",
      "begin" : 2340,
      "end" : 2341,
      "text" : "'",
      "whiteSpace" : false
    }, {
      "id" : "s19-t1",
      "begin" : 2341,
      "end" : 2345,
      "text" : "This",
      "whiteSpace" : false
    }, {
      "id" : "s19-t2",
      "begin" : 2346,
      "end" : 2348,
      "text" : "is",
      "whiteSpace" : false
    }, {
      "id" : "s19-t3",
      "begin" : 2349,
      "end" : 2353,
      "text" : "what",
      "whiteSpace" : false
    }, {
      "id" : "s19-t4",
      "begin" : 2353,
      "end" : 2355,
      "text" : "'s",
      "whiteSpace" : false
    }, {
      "id" : "s19-t5",
      "begin" : 2356,
      "end" : 2358,
      "text" : "so",
      "whiteSpace" : false
    }, {
      "id" : "s19-t6",
      "begin" : 2359,
      "end" : 2363,
      "text" : "good",
      "whiteSpace" : false
    }, {
      "id" : "s19-t7",
      "begin" : 2364,
      "end" : 2369,
      "text" : "about",
      "whiteSpace" : false
    }, {
      "id" : "s19-t8",
      "begin" : 2370,
      "end" : 2372,
      "text" : "it",
      "whiteSpace" : false
    }, {
      "id" : "s19-t9",
      "begin" : 2372,
      "end" : 2373,
      "text" : ",",
      "whiteSpace" : false
    }, {
      "id" : "s19-t10",
      "begin" : 2373,
      "end" : 2374,
      "text" : "'",
      "whiteSpace" : false
    }, {
      "id" : "s19-t11",
      "begin" : 2375,
      "end" : 2379,
      "text" : "said",
      "whiteSpace" : false
    }, {
      "id" : "s19-t12",
      "begin" : 2380,
      "end" : 2384,
      "text" : "Herb",
      "whiteSpace" : false
    }, {
      "id" : "s19-t13",
      "begin" : 2385,
      "end" : 2392,
      "text" : "Schultz",
      "whiteSpace" : false
    }, {
      "id" : "s19-t14",
      "begin" : 2392,
      "end" : 2393,
      "text" : ",",
      "whiteSpace" : false
    }, {
      "id" : "s19-t15",
      "begin" : 2394,
      "end" : 2401,
      "text" : "manager",
      "whiteSpace" : false
    }, {
      "id" : "s19-t16",
      "begin" : 2402,
      "end" : 2404,
      "text" : "of",
      "whiteSpace" : false
    }, {
      "id" : "s19-t17",
      "begin" : 2405,
      "end" : 2409,
      "text" : "deep",
      "whiteSpace" : false
    }, {
      "id" : "s19-t18",
      "begin" : 2410,
      "end" : 2419,
      "text" : "computing",
      "whiteSpace" : false
    }, {
      "id" : "s19-t19",
      "begin" : 2420,
      "end" : 2422,
      "text" : "at",
      "whiteSpace" : false
    }, {
      "id" : "s19-t20",
      "begin" : 2423,
      "end" : 2426,
      "text" : "IBM",
      "whiteSpace" : false
    }, {
      "id" : "s19-t21",
      "begin" : 2426,
      "end" : 2427,
      "text" : ".",
      "whiteSpace" : false
    } ]
  }, {
    "id" : "s20",
    "begin" : 2428,
    "end" : 2510,
    "text" : "'They [the national lab] end up proving that you can get codes to scale that high.",
    "tokens" : [ {
      "id" : "s20-t0",
      "begin" : 2428,
      "end" : 2429,
      "text" : "'",
      "whiteSpace" : false
    }, {
      "id" : "s20-t1",
      "begin" : 2429,
      "end" : 2433,
      "text" : "They",
      "whiteSpace" : false
    }, {
      "id" : "s20-t2",
      "begin" : 2434,
      "end" : 2435,
      "text" : "[",
      "whiteSpace" : false
    }, {
      "id" : "s20-t3",
      "begin" : 2435,
      "end" : 2438,
      "text" : "the",
      "whiteSpace" : false
    }, {
      "id" : "s20-t4",
      "begin" : 2439,
      "end" : 2447,
      "text" : "national",
      "whiteSpace" : false
    }, {
      "id" : "s20-t5",
      "begin" : 2448,
      "end" : 2451,
      "text" : "lab",
      "whiteSpace" : false
    }, {
      "id" : "s20-t6",
      "begin" : 2451,
      "end" : 2452,
      "text" : "]",
      "whiteSpace" : false
    }, {
      "id" : "s20-t7",
      "begin" : 2453,
      "end" : 2456,
      "text" : "end",
      "whiteSpace" : false
    }, {
      "id" : "s20-t8",
      "begin" : 2457,
      "end" : 2459,
      "text" : "up",
      "whiteSpace" : false
    }, {
      "id" : "s20-t9",
      "begin" : 2460,
      "end" : 2467,
      "text" : "proving",
      "whiteSpace" : false
    }, {
      "id" : "s20-t10",
      "begin" : 2468,
      "end" : 2472,
      "text" : "that",
      "whiteSpace" : false
    }, {
      "id" : "s20-t11",
      "begin" : 2473,
      "end" : 2476,
      "text" : "you",
      "whiteSpace" : false
    }, {
      "id" : "s20-t12",
      "begin" : 2477,
      "end" : 2480,
      "text" : "can",
      "whiteSpace" : false
    }, {
      "id" : "s20-t13",
      "begin" : 2481,
      "end" : 2484,
      "text" : "get",
      "whiteSpace" : false
    }, {
      "id" : "s20-t14",
      "begin" : 2485,
      "end" : 2490,
      "text" : "codes",
      "whiteSpace" : false
    }, {
      "id" : "s20-t15",
      "begin" : 2491,
      "end" : 2493,
      "text" : "to",
      "whiteSpace" : false
    }, {
      "id" : "s20-t16",
      "begin" : 2494,
      "end" : 2499,
      "text" : "scale",
      "whiteSpace" : false
    }, {
      "id" : "s20-t17",
      "begin" : 2500,
      "end" : 2504,
      "text" : "that",
      "whiteSpace" : false
    }, {
      "id" : "s20-t18",
      "begin" : 2505,
      "end" : 2509,
      "text" : "high",
      "whiteSpace" : false
    }, {
      "id" : "s20-t19",
      "begin" : 2509,
      "end" : 2510,
      "text" : ".",
      "whiteSpace" : false
    } ]
  }, {
    "id" : "s21",
    "begin" : 2510,
    "end" : 2749,
    "text" : "' \r\rIn effect, by solving those problems, the national lab's work will pave the way for broader adoption of massive systems that could improve weather research, forecasts, tornado tracking, and work on a variety of other research problems.",
    "tokens" : [ {
      "id" : "s21-t0",
      "begin" : 2510,
      "end" : 2511,
      "text" : "'",
      "whiteSpace" : false
    }, {
      "id" : "s21-t1",
      "begin" : 2514,
      "end" : 2516,
      "text" : "In",
      "whiteSpace" : false
    }, {
      "id" : "s21-t2",
      "begin" : 2517,
      "end" : 2523,
      "text" : "effect",
      "whiteSpace" : false
    }, {
      "id" : "s21-t3",
      "begin" : 2523,
      "end" : 2524,
      "text" : ",",
      "whiteSpace" : false
    }, {
      "id" : "s21-t4",
      "begin" : 2525,
      "end" : 2527,
      "text" : "by",
      "whiteSpace" : false
    }, {
      "id" : "s21-t5",
      "begin" : 2528,
      "end" : 2535,
      "text" : "solving",
      "whiteSpace" : false
    }, {
      "id" : "s21-t6",
      "begin" : 2536,
      "end" : 2541,
      "text" : "those",
      "whiteSpace" : false
    }, {
      "id" : "s21-t7",
      "begin" : 2542,
      "end" : 2550,
      "text" : "problems",
      "whiteSpace" : false
    }, {
      "id" : "s21-t8",
      "begin" : 2550,
      "end" : 2551,
      "text" : ",",
      "whiteSpace" : false
    }, {
      "id" : "s21-t9",
      "begin" : 2552,
      "end" : 2555,
      "text" : "the",
      "whiteSpace" : false
    }, {
      "id" : "s21-t10",
      "begin" : 2556,
      "end" : 2564,
      "text" : "national",
      "whiteSpace" : false
    }, {
      "id" : "s21-t11",
      "begin" : 2565,
      "end" : 2568,
      "text" : "lab",
      "whiteSpace" : false
    }, {
      "id" : "s21-t12",
      "begin" : 2568,
      "end" : 2570,
      "text" : "'s",
      "whiteSpace" : false
    }, {
      "id" : "s21-t13",
      "begin" : 2571,
      "end" : 2575,
      "text" : "work",
      "whiteSpace" : false
    }, {
      "id" : "s21-t14",
      "begin" : 2576,
      "end" : 2580,
      "text" : "will",
      "whiteSpace" : false
    }, {
      "id" : "s21-t15",
      "begin" : 2581,
      "end" : 2585,
      "text" : "pave",
      "whiteSpace" : false
    }, {
      "id" : "s21-t16",
      "begin" : 2586,
      "end" : 2589,
      "text" : "the",
      "whiteSpace" : false
    }, {
      "id" : "s21-t17",
      "begin" : 2590,
      "end" : 2593,
      "text" : "way",
      "whiteSpace" : false
    }, {
      "id" : "s21-t18",
      "begin" : 2594,
      "end" : 2597,
      "text" : "for",
      "whiteSpace" : false
    }, {
      "id" : "s21-t19",
      "begin" : 2598,
      "end" : 2605,
      "text" : "broader",
      "whiteSpace" : false
    }, {
      "id" : "s21-t20",
      "begin" : 2606,
      "end" : 2614,
      "text" : "adoption",
      "whiteSpace" : false
    }, {
      "id" : "s21-t21",
      "begin" : 2615,
      "end" : 2617,
      "text" : "of",
      "whiteSpace" : false
    }, {
      "id" : "s21-t22",
      "begin" : 2618,
      "end" : 2625,
      "text" : "massive",
      "whiteSpace" : false
    }, {
      "id" : "s21-t23",
      "begin" : 2626,
      "end" : 2633,
      "text" : "systems",
      "whiteSpace" : false
    }, {
      "id" : "s21-t24",
      "begin" : 2634,
      "end" : 2638,
      "text" : "that",
      "whiteSpace" : false
    }, {
      "id" : "s21-t25",
      "begin" : 2639,
      "end" : 2644,
      "text" : "could",
      "whiteSpace" : false
    }, {
      "id" : "s21-t26",
      "begin" : 2645,
      "end" : 2652,
      "text" : "improve",
      "whiteSpace" : false
    }, {
      "id" : "s21-t27",
      "begin" : 2653,
      "end" : 2660,
      "text" : "weather",
      "whiteSpace" : false
    }, {
      "id" : "s21-t28",
      "begin" : 2661,
      "end" : 2669,
      "text" : "research",
      "whiteSpace" : false
    }, {
      "id" : "s21-t29",
      "begin" : 2669,
      "end" : 2670,
      "text" : ",",
      "whiteSpace" : false
    }, {
      "id" : "s21-t30",
      "begin" : 2671,
      "end" : 2680,
      "text" : "forecasts",
      "whiteSpace" : false
    }, {
      "id" : "s21-t31",
      "begin" : 2680,
      "end" : 2681,
      "text" : ",",
      "whiteSpace" : false
    }, {
      "id" : "s21-t32",
      "begin" : 2682,
      "end" : 2689,
      "text" : "tornado",
      "whiteSpace" : false
    }, {
      "id" : "s21-t33",
      "begin" : 2690,
      "end" : 2698,
      "text" : "tracking",
      "whiteSpace" : false
    }, {
      "id" : "s21-t34",
      "begin" : 2698,
      "end" : 2699,
      "text" : ",",
      "whiteSpace" : false
    }, {
      "id" : "s21-t35",
      "begin" : 2700,
      "end" : 2703,
      "text" : "and",
      "whiteSpace" : false
    }, {
      "id" : "s21-t36",
      "begin" : 2704,
      "end" : 2708,
      "text" : "work",
      "whiteSpace" : false
    }, {
      "id" : "s21-t37",
      "begin" : 2709,
      "end" : 2711,
      "text" : "on",
      "whiteSpace" : false
    }, {
      "id" : "s21-t38",
      "begin" : 2712,
      "end" : 2713,
      "text" : "a",
      "whiteSpace" : false
    }, {
      "id" : "s21-t39",
      "begin" : 2714,
      "end" : 2721,
      "text" : "variety",
      "whiteSpace" : false
    }, {
      "id" : "s21-t40",
      "begin" : 2722,
      "end" : 2724,
      "text" : "of",
      "whiteSpace" : false
    }, {
      "id" : "s21-t41",
      "begin" : 2725,
      "end" : 2730,
      "text" : "other",
      "whiteSpace" : false
    }, {
      "id" : "s21-t42",
      "begin" : 2731,
      "end" : 2739,
      "text" : "research",
      "whiteSpace" : false
    }, {
      "id" : "s21-t43",
      "begin" : 2740,
      "end" : 2748,
      "text" : "problems",
      "whiteSpace" : false
    }, {
      "id" : "s21-t44",
      "begin" : 2748,
      "end" : 2749,
      "text" : ".",
      "whiteSpace" : false
    } ]
  }, {
    "id" : "s22",
    "begin" : 2750,
    "end" : 2899,
    "text" : "Large systems such as Sequoia help researchers reduce uncertainty and improve precision in simulations that can, for instance, predict tornado paths.",
    "tokens" : [ {
      "id" : "s22-t0",
      "begin" : 2750,
      "end" : 2755,
      "text" : "Large",
      "whiteSpace" : false
    }, {
      "id" : "s22-t1",
      "begin" : 2756,
      "end" : 2763,
      "text" : "systems",
      "whiteSpace" : false
    }, {
      "id" : "s22-t2",
      "begin" : 2764,
      "end" : 2768,
      "text" : "such",
      "whiteSpace" : false
    }, {
      "id" : "s22-t3",
      "begin" : 2769,
      "end" : 2771,
      "text" : "as",
      "whiteSpace" : false
    }, {
      "id" : "s22-t4",
      "begin" : 2772,
      "end" : 2779,
      "text" : "Sequoia",
      "whiteSpace" : false
    }, {
      "id" : "s22-t5",
      "begin" : 2780,
      "end" : 2784,
      "text" : "help",
      "whiteSpace" : false
    }, {
      "id" : "s22-t6",
      "begin" : 2785,
      "end" : 2796,
      "text" : "researchers",
      "whiteSpace" : false
    }, {
      "id" : "s22-t7",
      "begin" : 2797,
      "end" : 2803,
      "text" : "reduce",
      "whiteSpace" : false
    }, {
      "id" : "s22-t8",
      "begin" : 2804,
      "end" : 2815,
      "text" : "uncertainty",
      "whiteSpace" : false
    }, {
      "id" : "s22-t9",
      "begin" : 2816,
      "end" : 2819,
      "text" : "and",
      "whiteSpace" : false
    }, {
      "id" : "s22-t10",
      "begin" : 2820,
      "end" : 2827,
      "text" : "improve",
      "whiteSpace" : false
    }, {
      "id" : "s22-t11",
      "begin" : 2828,
      "end" : 2837,
      "text" : "precision",
      "whiteSpace" : false
    }, {
      "id" : "s22-t12",
      "begin" : 2838,
      "end" : 2840,
      "text" : "in",
      "whiteSpace" : false
    }, {
      "id" : "s22-t13",
      "begin" : 2841,
      "end" : 2852,
      "text" : "simulations",
      "whiteSpace" : false
    }, {
      "id" : "s22-t14",
      "begin" : 2853,
      "end" : 2857,
      "text" : "that",
      "whiteSpace" : false
    }, {
      "id" : "s22-t15",
      "begin" : 2858,
      "end" : 2861,
      "text" : "can",
      "whiteSpace" : false
    }, {
      "id" : "s22-t16",
      "begin" : 2861,
      "end" : 2862,
      "text" : ",",
      "whiteSpace" : false
    }, {
      "id" : "s22-t17",
      "begin" : 2863,
      "end" : 2866,
      "text" : "for",
      "whiteSpace" : false
    }, {
      "id" : "s22-t18",
      "begin" : 2867,
      "end" : 2875,
      "text" : "instance",
      "whiteSpace" : false
    }, {
      "id" : "s22-t19",
      "begin" : 2875,
      "end" : 2876,
      "text" : ",",
      "whiteSpace" : false
    }, {
      "id" : "s22-t20",
      "begin" : 2877,
      "end" : 2884,
      "text" : "predict",
      "whiteSpace" : false
    }, {
      "id" : "s22-t21",
      "begin" : 2885,
      "end" : 2892,
      "text" : "tornado",
      "whiteSpace" : false
    }, {
      "id" : "s22-t22",
      "begin" : 2893,
      "end" : 2898,
      "text" : "paths",
      "whiteSpace" : false
    }, {
      "id" : "s22-t23",
      "begin" : 2898,
      "end" : 2899,
      "text" : ".",
      "whiteSpace" : false
    } ]
  }, {
    "id" : "s23",
    "begin" : 2900,
    "end" : 2982,
    "text" : "The more compute power available, the more fine tuned and accurate the simulation.",
    "tokens" : [ {
      "id" : "s23-t0",
      "begin" : 2900,
      "end" : 2903,
      "text" : "The",
      "whiteSpace" : false
    }, {
      "id" : "s23-t1",
      "begin" : 2904,
      "end" : 2908,
      "text" : "more",
      "whiteSpace" : false
    }, {
      "id" : "s23-t2",
      "begin" : 2909,
      "end" : 2916,
      "text" : "compute",
      "whiteSpace" : false
    }, {
      "id" : "s23-t3",
      "begin" : 2917,
      "end" : 2922,
      "text" : "power",
      "whiteSpace" : false
    }, {
      "id" : "s23-t4",
      "begin" : 2923,
      "end" : 2932,
      "text" : "available",
      "whiteSpace" : false
    }, {
      "id" : "s23-t5",
      "begin" : 2932,
      "end" : 2933,
      "text" : ",",
      "whiteSpace" : false
    }, {
      "id" : "s23-t6",
      "begin" : 2934,
      "end" : 2937,
      "text" : "the",
      "whiteSpace" : false
    }, {
      "id" : "s23-t7",
      "begin" : 2938,
      "end" : 2942,
      "text" : "more",
      "whiteSpace" : false
    }, {
      "id" : "s23-t8",
      "begin" : 2943,
      "end" : 2947,
      "text" : "fine",
      "whiteSpace" : false
    }, {
      "id" : "s23-t9",
      "begin" : 2948,
      "end" : 2953,
      "text" : "tuned",
      "whiteSpace" : false
    }, {
      "id" : "s23-t10",
      "begin" : 2954,
      "end" : 2957,
      "text" : "and",
      "whiteSpace" : false
    }, {
      "id" : "s23-t11",
      "begin" : 2958,
      "end" : 2966,
      "text" : "accurate",
      "whiteSpace" : false
    }, {
      "id" : "s23-t12",
      "begin" : 2967,
      "end" : 2970,
      "text" : "the",
      "whiteSpace" : false
    }, {
      "id" : "s23-t13",
      "begin" : 2971,
      "end" : 2981,
      "text" : "simulation",
      "whiteSpace" : false
    }, {
      "id" : "s23-t14",
      "begin" : 2981,
      "end" : 2982,
      "text" : ".",
      "whiteSpace" : false
    } ]
  }, {
    "id" : "s24",
    "begin" : 2985,
    "end" : 3156,
    "text" : "The major problem in running a system of this scale is 'the applications -- porting the applications and scaling them up is a critical problem we are facing,' said Seager.",
    "tokens" : [ {
      "id" : "s24-t0",
      "begin" : 2985,
      "end" : 2988,
      "text" : "The",
      "whiteSpace" : false
    }, {
      "id" : "s24-t1",
      "begin" : 2989,
      "end" : 2994,
      "text" : "major",
      "whiteSpace" : false
    }, {
      "id" : "s24-t2",
      "begin" : 2995,
      "end" : 3002,
      "text" : "problem",
      "whiteSpace" : false
    }, {
      "id" : "s24-t3",
      "begin" : 3003,
      "end" : 3005,
      "text" : "in",
      "whiteSpace" : false
    }, {
      "id" : "s24-t4",
      "begin" : 3006,
      "end" : 3013,
      "text" : "running",
      "whiteSpace" : false
    }, {
      "id" : "s24-t5",
      "begin" : 3014,
      "end" : 3015,
      "text" : "a",
      "whiteSpace" : false
    }, {
      "id" : "s24-t6",
      "begin" : 3016,
      "end" : 3022,
      "text" : "system",
      "whiteSpace" : false
    }, {
      "id" : "s24-t7",
      "begin" : 3023,
      "end" : 3025,
      "text" : "of",
      "whiteSpace" : false
    }, {
      "id" : "s24-t8",
      "begin" : 3026,
      "end" : 3030,
      "text" : "this",
      "whiteSpace" : false
    }, {
      "id" : "s24-t9",
      "begin" : 3031,
      "end" : 3036,
      "text" : "scale",
      "whiteSpace" : false
    }, {
      "id" : "s24-t10",
      "begin" : 3037,
      "end" : 3039,
      "text" : "is",
      "whiteSpace" : false
    }, {
      "id" : "s24-t11",
      "begin" : 3040,
      "end" : 3041,
      "text" : "'",
      "whiteSpace" : false
    }, {
      "id" : "s24-t12",
      "begin" : 3041,
      "end" : 3044,
      "text" : "the",
      "whiteSpace" : false
    }, {
      "id" : "s24-t13",
      "begin" : 3045,
      "end" : 3057,
      "text" : "applications",
      "whiteSpace" : false
    }, {
      "id" : "s24-t14",
      "begin" : 3058,
      "end" : 3060,
      "text" : "--",
      "whiteSpace" : false
    }, {
      "id" : "s24-t15",
      "begin" : 3061,
      "end" : 3068,
      "text" : "porting",
      "whiteSpace" : false
    }, {
      "id" : "s24-t16",
      "begin" : 3069,
      "end" : 3072,
      "text" : "the",
      "whiteSpace" : false
    }, {
      "id" : "s24-t17",
      "begin" : 3073,
      "end" : 3085,
      "text" : "applications",
      "whiteSpace" : false
    }, {
      "id" : "s24-t18",
      "begin" : 3086,
      "end" : 3089,
      "text" : "and",
      "whiteSpace" : false
    }, {
      "id" : "s24-t19",
      "begin" : 3090,
      "end" : 3097,
      "text" : "scaling",
      "whiteSpace" : false
    }, {
      "id" : "s24-t20",
      "begin" : 3098,
      "end" : 3102,
      "text" : "them",
      "whiteSpace" : false
    }, {
      "id" : "s24-t21",
      "begin" : 3103,
      "end" : 3105,
      "text" : "up",
      "whiteSpace" : false
    }, {
      "id" : "s24-t22",
      "begin" : 3106,
      "end" : 3108,
      "text" : "is",
      "whiteSpace" : false
    }, {
      "id" : "s24-t23",
      "begin" : 3109,
      "end" : 3110,
      "text" : "a",
      "whiteSpace" : false
    }, {
      "id" : "s24-t24",
      "begin" : 3111,
      "end" : 3119,
      "text" : "critical",
      "whiteSpace" : false
    }, {
      "id" : "s24-t25",
      "begin" : 3120,
      "end" : 3127,
      "text" : "problem",
      "whiteSpace" : false
    }, {
      "id" : "s24-t26",
      "begin" : 3128,
      "end" : 3130,
      "text" : "we",
      "whiteSpace" : false
    }, {
      "id" : "s24-t27",
      "begin" : 3131,
      "end" : 3134,
      "text" : "are",
      "whiteSpace" : false
    }, {
      "id" : "s24-t28",
      "begin" : 3135,
      "end" : 3141,
      "text" : "facing",
      "whiteSpace" : false
    }, {
      "id" : "s24-t29",
      "begin" : 3141,
      "end" : 3142,
      "text" : ",",
      "whiteSpace" : false
    }, {
      "id" : "s24-t30",
      "begin" : 3142,
      "end" : 3143,
      "text" : "'",
      "whiteSpace" : false
    }, {
      "id" : "s24-t31",
      "begin" : 3144,
      "end" : 3148,
      "text" : "said",
      "whiteSpace" : false
    }, {
      "id" : "s24-t32",
      "begin" : 3149,
      "end" : 3155,
      "text" : "Seager",
      "whiteSpace" : false
    }, {
      "id" : "s24-t33",
      "begin" : 3155,
      "end" : 3156,
      "text" : ".",
      "whiteSpace" : false
    } ]
  }, {
    "id" : "s25",
    "begin" : 3159,
    "end" : 3362,
    "text" : "There are two petaflop systems in the U.S., IBM's Roadrunner at Los Alamos National Laboratory, which passed the petaflop barrier last May, and Cray Inc.'s XT Jaguar at the Oak Ridge National Laboratory.",
    "tokens" : [ {
      "id" : "s25-t0",
      "begin" : 3159,
      "end" : 3164,
      "text" : "There",
      "whiteSpace" : false
    }, {
      "id" : "s25-t1",
      "begin" : 3165,
      "end" : 3168,
      "text" : "are",
      "whiteSpace" : false
    }, {
      "id" : "s25-t2",
      "begin" : 3169,
      "end" : 3172,
      "text" : "two",
      "whiteSpace" : false
    }, {
      "id" : "s25-t3",
      "begin" : 3173,
      "end" : 3181,
      "text" : "petaflop",
      "whiteSpace" : false
    }, {
      "id" : "s25-t4",
      "begin" : 3182,
      "end" : 3189,
      "text" : "systems",
      "whiteSpace" : false
    }, {
      "id" : "s25-t5",
      "begin" : 3190,
      "end" : 3192,
      "text" : "in",
      "whiteSpace" : false
    }, {
      "id" : "s25-t6",
      "begin" : 3193,
      "end" : 3196,
      "text" : "the",
      "whiteSpace" : false
    }, {
      "id" : "s25-t7",
      "begin" : 3197,
      "end" : 3201,
      "text" : "U.S.",
      "whiteSpace" : false
    }, {
      "id" : "s25-t8",
      "begin" : 3201,
      "end" : 3202,
      "text" : ",",
      "whiteSpace" : false
    }, {
      "id" : "s25-t9",
      "begin" : 3203,
      "end" : 3206,
      "text" : "IBM",
      "whiteSpace" : false
    }, {
      "id" : "s25-t10",
      "begin" : 3206,
      "end" : 3208,
      "text" : "'s",
      "whiteSpace" : false
    }, {
      "id" : "s25-t11",
      "begin" : 3209,
      "end" : 3219,
      "text" : "Roadrunner",
      "whiteSpace" : false
    }, {
      "id" : "s25-t12",
      "begin" : 3220,
      "end" : 3222,
      "text" : "at",
      "whiteSpace" : false
    }, {
      "id" : "s25-t13",
      "begin" : 3223,
      "end" : 3226,
      "text" : "Los",
      "whiteSpace" : false
    }, {
      "id" : "s25-t14",
      "begin" : 3227,
      "end" : 3233,
      "text" : "Alamos",
      "whiteSpace" : false
    }, {
      "id" : "s25-t15",
      "begin" : 3234,
      "end" : 3242,
      "text" : "National",
      "whiteSpace" : false
    }, {
      "id" : "s25-t16",
      "begin" : 3243,
      "end" : 3253,
      "text" : "Laboratory",
      "whiteSpace" : false
    }, {
      "id" : "s25-t17",
      "begin" : 3253,
      "end" : 3254,
      "text" : ",",
      "whiteSpace" : false
    }, {
      "id" : "s25-t18",
      "begin" : 3255,
      "end" : 3260,
      "text" : "which",
      "whiteSpace" : false
    }, {
      "id" : "s25-t19",
      "begin" : 3261,
      "end" : 3267,
      "text" : "passed",
      "whiteSpace" : false
    }, {
      "id" : "s25-t20",
      "begin" : 3268,
      "end" : 3271,
      "text" : "the",
      "whiteSpace" : false
    }, {
      "id" : "s25-t21",
      "begin" : 3272,
      "end" : 3280,
      "text" : "petaflop",
      "whiteSpace" : false
    }, {
      "id" : "s25-t22",
      "begin" : 3281,
      "end" : 3288,
      "text" : "barrier",
      "whiteSpace" : false
    }, {
      "id" : "s25-t23",
      "begin" : 3289,
      "end" : 3293,
      "text" : "last",
      "whiteSpace" : false
    }, {
      "id" : "s25-t24",
      "begin" : 3294,
      "end" : 3297,
      "text" : "May",
      "whiteSpace" : false
    }, {
      "id" : "s25-t25",
      "begin" : 3297,
      "end" : 3298,
      "text" : ",",
      "whiteSpace" : false
    }, {
      "id" : "s25-t26",
      "begin" : 3299,
      "end" : 3302,
      "text" : "and",
      "whiteSpace" : false
    }, {
      "id" : "s25-t27",
      "begin" : 3303,
      "end" : 3307,
      "text" : "Cray",
      "whiteSpace" : false
    }, {
      "id" : "s25-t28",
      "begin" : 3308,
      "end" : 3312,
      "text" : "Inc.",
      "whiteSpace" : false
    }, {
      "id" : "s25-t29",
      "begin" : 3312,
      "end" : 3314,
      "text" : "'s",
      "whiteSpace" : false
    }, {
      "id" : "s25-t30",
      "begin" : 3315,
      "end" : 3317,
      "text" : "XT",
      "whiteSpace" : false
    }, {
      "id" : "s25-t31",
      "begin" : 3318,
      "end" : 3324,
      "text" : "Jaguar",
      "whiteSpace" : false
    }, {
      "id" : "s25-t32",
      "begin" : 3325,
      "end" : 3327,
      "text" : "at",
      "whiteSpace" : false
    }, {
      "id" : "s25-t33",
      "begin" : 3328,
      "end" : 3331,
      "text" : "the",
      "whiteSpace" : false
    }, {
      "id" : "s25-t34",
      "begin" : 3332,
      "end" : 3335,
      "text" : "Oak",
      "whiteSpace" : false
    }, {
      "id" : "s25-t35",
      "begin" : 3336,
      "end" : 3341,
      "text" : "Ridge",
      "whiteSpace" : false
    }, {
      "id" : "s25-t36",
      "begin" : 3342,
      "end" : 3350,
      "text" : "National",
      "whiteSpace" : false
    }, {
      "id" : "s25-t37",
      "begin" : 3351,
      "end" : 3361,
      "text" : "Laboratory",
      "whiteSpace" : false
    }, {
      "id" : "s25-t38",
      "begin" : 3361,
      "end" : 3362,
      "text" : ".",
      "whiteSpace" : false
    } ]
  }, {
    "id" : "s26",
    "begin" : 3365,
    "end" : 3423,
    "text" : "IBM plans to build Sequoia at its Rochester, Minn., plant.",
    "tokens" : [ {
      "id" : "s26-t0",
      "begin" : 3365,
      "end" : 3368,
      "text" : "IBM",
      "whiteSpace" : false
    }, {
      "id" : "s26-t1",
      "begin" : 3369,
      "end" : 3374,
      "text" : "plans",
      "whiteSpace" : false
    }, {
      "id" : "s26-t2",
      "begin" : 3375,
      "end" : 3377,
      "text" : "to",
      "whiteSpace" : false
    }, {
      "id" : "s26-t3",
      "begin" : 3378,
      "end" : 3383,
      "text" : "build",
      "whiteSpace" : false
    }, {
      "id" : "s26-t4",
      "begin" : 3384,
      "end" : 3391,
      "text" : "Sequoia",
      "whiteSpace" : false
    }, {
      "id" : "s26-t5",
      "begin" : 3392,
      "end" : 3394,
      "text" : "at",
      "whiteSpace" : false
    }, {
      "id" : "s26-t6",
      "begin" : 3395,
      "end" : 3398,
      "text" : "its",
      "whiteSpace" : false
    }, {
      "id" : "s26-t7",
      "begin" : 3399,
      "end" : 3408,
      "text" : "Rochester",
      "whiteSpace" : false
    }, {
      "id" : "s26-t8",
      "begin" : 3408,
      "end" : 3409,
      "text" : ",",
      "whiteSpace" : false
    }, {
      "id" : "s26-t9",
      "begin" : 3410,
      "end" : 3415,
      "text" : "Minn.",
      "whiteSpace" : false
    }, {
      "id" : "s26-t10",
      "begin" : 3415,
      "end" : 3416,
      "text" : ",",
      "whiteSpace" : false
    }, {
      "id" : "s26-t11",
      "begin" : 3417,
      "end" : 3422,
      "text" : "plant",
      "whiteSpace" : false
    }, {
      "id" : "s26-t12",
      "begin" : 3422,
      "end" : 3423,
      "text" : ".",
      "whiteSpace" : false
    } ]
  } ],
  "mentions" : [ {
    "id" : "-M0",
    "source" : "IMPORT",
    "properties" : {
      "SIRE_MENTION_CLASS" : "SPC",
      "SIRE_MENTION_ROLE" : "ORGANIZATION",
      "SIRE_ENTITY_SUBTYPE" : "NONE",
      "SIRE_ENTITY_LEVEL" : "NONE",
      "SIRE_ENTITY_CLASS" : "SPC",
      "SIRE_MENTION_TYPE" : "NONE"
    },
    "type" : "ORGANIZATION",
    "begin" : 63,
    "end" : 66,
    "inCoref" : false
  }, {
    "id" : "-M1",
    "source" : "IMPORT",
    "properties" : {
      "SIRE_MENTION_CLASS" : "SPC",
      "SIRE_MENTION_ROLE" : "ORGANIZATION",
      "SIRE_ENTITY_SUBTYPE" : "NONE",
      "SIRE_ENTITY_LEVEL" : "NONE",
      "SIRE_ENTITY_CLASS" : "SPC",
      "SIRE_MENTION_TYPE" : "NONE"
    },
    "type" : "ORGANIZATION",
    "begin" : 208,
    "end" : 211,
    "inCoref" : false
  }, {
    "id" : "-M2",
    "source" : "IMPORT",
    "properties" : {
      "SIRE_MENTION_CLASS" : "SPC",
      "SIRE_MENTION_ROLE" : "ORGANIZATION",
      "SIRE_ENTITY_SUBTYPE" : "NONE",
      "SIRE_ENTITY_LEVEL" : "NONE",
      "SIRE_ENTITY_CLASS" : "SPC",
      "SIRE_MENTION_TYPE" : "NONE"
    },
    "type" : "ORGANIZATION",
    "begin" : 342,
    "end" : 362,
    "inCoref" : false
  }, {
    "id" : "-M3",
    "source" : "IMPORT",
    "properties" : {
      "SIRE_MENTION_CLASS" : "SPC",
      "SIRE_MENTION_ROLE" : "ORGANIZATION",
      "SIRE_ENTITY_SUBTYPE" : "NONE",
      "SIRE_ENTITY_LEVEL" : "NONE",
      "SIRE_ENTITY_CLASS" : "SPC",
      "SIRE_MENTION_TYPE" : "NONE"
    },
    "type" : "ORGANIZATION",
    "begin" : 675,
    "end" : 713,
    "inCoref" : false
  }, {
    "id" : "-M4",
    "source" : "IMPORT",
    "properties" : {
      "SIRE_MENTION_CLASS" : "SPC",
      "SIRE_MENTION_ROLE" : "ORGANIZATION",
      "SIRE_ENTITY_SUBTYPE" : "NONE",
      "SIRE_ENTITY_LEVEL" : "NONE",
      "SIRE_ENTITY_CLASS" : "SPC",
      "SIRE_MENTION_TYPE" : "NONE"
    },
    "type" : "ORGANIZATION",
    "begin" : 815,
    "end" : 818,
    "inCoref" : false
  }, {
    "id" : "-M5",
    "source" : "IMPORT",
    "properties" : {
      "SIRE_MENTION_CLASS" : "SPC",
      "SIRE_MENTION_ROLE" : "ORGANIZATION",
      "SIRE_ENTITY_SUBTYPE" : "NONE",
      "SIRE_ENTITY_LEVEL" : "NONE",
      "SIRE_ENTITY_CLASS" : "SPC",
      "SIRE_MENTION_TYPE" : "NONE"
    },
    "type" : "ORGANIZATION",
    "begin" : 1112,
    "end" : 1115,
    "inCoref" : false
  }, {
    "id" : "-M6",
    "source" : "IMPORT",
    "properties" : {
      "SIRE_MENTION_CLASS" : "SPC",
      "SIRE_MENTION_ROLE" : "ORGANIZATION",
      "SIRE_ENTITY_SUBTYPE" : "NONE",
      "SIRE_ENTITY_LEVEL" : "NONE",
      "SIRE_ENTITY_CLASS" : "SPC",
      "SIRE_MENTION_TYPE" : "NONE"
    },
    "type" : "ORGANIZATION",
    "begin" : 1202,
    "end" : 1205,
    "inCoref" : false
  }, {
    "id" : "-M7",
    "source" : "IMPORT",
    "properties" : {
      "SIRE_MENTION_CLASS" : "SPC",
      "SIRE_MENTION_ROLE" : "ORGANIZATION",
      "SIRE_ENTITY_SUBTYPE" : "NONE",
      "SIRE_ENTITY_LEVEL" : "NONE",
      "SIRE_ENTITY_CLASS" : "SPC",
      "SIRE_MENTION_TYPE" : "NONE"
    },
    "type" : "ORGANIZATION",
    "begin" : 2423,
    "end" : 2426,
    "inCoref" : false
  }, {
    "id" : "-M8",
    "source" : "IMPORT",
    "properties" : {
      "SIRE_MENTION_CLASS" : "SPC",
      "SIRE_MENTION_ROLE" : "ORGANIZATION",
      "SIRE_ENTITY_SUBTYPE" : "NONE",
      "SIRE_ENTITY_LEVEL" : "NONE",
      "SIRE_ENTITY_CLASS" : "SPC",
      "SIRE_MENTION_TYPE" : "NONE"
    },
    "type" : "ORGANIZATION",
    "begin" : 3203,
    "end" : 3206,
    "inCoref" : false
  }, {
    "id" : "-M9",
    "source" : "IMPORT",
    "properties" : {
      "SIRE_MENTION_CLASS" : "SPC",
      "SIRE_MENTION_ROLE" : "ORGANIZATION",
      "SIRE_ENTITY_SUBTYPE" : "NONE",
      "SIRE_ENTITY_LEVEL" : "NONE",
      "SIRE_ENTITY_CLASS" : "SPC",
      "SIRE_MENTION_TYPE" : "NONE"
    },
    "type" : "ORGANIZATION",
    "begin" : 3223,
    "end" : 3253,
    "inCoref" : false
  }, {
    "id" : "-M10",
    "source" : "IMPORT",
    "properties" : {
      "SIRE_MENTION_CLASS" : "SPC",
      "SIRE_MENTION_ROLE" : "ORGANIZATION",
      "SIRE_ENTITY_SUBTYPE" : "NONE",
      "SIRE_ENTITY_LEVEL" : "NONE",
      "SIRE_ENTITY_CLASS" : "SPC",
      "SIRE_MENTION_TYPE" : "NONE"
    },
    "type" : "ORGANIZATION",
    "begin" : 3303,
    "end" : 3312,
    "inCoref" : false
  }, {
    "id" : "-M11",
    "source" : "IMPORT",
    "properties" : {
      "SIRE_MENTION_CLASS" : "SPC",
      "SIRE_MENTION_ROLE" : "ORGANIZATION",
      "SIRE_ENTITY_SUBTYPE" : "NONE",
      "SIRE_ENTITY_LEVEL" : "NONE",
      "SIRE_ENTITY_CLASS" : "SPC",
      "SIRE_MENTION_TYPE" : "NONE"
    },
    "type" : "ORGANIZATION",
    "begin" : 3332,
    "end" : 3361,
    "inCoref" : false
  }, {
    "id" : "-M12",
    "source" : "IMPORT",
    "properties" : {
      "SIRE_MENTION_CLASS" : "SPC",
      "SIRE_MENTION_ROLE" : "ORGANIZATION",
      "SIRE_ENTITY_SUBTYPE" : "NONE",
      "SIRE_ENTITY_LEVEL" : "NONE",
      "SIRE_ENTITY_CLASS" : "SPC",
      "SIRE_MENTION_TYPE" : "NONE"
    },
    "type" : "ORGANIZATION",
    "begin" : 3365,
    "end" : 3368,
    "inCoref" : false
  } ],
  "relations" : [ ],
  "corefs" : [ ],
  "typeResolved" : true,
  "userResolved" : false
}