{
  "id" : "b99682a0-021f-11e7-adfe-7b21e22b049b-1",
  "name" : "Technology - brighthand.com",
  "version" : 3,
  "text" : "Thanks to an apparent slip-up, Microsoft has given the world a look at its upcoming online synchronization service for Windows Mobile called My Phone. \r\rThe web site for this service is live now, but not fully functional. Still, there's enough to give a complete overview of what it will offer.\r\rFor years, business users have been able to backup their address book and calendar data with a remote server thanks to Exchange ActiveSync. Consumers, on the other hand, haven't been able to do this without paying for an additional service. My Phone will change this.\r\rHowever, this upcoming service won't offer all the features of Exchange ActiveSync. It will only synchronize calendar and contacts, not email. However, it will allow users to synchronize photos and other files, not something offered by the business software.\r\rIn addition, My Phone users will be able to go to a web site and access their personal information. They will be able to make changes and these will be reflected on their smartphone the next time they synchronize. In another difference from Exchange ActiveSync, changes won't sync immediately, but only once per day.\r\rAs Microsoft's own words:\r\rMicrosoft My Phone syncs information on your mobile phone to a storage space on a web site hosted by Microsoft. If your phone is lost or stolen, or if you upgrade to a new phone, you can easily restore the contacts, calendar appointments, photos, and other information that you stored on My Phone to a compatible new or replacement phone.\r\rMicrosoft My Phone enables you to view and manage phone information by using a web browser. In your web account, you can add, edit, and delete contacts and calendar appointments, and the changes will appear on your phone the next time that you sync.\r\rThe service is going to be free, and will be compatible with most devices running Windows Mobile 6+.\r\rThis is apparently a confirmation of the earlier rumors about 'Skybox', as the URL for My Phone is getskybox.com.\r\rAccording to unconfirmed reports, the official announcement of this service will be at the Mobile World Congress (MWC) tradeshow later this month.\r\rMicrosoft My Phone vs. Apple MobileMe\r\rMy Phone immediately draws comparisons with Apple's MobileMe service, as both offer over-the-air data synchronization to consumers, and all the data to be accessed via a web portal.\r\rThis is a 'back to the future' comparison, as when MobileMe was launched it was compared to Exchange ActiveSync. The MobileMe service might actually be a slightly closer to Microsoft's sync service for businesses, though, as it allows users synchronize their emails, too.\r\rAdditional Details\r\rAs mentioned earlier, this is not a 'push' service. Instead, My Phone will automatically synchronize information between the smartphone and the online account once a day between 11:00 pm and 5:00 am.  However, user will be able to manually initiate a sync whenever they choose.\r\rThis upcoming service will apparently allow users to synchronize the contents of the My Documents folder on their smartphone with their online account. Microsoft will provide 200 MB of free storage for this. It's not clear at this point if this will include files stored on a removable memory card.\r\rThe web site for My Phone also reveals how this service will inter-operate with other synchronization services. When the user has an active connection with Microsoft Exchange server, My Phone will not synchronize contacts, calendar appointments, or tasks. Windows Live contacts will only be synced with the Windows Live web site, not My Phone.",
  "docLength" : 0,
  "language" : "EN",
  "status" : "SUBMITTED",
  "modifiedDate" : 1488772295484,
  "documentSet" : [ ],
  "preannotation" : [ "PRE_LW" ],
  "sentences" : [ {
    "id" : "s0",
    "begin" : 0,
    "end" : 150,
    "text" : "Thanks to an apparent slip-up, Microsoft has given the world a look at its upcoming online synchronization service for Windows Mobile called My Phone.",
    "tokens" : [ {
      "id" : "s0-t0",
      "begin" : 0,
      "end" : 6,
      "text" : "Thanks",
      "whiteSpace" : false
    }, {
      "id" : "s0-t1",
      "begin" : 7,
      "end" : 9,
      "text" : "to",
      "whiteSpace" : false
    }, {
      "id" : "s0-t2",
      "begin" : 10,
      "end" : 12,
      "text" : "an",
      "whiteSpace" : false
    }, {
      "id" : "s0-t3",
      "begin" : 13,
      "end" : 21,
      "text" : "apparent",
      "whiteSpace" : false
    }, {
      "id" : "s0-t4",
      "begin" : 22,
      "end" : 26,
      "text" : "slip",
      "whiteSpace" : false
    }, {
      "id" : "s0-t5",
      "begin" : 26,
      "end" : 27,
      "text" : "-",
      "whiteSpace" : false
    }, {
      "id" : "s0-t6",
      "begin" : 27,
      "end" : 29,
      "text" : "up",
      "whiteSpace" : false
    }, {
      "id" : "s0-t7",
      "begin" : 29,
      "end" : 30,
      "text" : ",",
      "whiteSpace" : false
    }, {
      "id" : "s0-t8",
      "begin" : 31,
      "end" : 40,
      "text" : "Microsoft",
      "whiteSpace" : false
    }, {
      "id" : "s0-t9",
      "begin" : 41,
      "end" : 44,
      "text" : "has",
      "whiteSpace" : false
    }, {
      "id" : "s0-t10",
      "begin" : 45,
      "end" : 50,
      "text" : "given",
      "whiteSpace" : false
    }, {
      "id" : "s0-t11",
      "begin" : 51,
      "end" : 54,
      "text" : "the",
      "whiteSpace" : false
    }, {
      "id" : "s0-t12",
      "begin" : 55,
      "end" : 60,
      "text" : "world",
      "whiteSpace" : false
    }, {
      "id" : "s0-t13",
      "begin" : 61,
      "end" : 62,
      "text" : "a",
      "whiteSpace" : false
    }, {
      "id" : "s0-t14",
      "begin" : 63,
      "end" : 67,
      "text" : "look",
      "whiteSpace" : false
    }, {
      "id" : "s0-t15",
      "begin" : 68,
      "end" : 70,
      "text" : "at",
      "whiteSpace" : false
    }, {
      "id" : "s0-t16",
      "begin" : 71,
      "end" : 74,
      "text" : "its",
      "whiteSpace" : false
    }, {
      "id" : "s0-t17",
      "begin" : 75,
      "end" : 83,
      "text" : "upcoming",
      "whiteSpace" : false
    }, {
      "id" : "s0-t18",
      "begin" : 84,
      "end" : 90,
      "text" : "online",
      "whiteSpace" : false
    }, {
      "id" : "s0-t19",
      "begin" : 91,
      "end" : 106,
      "text" : "synchronization",
      "whiteSpace" : false
    }, {
      "id" : "s0-t20",
      "begin" : 107,
      "end" : 114,
      "text" : "service",
      "whiteSpace" : false
    }, {
      "id" : "s0-t21",
      "begin" : 115,
      "end" : 118,
      "text" : "for",
      "whiteSpace" : false
    }, {
      "id" : "s0-t22",
      "begin" : 119,
      "end" : 126,
      "text" : "Windows",
      "whiteSpace" : false
    }, {
      "id" : "s0-t23",
      "begin" : 127,
      "end" : 133,
      "text" : "Mobile",
      "whiteSpace" : false
    }, {
      "id" : "s0-t24",
      "begin" : 134,
      "end" : 140,
      "text" : "called",
      "whiteSpace" : false
    }, {
      "id" : "s0-t25",
      "begin" : 141,
      "end" : 143,
      "text" : "My",
      "whiteSpace" : false
    }, {
      "id" : "s0-t26",
      "begin" : 144,
      "end" : 149,
      "text" : "Phone",
      "whiteSpace" : false
    }, {
      "id" : "s0-t27",
      "begin" : 149,
      "end" : 150,
      "text" : ".",
      "whiteSpace" : false
    } ]
  }, {
    "id" : "s1",
    "begin" : 153,
    "end" : 221,
    "text" : "The web site for this service is live now, but not fully functional.",
    "tokens" : [ {
      "id" : "s1-t0",
      "begin" : 153,
      "end" : 156,
      "text" : "The",
      "whiteSpace" : false
    }, {
      "id" : "s1-t1",
      "begin" : 157,
      "end" : 160,
      "text" : "web",
      "whiteSpace" : false
    }, {
      "id" : "s1-t2",
      "begin" : 161,
      "end" : 165,
      "text" : "site",
      "whiteSpace" : false
    }, {
      "id" : "s1-t3",
      "begin" : 166,
      "end" : 169,
      "text" : "for",
      "whiteSpace" : false
    }, {
      "id" : "s1-t4",
      "begin" : 170,
      "end" : 174,
      "text" : "this",
      "whiteSpace" : false
    }, {
      "id" : "s1-t5",
      "begin" : 175,
      "end" : 182,
      "text" : "service",
      "whiteSpace" : false
    }, {
      "id" : "s1-t6",
      "begin" : 183,
      "end" : 185,
      "text" : "is",
      "whiteSpace" : false
    }, {
      "id" : "s1-t7",
      "begin" : 186,
      "end" : 190,
      "text" : "live",
      "whiteSpace" : false
    }, {
      "id" : "s1-t8",
      "begin" : 191,
      "end" : 194,
      "text" : "now",
      "whiteSpace" : false
    }, {
      "id" : "s1-t9",
      "begin" : 194,
      "end" : 195,
      "text" : ",",
      "whiteSpace" : false
    }, {
      "id" : "s1-t10",
      "begin" : 196,
      "end" : 199,
      "text" : "but",
      "whiteSpace" : false
    }, {
      "id" : "s1-t11",
      "begin" : 200,
      "end" : 203,
      "text" : "not",
      "whiteSpace" : false
    }, {
      "id" : "s1-t12",
      "begin" : 204,
      "end" : 209,
      "text" : "fully",
      "whiteSpace" : false
    }, {
      "id" : "s1-t13",
      "begin" : 210,
      "end" : 220,
      "text" : "functional",
      "whiteSpace" : false
    }, {
      "id" : "s1-t14",
      "begin" : 220,
      "end" : 221,
      "text" : ".",
      "whiteSpace" : false
    } ]
  }, {
    "id" : "s2",
    "begin" : 222,
    "end" : 294,
    "text" : "Still, there's enough to give a complete overview of what it will offer.",
    "tokens" : [ {
      "id" : "s2-t0",
      "begin" : 222,
      "end" : 227,
      "text" : "Still",
      "whiteSpace" : false
    }, {
      "id" : "s2-t1",
      "begin" : 227,
      "end" : 228,
      "text" : ",",
      "whiteSpace" : false
    }, {
      "id" : "s2-t2",
      "begin" : 229,
      "end" : 234,
      "text" : "there",
      "whiteSpace" : false
    }, {
      "id" : "s2-t3",
      "begin" : 234,
      "end" : 236,
      "text" : "'s",
      "whiteSpace" : false
    }, {
      "id" : "s2-t4",
      "begin" : 237,
      "end" : 243,
      "text" : "enough",
      "whiteSpace" : false
    }, {
      "id" : "s2-t5",
      "begin" : 244,
      "end" : 246,
      "text" : "to",
      "whiteSpace" : false
    }, {
      "id" : "s2-t6",
      "begin" : 247,
      "end" : 251,
      "text" : "give",
      "whiteSpace" : false
    }, {
      "id" : "s2-t7",
      "begin" : 252,
      "end" : 253,
      "text" : "a",
      "whiteSpace" : false
    }, {
      "id" : "s2-t8",
      "begin" : 254,
      "end" : 262,
      "text" : "complete",
      "whiteSpace" : false
    }, {
      "id" : "s2-t9",
      "begin" : 263,
      "end" : 271,
      "text" : "overview",
      "whiteSpace" : false
    }, {
      "id" : "s2-t10",
      "begin" : 272,
      "end" : 274,
      "text" : "of",
      "whiteSpace" : false
    }, {
      "id" : "s2-t11",
      "begin" : 275,
      "end" : 279,
      "text" : "what",
      "whiteSpace" : false
    }, {
      "id" : "s2-t12",
      "begin" : 280,
      "end" : 282,
      "text" : "it",
      "whiteSpace" : false
    }, {
      "id" : "s2-t13",
      "begin" : 283,
      "end" : 287,
      "text" : "will",
      "whiteSpace" : false
    }, {
      "id" : "s2-t14",
      "begin" : 288,
      "end" : 293,
      "text" : "offer",
      "whiteSpace" : false
    }, {
      "id" : "s2-t15",
      "begin" : 293,
      "end" : 294,
      "text" : ".",
      "whiteSpace" : false
    } ]
  }, {
    "id" : "s3",
    "begin" : 296,
    "end" : 435,
    "text" : "For years, business users have been able to backup their address book and calendar data with a remote server thanks to Exchange ActiveSync.",
    "tokens" : [ {
      "id" : "s3-t0",
      "begin" : 296,
      "end" : 299,
      "text" : "For",
      "whiteSpace" : false
    }, {
      "id" : "s3-t1",
      "begin" : 300,
      "end" : 305,
      "text" : "years",
      "whiteSpace" : false
    }, {
      "id" : "s3-t2",
      "begin" : 305,
      "end" : 306,
      "text" : ",",
      "whiteSpace" : false
    }, {
      "id" : "s3-t3",
      "begin" : 307,
      "end" : 315,
      "text" : "business",
      "whiteSpace" : false
    }, {
      "id" : "s3-t4",
      "begin" : 316,
      "end" : 321,
      "text" : "users",
      "whiteSpace" : false
    }, {
      "id" : "s3-t5",
      "begin" : 322,
      "end" : 326,
      "text" : "have",
      "whiteSpace" : false
    }, {
      "id" : "s3-t6",
      "begin" : 327,
      "end" : 331,
      "text" : "been",
      "whiteSpace" : false
    }, {
      "id" : "s3-t7",
      "begin" : 332,
      "end" : 336,
      "text" : "able",
      "whiteSpace" : false
    }, {
      "id" : "s3-t8",
      "begin" : 337,
      "end" : 339,
      "text" : "to",
      "whiteSpace" : false
    }, {
      "id" : "s3-t9",
      "begin" : 340,
      "end" : 346,
      "text" : "backup",
      "whiteSpace" : false
    }, {
      "id" : "s3-t10",
      "begin" : 347,
      "end" : 352,
      "text" : "their",
      "whiteSpace" : false
    }, {
      "id" : "s3-t11",
      "begin" : 353,
      "end" : 360,
      "text" : "address",
      "whiteSpace" : false
    }, {
      "id" : "s3-t12",
      "begin" : 361,
      "end" : 365,
      "text" : "book",
      "whiteSpace" : false
    }, {
      "id" : "s3-t13",
      "begin" : 366,
      "end" : 369,
      "text" : "and",
      "whiteSpace" : false
    }, {
      "id" : "s3-t14",
      "begin" : 370,
      "end" : 378,
      "text" : "calendar",
      "whiteSpace" : false
    }, {
      "id" : "s3-t15",
      "begin" : 379,
      "end" : 383,
      "text" : "data",
      "whiteSpace" : false
    }, {
      "id" : "s3-t16",
      "begin" : 384,
      "end" : 388,
      "text" : "with",
      "whiteSpace" : false
    }, {
      "id" : "s3-t17",
      "begin" : 389,
      "end" : 390,
      "text" : "a",
      "whiteSpace" : false
    }, {
      "id" : "s3-t18",
      "begin" : 391,
      "end" : 397,
      "text" : "remote",
      "whiteSpace" : false
    }, {
      "id" : "s3-t19",
      "begin" : 398,
      "end" : 404,
      "text" : "server",
      "whiteSpace" : false
    }, {
      "id" : "s3-t20",
      "begin" : 405,
      "end" : 411,
      "text" : "thanks",
      "whiteSpace" : false
    }, {
      "id" : "s3-t21",
      "begin" : 412,
      "end" : 414,
      "text" : "to",
      "whiteSpace" : false
    }, {
      "id" : "s3-t22",
      "begin" : 415,
      "end" : 423,
      "text" : "Exchange",
      "whiteSpace" : false
    }, {
      "id" : "s3-t23",
      "begin" : 424,
      "end" : 434,
      "text" : "ActiveSync",
      "whiteSpace" : false
    }, {
      "id" : "s3-t24",
      "begin" : 434,
      "end" : 435,
      "text" : ".",
      "whiteSpace" : false
    } ]
  }, {
    "id" : "s4",
    "begin" : 436,
    "end" : 536,
    "text" : "Consumers, on the other hand, haven't been able to do this without paying for an additional service.",
    "tokens" : [ {
      "id" : "s4-t0",
      "begin" : 436,
      "end" : 445,
      "text" : "Consumers",
      "whiteSpace" : false
    }, {
      "id" : "s4-t1",
      "begin" : 445,
      "end" : 446,
      "text" : ",",
      "whiteSpace" : false
    }, {
      "id" : "s4-t2",
      "begin" : 447,
      "end" : 449,
      "text" : "on",
      "whiteSpace" : false
    }, {
      "id" : "s4-t3",
      "begin" : 450,
      "end" : 453,
      "text" : "the",
      "whiteSpace" : false
    }, {
      "id" : "s4-t4",
      "begin" : 454,
      "end" : 459,
      "text" : "other",
      "whiteSpace" : false
    }, {
      "id" : "s4-t5",
      "begin" : 460,
      "end" : 464,
      "text" : "hand",
      "whiteSpace" : false
    }, {
      "id" : "s4-t6",
      "begin" : 464,
      "end" : 465,
      "text" : ",",
      "whiteSpace" : false
    }, {
      "id" : "s4-t7",
      "begin" : 466,
      "end" : 470,
      "text" : "have",
      "whiteSpace" : false
    }, {
      "id" : "s4-t8",
      "begin" : 470,
      "end" : 473,
      "text" : "n't",
      "whiteSpace" : false
    }, {
      "id" : "s4-t9",
      "begin" : 474,
      "end" : 478,
      "text" : "been",
      "whiteSpace" : false
    }, {
      "id" : "s4-t10",
      "begin" : 479,
      "end" : 483,
      "text" : "able",
      "whiteSpace" : false
    }, {
      "id" : "s4-t11",
      "begin" : 484,
      "end" : 486,
      "text" : "to",
      "whiteSpace" : false
    }, {
      "id" : "s4-t12",
      "begin" : 487,
      "end" : 489,
      "text" : "do",
      "whiteSpace" : false
    }, {
      "id" : "s4-t13",
      "begin" : 490,
      "end" : 494,
      "text" : "this",
      "whiteSpace" : false
    }, {
      "id" : "s4-t14",
      "begin" : 495,
      "end" : 502,
      "text" : "without",
      "whiteSpace" : false
    }, {
      "id" : "s4-t15",
      "begin" : 503,
      "end" : 509,
      "text" : "paying",
      "whiteSpace" : false
    }, {
      "id" : "s4-t16",
      "begin" : 510,
      "end" : 513,
      "text" : "for",
      "whiteSpace" : false
    }, {
      "id" : "s4-t17",
      "begin" : 514,
      "end" : 516,
      "text" : "an",
      "whiteSpace" : false
    }, {
      "id" : "s4-t18",
      "begin" : 517,
      "end" : 527,
      "text" : "additional",
      "whiteSpace" : false
    }, {
      "id" : "s4-t19",
      "begin" : 528,
      "end" : 535,
      "text" : "service",
      "whiteSpace" : false
    }, {
      "id" : "s4-t20",
      "begin" : 535,
      "end" : 536,
      "text" : ".",
      "whiteSpace" : false
    } ]
  }, {
    "id" : "s5",
    "begin" : 537,
    "end" : 563,
    "text" : "My Phone will change this.",
    "tokens" : [ {
      "id" : "s5-t0",
      "begin" : 537,
      "end" : 539,
      "text" : "My",
      "whiteSpace" : false
    }, {
      "id" : "s5-t1",
      "begin" : 540,
      "end" : 545,
      "text" : "Phone",
      "whiteSpace" : false
    }, {
      "id" : "s5-t2",
      "begin" : 546,
      "end" : 550,
      "text" : "will",
      "whiteSpace" : false
    }, {
      "id" : "s5-t3",
      "begin" : 551,
      "end" : 557,
      "text" : "change",
      "whiteSpace" : false
    }, {
      "id" : "s5-t4",
      "begin" : 558,
      "end" : 562,
      "text" : "this",
      "whiteSpace" : false
    }, {
      "id" : "s5-t5",
      "begin" : 562,
      "end" : 563,
      "text" : ".",
      "whiteSpace" : false
    } ]
  }, {
    "id" : "s6",
    "begin" : 565,
    "end" : 648,
    "text" : "However, this upcoming service won't offer all the features of Exchange ActiveSync.",
    "tokens" : [ {
      "id" : "s6-t0",
      "begin" : 565,
      "end" : 572,
      "text" : "However",
      "whiteSpace" : false
    }, {
      "id" : "s6-t1",
      "begin" : 572,
      "end" : 573,
      "text" : ",",
      "whiteSpace" : false
    }, {
      "id" : "s6-t2",
      "begin" : 574,
      "end" : 578,
      "text" : "this",
      "whiteSpace" : false
    }, {
      "id" : "s6-t3",
      "begin" : 579,
      "end" : 587,
      "text" : "upcoming",
      "whiteSpace" : false
    }, {
      "id" : "s6-t4",
      "begin" : 588,
      "end" : 595,
      "text" : "service",
      "whiteSpace" : false
    }, {
      "id" : "s6-t5",
      "begin" : 596,
      "end" : 598,
      "text" : "wo",
      "whiteSpace" : false
    }, {
      "id" : "s6-t6",
      "begin" : 598,
      "end" : 601,
      "text" : "n't",
      "whiteSpace" : false
    }, {
      "id" : "s6-t7",
      "begin" : 602,
      "end" : 607,
      "text" : "offer",
      "whiteSpace" : false
    }, {
      "id" : "s6-t8",
      "begin" : 608,
      "end" : 611,
      "text" : "all",
      "whiteSpace" : false
    }, {
      "id" : "s6-t9",
      "begin" : 612,
      "end" : 615,
      "text" : "the",
      "whiteSpace" : false
    }, {
      "id" : "s6-t10",
      "begin" : 616,
      "end" : 624,
      "text" : "features",
      "whiteSpace" : false
    }, {
      "id" : "s6-t11",
      "begin" : 625,
      "end" : 627,
      "text" : "of",
      "whiteSpace" : false
    }, {
      "id" : "s6-t12",
      "begin" : 628,
      "end" : 636,
      "text" : "Exchange",
      "whiteSpace" : false
    }, {
      "id" : "s6-t13",
      "begin" : 637,
      "end" : 647,
      "text" : "ActiveSync",
      "whiteSpace" : false
    }, {
      "id" : "s6-t14",
      "begin" : 647,
      "end" : 648,
      "text" : ".",
      "whiteSpace" : false
    } ]
  }, {
    "id" : "s7",
    "begin" : 649,
    "end" : 707,
    "text" : "It will only synchronize calendar and contacts, not email.",
    "tokens" : [ {
      "id" : "s7-t0",
      "begin" : 649,
      "end" : 651,
      "text" : "It",
      "whiteSpace" : false
    }, {
      "id" : "s7-t1",
      "begin" : 652,
      "end" : 656,
      "text" : "will",
      "whiteSpace" : false
    }, {
      "id" : "s7-t2",
      "begin" : 657,
      "end" : 661,
      "text" : "only",
      "whiteSpace" : false
    }, {
      "id" : "s7-t3",
      "begin" : 662,
      "end" : 673,
      "text" : "synchronize",
      "whiteSpace" : false
    }, {
      "id" : "s7-t4",
      "begin" : 674,
      "end" : 682,
      "text" : "calendar",
      "whiteSpace" : false
    }, {
      "id" : "s7-t5",
      "begin" : 683,
      "end" : 686,
      "text" : "and",
      "whiteSpace" : false
    }, {
      "id" : "s7-t6",
      "begin" : 687,
      "end" : 695,
      "text" : "contacts",
      "whiteSpace" : false
    }, {
      "id" : "s7-t7",
      "begin" : 695,
      "end" : 696,
      "text" : ",",
      "whiteSpace" : false
    }, {
      "id" : "s7-t8",
      "begin" : 697,
      "end" : 700,
      "text" : "not",
      "whiteSpace" : false
    }, {
      "id" : "s7-t9",
      "begin" : 701,
      "end" : 706,
      "text" : "email",
      "whiteSpace" : false
    }, {
      "id" : "s7-t10",
      "begin" : 706,
      "end" : 707,
      "text" : ".",
      "whiteSpace" : false
    } ]
  }, {
    "id" : "s8",
    "begin" : 708,
    "end" : 823,
    "text" : "However, it will allow users to synchronize photos and other files, not something offered by the business software.",
    "tokens" : [ {
      "id" : "s8-t0",
      "begin" : 708,
      "end" : 715,
      "text" : "However",
      "whiteSpace" : false
    }, {
      "id" : "s8-t1",
      "begin" : 715,
      "end" : 716,
      "text" : ",",
      "whiteSpace" : false
    }, {
      "id" : "s8-t2",
      "begin" : 717,
      "end" : 719,
      "text" : "it",
      "whiteSpace" : false
    }, {
      "id" : "s8-t3",
      "begin" : 720,
      "end" : 724,
      "text" : "will",
      "whiteSpace" : false
    }, {
      "id" : "s8-t4",
      "begin" : 725,
      "end" : 730,
      "text" : "allow",
      "whiteSpace" : false
    }, {
      "id" : "s8-t5",
      "begin" : 731,
      "end" : 736,
      "text" : "users",
      "whiteSpace" : false
    }, {
      "id" : "s8-t6",
      "begin" : 737,
      "end" : 739,
      "text" : "to",
      "whiteSpace" : false
    }, {
      "id" : "s8-t7",
      "begin" : 740,
      "end" : 751,
      "text" : "synchronize",
      "whiteSpace" : false
    }, {
      "id" : "s8-t8",
      "begin" : 752,
      "end" : 758,
      "text" : "photos",
      "whiteSpace" : false
    }, {
      "id" : "s8-t9",
      "begin" : 759,
      "end" : 762,
      "text" : "and",
      "whiteSpace" : false
    }, {
      "id" : "s8-t10",
      "begin" : 763,
      "end" : 768,
      "text" : "other",
      "whiteSpace" : false
    }, {
      "id" : "s8-t11",
      "begin" : 769,
      "end" : 774,
      "text" : "files",
      "whiteSpace" : false
    }, {
      "id" : "s8-t12",
      "begin" : 774,
      "end" : 775,
      "text" : ",",
      "whiteSpace" : false
    }, {
      "id" : "s8-t13",
      "begin" : 776,
      "end" : 779,
      "text" : "not",
      "whiteSpace" : false
    }, {
      "id" : "s8-t14",
      "begin" : 780,
      "end" : 789,
      "text" : "something",
      "whiteSpace" : false
    }, {
      "id" : "s8-t15",
      "begin" : 790,
      "end" : 797,
      "text" : "offered",
      "whiteSpace" : false
    }, {
      "id" : "s8-t16",
      "begin" : 798,
      "end" : 800,
      "text" : "by",
      "whiteSpace" : false
    }, {
      "id" : "s8-t17",
      "begin" : 801,
      "end" : 804,
      "text" : "the",
      "whiteSpace" : false
    }, {
      "id" : "s8-t18",
      "begin" : 805,
      "end" : 813,
      "text" : "business",
      "whiteSpace" : false
    }, {
      "id" : "s8-t19",
      "begin" : 814,
      "end" : 822,
      "text" : "software",
      "whiteSpace" : false
    }, {
      "id" : "s8-t20",
      "begin" : 822,
      "end" : 823,
      "text" : ".",
      "whiteSpace" : false
    } ]
  }, {
    "id" : "s9",
    "begin" : 825,
    "end" : 924,
    "text" : "In addition, My Phone users will be able to go to a web site and access their personal information.",
    "tokens" : [ {
      "id" : "s9-t0",
      "begin" : 825,
      "end" : 827,
      "text" : "In",
      "whiteSpace" : false
    }, {
      "id" : "s9-t1",
      "begin" : 828,
      "end" : 836,
      "text" : "addition",
      "whiteSpace" : false
    }, {
      "id" : "s9-t2",
      "begin" : 836,
      "end" : 837,
      "text" : ",",
      "whiteSpace" : false
    }, {
      "id" : "s9-t3",
      "begin" : 838,
      "end" : 840,
      "text" : "My",
      "whiteSpace" : false
    }, {
      "id" : "s9-t4",
      "begin" : 841,
      "end" : 846,
      "text" : "Phone",
      "whiteSpace" : false
    }, {
      "id" : "s9-t5",
      "begin" : 847,
      "end" : 852,
      "text" : "users",
      "whiteSpace" : false
    }, {
      "id" : "s9-t6",
      "begin" : 853,
      "end" : 857,
      "text" : "will",
      "whiteSpace" : false
    }, {
      "id" : "s9-t7",
      "begin" : 858,
      "end" : 860,
      "text" : "be",
      "whiteSpace" : false
    }, {
      "id" : "s9-t8",
      "begin" : 861,
      "end" : 865,
      "text" : "able",
      "whiteSpace" : false
    }, {
      "id" : "s9-t9",
      "begin" : 866,
      "end" : 868,
      "text" : "to",
      "whiteSpace" : false
    }, {
      "id" : "s9-t10",
      "begin" : 869,
      "end" : 871,
      "text" : "go",
      "whiteSpace" : false
    }, {
      "id" : "s9-t11",
      "begin" : 872,
      "end" : 874,
      "text" : "to",
      "whiteSpace" : false
    }, {
      "id" : "s9-t12",
      "begin" : 875,
      "end" : 876,
      "text" : "a",
      "whiteSpace" : false
    }, {
      "id" : "s9-t13",
      "begin" : 877,
      "end" : 880,
      "text" : "web",
      "whiteSpace" : false
    }, {
      "id" : "s9-t14",
      "begin" : 881,
      "end" : 885,
      "text" : "site",
      "whiteSpace" : false
    }, {
      "id" : "s9-t15",
      "begin" : 886,
      "end" : 889,
      "text" : "and",
      "whiteSpace" : false
    }, {
      "id" : "s9-t16",
      "begin" : 890,
      "end" : 896,
      "text" : "access",
      "whiteSpace" : false
    }, {
      "id" : "s9-t17",
      "begin" : 897,
      "end" : 902,
      "text" : "their",
      "whiteSpace" : false
    }, {
      "id" : "s9-t18",
      "begin" : 903,
      "end" : 911,
      "text" : "personal",
      "whiteSpace" : false
    }, {
      "id" : "s9-t19",
      "begin" : 912,
      "end" : 923,
      "text" : "information",
      "whiteSpace" : false
    }, {
      "id" : "s9-t20",
      "begin" : 923,
      "end" : 924,
      "text" : ".",
      "whiteSpace" : false
    } ]
  }, {
    "id" : "s10",
    "begin" : 925,
    "end" : 1038,
    "text" : "They will be able to make changes and these will be reflected on their smartphone the next time they synchronize.",
    "tokens" : [ {
      "id" : "s10-t0",
      "begin" : 925,
      "end" : 929,
      "text" : "They",
      "whiteSpace" : false
    }, {
      "id" : "s10-t1",
      "begin" : 930,
      "end" : 934,
      "text" : "will",
      "whiteSpace" : false
    }, {
      "id" : "s10-t2",
      "begin" : 935,
      "end" : 937,
      "text" : "be",
      "whiteSpace" : false
    }, {
      "id" : "s10-t3",
      "begin" : 938,
      "end" : 942,
      "text" : "able",
      "whiteSpace" : false
    }, {
      "id" : "s10-t4",
      "begin" : 943,
      "end" : 945,
      "text" : "to",
      "whiteSpace" : false
    }, {
      "id" : "s10-t5",
      "begin" : 946,
      "end" : 950,
      "text" : "make",
      "whiteSpace" : false
    }, {
      "id" : "s10-t6",
      "begin" : 951,
      "end" : 958,
      "text" : "changes",
      "whiteSpace" : false
    }, {
      "id" : "s10-t7",
      "begin" : 959,
      "end" : 962,
      "text" : "and",
      "whiteSpace" : false
    }, {
      "id" : "s10-t8",
      "begin" : 963,
      "end" : 968,
      "text" : "these",
      "whiteSpace" : false
    }, {
      "id" : "s10-t9",
      "begin" : 969,
      "end" : 973,
      "text" : "will",
      "whiteSpace" : false
    }, {
      "id" : "s10-t10",
      "begin" : 974,
      "end" : 976,
      "text" : "be",
      "whiteSpace" : false
    }, {
      "id" : "s10-t11",
      "begin" : 977,
      "end" : 986,
      "text" : "reflected",
      "whiteSpace" : false
    }, {
      "id" : "s10-t12",
      "begin" : 987,
      "end" : 989,
      "text" : "on",
      "whiteSpace" : false
    }, {
      "id" : "s10-t13",
      "begin" : 990,
      "end" : 995,
      "text" : "their",
      "whiteSpace" : false
    }, {
      "id" : "s10-t14",
      "begin" : 996,
      "end" : 1006,
      "text" : "smartphone",
      "whiteSpace" : false
    }, {
      "id" : "s10-t15",
      "begin" : 1007,
      "end" : 1010,
      "text" : "the",
      "whiteSpace" : false
    }, {
      "id" : "s10-t16",
      "begin" : 1011,
      "end" : 1015,
      "text" : "next",
      "whiteSpace" : false
    }, {
      "id" : "s10-t17",
      "begin" : 1016,
      "end" : 1020,
      "text" : "time",
      "whiteSpace" : false
    }, {
      "id" : "s10-t18",
      "begin" : 1021,
      "end" : 1025,
      "text" : "they",
      "whiteSpace" : false
    }, {
      "id" : "s10-t19",
      "begin" : 1026,
      "end" : 1037,
      "text" : "synchronize",
      "whiteSpace" : false
    }, {
      "id" : "s10-t20",
      "begin" : 1037,
      "end" : 1038,
      "text" : ".",
      "whiteSpace" : false
    } ]
  }, {
    "id" : "s11",
    "begin" : 1039,
    "end" : 1141,
    "text" : "In another difference from Exchange ActiveSync, changes won't sync immediately, but only once per day.",
    "tokens" : [ {
      "id" : "s11-t0",
      "begin" : 1039,
      "end" : 1041,
      "text" : "In",
      "whiteSpace" : false
    }, {
      "id" : "s11-t1",
      "begin" : 1042,
      "end" : 1049,
      "text" : "another",
      "whiteSpace" : false
    }, {
      "id" : "s11-t2",
      "begin" : 1050,
      "end" : 1060,
      "text" : "difference",
      "whiteSpace" : false
    }, {
      "id" : "s11-t3",
      "begin" : 1061,
      "end" : 1065,
      "text" : "from",
      "whiteSpace" : false
    }, {
      "id" : "s11-t4",
      "begin" : 1066,
      "end" : 1074,
      "text" : "Exchange",
      "whiteSpace" : false
    }, {
      "id" : "s11-t5",
      "begin" : 1075,
      "end" : 1085,
      "text" : "ActiveSync",
      "whiteSpace" : false
    }, {
      "id" : "s11-t6",
      "begin" : 1085,
      "end" : 1086,
      "text" : ",",
      "whiteSpace" : false
    }, {
      "id" : "s11-t7",
      "begin" : 1087,
      "end" : 1094,
      "text" : "changes",
      "whiteSpace" : false
    }, {
      "id" : "s11-t8",
      "begin" : 1095,
      "end" : 1097,
      "text" : "wo",
      "whiteSpace" : false
    }, {
      "id" : "s11-t9",
      "begin" : 1097,
      "end" : 1100,
      "text" : "n't",
      "whiteSpace" : false
    }, {
      "id" : "s11-t10",
      "begin" : 1101,
      "end" : 1105,
      "text" : "sync",
      "whiteSpace" : false
    }, {
      "id" : "s11-t11",
      "begin" : 1106,
      "end" : 1117,
      "text" : "immediately",
      "whiteSpace" : false
    }, {
      "id" : "s11-t12",
      "begin" : 1117,
      "end" : 1118,
      "text" : ",",
      "whiteSpace" : false
    }, {
      "id" : "s11-t13",
      "begin" : 1119,
      "end" : 1122,
      "text" : "but",
      "whiteSpace" : false
    }, {
      "id" : "s11-t14",
      "begin" : 1123,
      "end" : 1127,
      "text" : "only",
      "whiteSpace" : false
    }, {
      "id" : "s11-t15",
      "begin" : 1128,
      "end" : 1132,
      "text" : "once",
      "whiteSpace" : false
    }, {
      "id" : "s11-t16",
      "begin" : 1133,
      "end" : 1136,
      "text" : "per",
      "whiteSpace" : false
    }, {
      "id" : "s11-t17",
      "begin" : 1137,
      "end" : 1140,
      "text" : "day",
      "whiteSpace" : false
    }, {
      "id" : "s11-t18",
      "begin" : 1140,
      "end" : 1141,
      "text" : ".",
      "whiteSpace" : false
    } ]
  }, {
    "id" : "s12",
    "begin" : 1143,
    "end" : 1281,
    "text" : "As Microsoft's own words:\r\rMicrosoft My Phone syncs information on your mobile phone to a storage space on a web site hosted by Microsoft.",
    "tokens" : [ {
      "id" : "s12-t0",
      "begin" : 1143,
      "end" : 1145,
      "text" : "As",
      "whiteSpace" : false
    }, {
      "id" : "s12-t1",
      "begin" : 1146,
      "end" : 1155,
      "text" : "Microsoft",
      "whiteSpace" : false
    }, {
      "id" : "s12-t2",
      "begin" : 1155,
      "end" : 1157,
      "text" : "'s",
      "whiteSpace" : false
    }, {
      "id" : "s12-t3",
      "begin" : 1158,
      "end" : 1161,
      "text" : "own",
      "whiteSpace" : false
    }, {
      "id" : "s12-t4",
      "begin" : 1162,
      "end" : 1167,
      "text" : "words",
      "whiteSpace" : false
    }, {
      "id" : "s12-t5",
      "begin" : 1167,
      "end" : 1168,
      "text" : ":",
      "whiteSpace" : false
    }, {
      "id" : "s12-t6",
      "begin" : 1170,
      "end" : 1179,
      "text" : "Microsoft",
      "whiteSpace" : false
    }, {
      "id" : "s12-t7",
      "begin" : 1180,
      "end" : 1182,
      "text" : "My",
      "whiteSpace" : false
    }, {
      "id" : "s12-t8",
      "begin" : 1183,
      "end" : 1188,
      "text" : "Phone",
      "whiteSpace" : false
    }, {
      "id" : "s12-t9",
      "begin" : 1189,
      "end" : 1194,
      "text" : "syncs",
      "whiteSpace" : false
    }, {
      "id" : "s12-t10",
      "begin" : 1195,
      "end" : 1206,
      "text" : "information",
      "whiteSpace" : false
    }, {
      "id" : "s12-t11",
      "begin" : 1207,
      "end" : 1209,
      "text" : "on",
      "whiteSpace" : false
    }, {
      "id" : "s12-t12",
      "begin" : 1210,
      "end" : 1214,
      "text" : "your",
      "whiteSpace" : false
    }, {
      "id" : "s12-t13",
      "begin" : 1215,
      "end" : 1221,
      "text" : "mobile",
      "whiteSpace" : false
    }, {
      "id" : "s12-t14",
      "begin" : 1222,
      "end" : 1227,
      "text" : "phone",
      "whiteSpace" : false
    }, {
      "id" : "s12-t15",
      "begin" : 1228,
      "end" : 1230,
      "text" : "to",
      "whiteSpace" : false
    }, {
      "id" : "s12-t16",
      "begin" : 1231,
      "end" : 1232,
      "text" : "a",
      "whiteSpace" : false
    }, {
      "id" : "s12-t17",
      "begin" : 1233,
      "end" : 1240,
      "text" : "storage",
      "whiteSpace" : false
    }, {
      "id" : "s12-t18",
      "begin" : 1241,
      "end" : 1246,
      "text" : "space",
      "whiteSpace" : false
    }, {
      "id" : "s12-t19",
      "begin" : 1247,
      "end" : 1249,
      "text" : "on",
      "whiteSpace" : false
    }, {
      "id" : "s12-t20",
      "begin" : 1250,
      "end" : 1251,
      "text" : "a",
      "whiteSpace" : false
    }, {
      "id" : "s12-t21",
      "begin" : 1252,
      "end" : 1255,
      "text" : "web",
      "whiteSpace" : false
    }, {
      "id" : "s12-t22",
      "begin" : 1256,
      "end" : 1260,
      "text" : "site",
      "whiteSpace" : false
    }, {
      "id" : "s12-t23",
      "begin" : 1261,
      "end" : 1267,
      "text" : "hosted",
      "whiteSpace" : false
    }, {
      "id" : "s12-t24",
      "begin" : 1268,
      "end" : 1270,
      "text" : "by",
      "whiteSpace" : false
    }, {
      "id" : "s12-t25",
      "begin" : 1271,
      "end" : 1280,
      "text" : "Microsoft",
      "whiteSpace" : false
    }, {
      "id" : "s12-t26",
      "begin" : 1280,
      "end" : 1281,
      "text" : ".",
      "whiteSpace" : false
    } ]
  }, {
    "id" : "s13",
    "begin" : 1282,
    "end" : 1508,
    "text" : "If your phone is lost or stolen, or if you upgrade to a new phone, you can easily restore the contacts, calendar appointments, photos, and other information that you stored on My Phone to a compatible new or replacement phone.",
    "tokens" : [ {
      "id" : "s13-t0",
      "begin" : 1282,
      "end" : 1284,
      "text" : "If",
      "whiteSpace" : false
    }, {
      "id" : "s13-t1",
      "begin" : 1285,
      "end" : 1289,
      "text" : "your",
      "whiteSpace" : false
    }, {
      "id" : "s13-t2",
      "begin" : 1290,
      "end" : 1295,
      "text" : "phone",
      "whiteSpace" : false
    }, {
      "id" : "s13-t3",
      "begin" : 1296,
      "end" : 1298,
      "text" : "is",
      "whiteSpace" : false
    }, {
      "id" : "s13-t4",
      "begin" : 1299,
      "end" : 1303,
      "text" : "lost",
      "whiteSpace" : false
    }, {
      "id" : "s13-t5",
      "begin" : 1304,
      "end" : 1306,
      "text" : "or",
      "whiteSpace" : false
    }, {
      "id" : "s13-t6",
      "begin" : 1307,
      "end" : 1313,
      "text" : "stolen",
      "whiteSpace" : false
    }, {
      "id" : "s13-t7",
      "begin" : 1313,
      "end" : 1314,
      "text" : ",",
      "whiteSpace" : false
    }, {
      "id" : "s13-t8",
      "begin" : 1315,
      "end" : 1317,
      "text" : "or",
      "whiteSpace" : false
    }, {
      "id" : "s13-t9",
      "begin" : 1318,
      "end" : 1320,
      "text" : "if",
      "whiteSpace" : false
    }, {
      "id" : "s13-t10",
      "begin" : 1321,
      "end" : 1324,
      "text" : "you",
      "whiteSpace" : false
    }, {
      "id" : "s13-t11",
      "begin" : 1325,
      "end" : 1332,
      "text" : "upgrade",
      "whiteSpace" : false
    }, {
      "id" : "s13-t12",
      "begin" : 1333,
      "end" : 1335,
      "text" : "to",
      "whiteSpace" : false
    }, {
      "id" : "s13-t13",
      "begin" : 1336,
      "end" : 1337,
      "text" : "a",
      "whiteSpace" : false
    }, {
      "id" : "s13-t14",
      "begin" : 1338,
      "end" : 1341,
      "text" : "new",
      "whiteSpace" : false
    }, {
      "id" : "s13-t15",
      "begin" : 1342,
      "end" : 1347,
      "text" : "phone",
      "whiteSpace" : false
    }, {
      "id" : "s13-t16",
      "begin" : 1347,
      "end" : 1348,
      "text" : ",",
      "whiteSpace" : false
    }, {
      "id" : "s13-t17",
      "begin" : 1349,
      "end" : 1352,
      "text" : "you",
      "whiteSpace" : false
    }, {
      "id" : "s13-t18",
      "begin" : 1353,
      "end" : 1356,
      "text" : "can",
      "whiteSpace" : false
    }, {
      "id" : "s13-t19",
      "begin" : 1357,
      "end" : 1363,
      "text" : "easily",
      "whiteSpace" : false
    }, {
      "id" : "s13-t20",
      "begin" : 1364,
      "end" : 1371,
      "text" : "restore",
      "whiteSpace" : false
    }, {
      "id" : "s13-t21",
      "begin" : 1372,
      "end" : 1375,
      "text" : "the",
      "whiteSpace" : false
    }, {
      "id" : "s13-t22",
      "begin" : 1376,
      "end" : 1384,
      "text" : "contacts",
      "whiteSpace" : false
    }, {
      "id" : "s13-t23",
      "begin" : 1384,
      "end" : 1385,
      "text" : ",",
      "whiteSpace" : false
    }, {
      "id" : "s13-t24",
      "begin" : 1386,
      "end" : 1394,
      "text" : "calendar",
      "whiteSpace" : false
    }, {
      "id" : "s13-t25",
      "begin" : 1395,
      "end" : 1407,
      "text" : "appointments",
      "whiteSpace" : false
    }, {
      "id" : "s13-t26",
      "begin" : 1407,
      "end" : 1408,
      "text" : ",",
      "whiteSpace" : false
    }, {
      "id" : "s13-t27",
      "begin" : 1409,
      "end" : 1415,
      "text" : "photos",
      "whiteSpace" : false
    }, {
      "id" : "s13-t28",
      "begin" : 1415,
      "end" : 1416,
      "text" : ",",
      "whiteSpace" : false
    }, {
      "id" : "s13-t29",
      "begin" : 1417,
      "end" : 1420,
      "text" : "and",
      "whiteSpace" : false
    }, {
      "id" : "s13-t30",
      "begin" : 1421,
      "end" : 1426,
      "text" : "other",
      "whiteSpace" : false
    }, {
      "id" : "s13-t31",
      "begin" : 1427,
      "end" : 1438,
      "text" : "information",
      "whiteSpace" : false
    }, {
      "id" : "s13-t32",
      "begin" : 1439,
      "end" : 1443,
      "text" : "that",
      "whiteSpace" : false
    }, {
      "id" : "s13-t33",
      "begin" : 1444,
      "end" : 1447,
      "text" : "you",
      "whiteSpace" : false
    }, {
      "id" : "s13-t34",
      "begin" : 1448,
      "end" : 1454,
      "text" : "stored",
      "whiteSpace" : false
    }, {
      "id" : "s13-t35",
      "begin" : 1455,
      "end" : 1457,
      "text" : "on",
      "whiteSpace" : false
    }, {
      "id" : "s13-t36",
      "begin" : 1458,
      "end" : 1460,
      "text" : "My",
      "whiteSpace" : false
    }, {
      "id" : "s13-t37",
      "begin" : 1461,
      "end" : 1466,
      "text" : "Phone",
      "whiteSpace" : false
    }, {
      "id" : "s13-t38",
      "begin" : 1467,
      "end" : 1469,
      "text" : "to",
      "whiteSpace" : false
    }, {
      "id" : "s13-t39",
      "begin" : 1470,
      "end" : 1471,
      "text" : "a",
      "whiteSpace" : false
    }, {
      "id" : "s13-t40",
      "begin" : 1472,
      "end" : 1482,
      "text" : "compatible",
      "whiteSpace" : false
    }, {
      "id" : "s13-t41",
      "begin" : 1483,
      "end" : 1486,
      "text" : "new",
      "whiteSpace" : false
    }, {
      "id" : "s13-t42",
      "begin" : 1487,
      "end" : 1489,
      "text" : "or",
      "whiteSpace" : false
    }, {
      "id" : "s13-t43",
      "begin" : 1490,
      "end" : 1501,
      "text" : "replacement",
      "whiteSpace" : false
    }, {
      "id" : "s13-t44",
      "begin" : 1502,
      "end" : 1507,
      "text" : "phone",
      "whiteSpace" : false
    }, {
      "id" : "s13-t45",
      "begin" : 1507,
      "end" : 1508,
      "text" : ".",
      "whiteSpace" : false
    } ]
  }, {
    "id" : "s14",
    "begin" : 1510,
    "end" : 1601,
    "text" : "Microsoft My Phone enables you to view and manage phone information by using a web browser.",
    "tokens" : [ {
      "id" : "s14-t0",
      "begin" : 1510,
      "end" : 1519,
      "text" : "Microsoft",
      "whiteSpace" : false
    }, {
      "id" : "s14-t1",
      "begin" : 1520,
      "end" : 1522,
      "text" : "My",
      "whiteSpace" : false
    }, {
      "id" : "s14-t2",
      "begin" : 1523,
      "end" : 1528,
      "text" : "Phone",
      "whiteSpace" : false
    }, {
      "id" : "s14-t3",
      "begin" : 1529,
      "end" : 1536,
      "text" : "enables",
      "whiteSpace" : false
    }, {
      "id" : "s14-t4",
      "begin" : 1537,
      "end" : 1540,
      "text" : "you",
      "whiteSpace" : false
    }, {
      "id" : "s14-t5",
      "begin" : 1541,
      "end" : 1543,
      "text" : "to",
      "whiteSpace" : false
    }, {
      "id" : "s14-t6",
      "begin" : 1544,
      "end" : 1548,
      "text" : "view",
      "whiteSpace" : false
    }, {
      "id" : "s14-t7",
      "begin" : 1549,
      "end" : 1552,
      "text" : "and",
      "whiteSpace" : false
    }, {
      "id" : "s14-t8",
      "begin" : 1553,
      "end" : 1559,
      "text" : "manage",
      "whiteSpace" : false
    }, {
      "id" : "s14-t9",
      "begin" : 1560,
      "end" : 1565,
      "text" : "phone",
      "whiteSpace" : false
    }, {
      "id" : "s14-t10",
      "begin" : 1566,
      "end" : 1577,
      "text" : "information",
      "whiteSpace" : false
    }, {
      "id" : "s14-t11",
      "begin" : 1578,
      "end" : 1580,
      "text" : "by",
      "whiteSpace" : false
    }, {
      "id" : "s14-t12",
      "begin" : 1581,
      "end" : 1586,
      "text" : "using",
      "whiteSpace" : false
    }, {
      "id" : "s14-t13",
      "begin" : 1587,
      "end" : 1588,
      "text" : "a",
      "whiteSpace" : false
    }, {
      "id" : "s14-t14",
      "begin" : 1589,
      "end" : 1592,
      "text" : "web",
      "whiteSpace" : false
    }, {
      "id" : "s14-t15",
      "begin" : 1593,
      "end" : 1600,
      "text" : "browser",
      "whiteSpace" : false
    }, {
      "id" : "s14-t16",
      "begin" : 1600,
      "end" : 1601,
      "text" : ".",
      "whiteSpace" : false
    } ]
  }, {
    "id" : "s15",
    "begin" : 1602,
    "end" : 1759,
    "text" : "In your web account, you can add, edit, and delete contacts and calendar appointments, and the changes will appear on your phone the next time that you sync.",
    "tokens" : [ {
      "id" : "s15-t0",
      "begin" : 1602,
      "end" : 1604,
      "text" : "In",
      "whiteSpace" : false
    }, {
      "id" : "s15-t1",
      "begin" : 1605,
      "end" : 1609,
      "text" : "your",
      "whiteSpace" : false
    }, {
      "id" : "s15-t2",
      "begin" : 1610,
      "end" : 1613,
      "text" : "web",
      "whiteSpace" : false
    }, {
      "id" : "s15-t3",
      "begin" : 1614,
      "end" : 1621,
      "text" : "account",
      "whiteSpace" : false
    }, {
      "id" : "s15-t4",
      "begin" : 1621,
      "end" : 1622,
      "text" : ",",
      "whiteSpace" : false
    }, {
      "id" : "s15-t5",
      "begin" : 1623,
      "end" : 1626,
      "text" : "you",
      "whiteSpace" : false
    }, {
      "id" : "s15-t6",
      "begin" : 1627,
      "end" : 1630,
      "text" : "can",
      "whiteSpace" : false
    }, {
      "id" : "s15-t7",
      "begin" : 1631,
      "end" : 1634,
      "text" : "add",
      "whiteSpace" : false
    }, {
      "id" : "s15-t8",
      "begin" : 1634,
      "end" : 1635,
      "text" : ",",
      "whiteSpace" : false
    }, {
      "id" : "s15-t9",
      "begin" : 1636,
      "end" : 1640,
      "text" : "edit",
      "whiteSpace" : false
    }, {
      "id" : "s15-t10",
      "begin" : 1640,
      "end" : 1641,
      "text" : ",",
      "whiteSpace" : false
    }, {
      "id" : "s15-t11",
      "begin" : 1642,
      "end" : 1645,
      "text" : "and",
      "whiteSpace" : false
    }, {
      "id" : "s15-t12",
      "begin" : 1646,
      "end" : 1652,
      "text" : "delete",
      "whiteSpace" : false
    }, {
      "id" : "s15-t13",
      "begin" : 1653,
      "end" : 1661,
      "text" : "contacts",
      "whiteSpace" : false
    }, {
      "id" : "s15-t14",
      "begin" : 1662,
      "end" : 1665,
      "text" : "and",
      "whiteSpace" : false
    }, {
      "id" : "s15-t15",
      "begin" : 1666,
      "end" : 1674,
      "text" : "calendar",
      "whiteSpace" : false
    }, {
      "id" : "s15-t16",
      "begin" : 1675,
      "end" : 1687,
      "text" : "appointments",
      "whiteSpace" : false
    }, {
      "id" : "s15-t17",
      "begin" : 1687,
      "end" : 1688,
      "text" : ",",
      "whiteSpace" : false
    }, {
      "id" : "s15-t18",
      "begin" : 1689,
      "end" : 1692,
      "text" : "and",
      "whiteSpace" : false
    }, {
      "id" : "s15-t19",
      "begin" : 1693,
      "end" : 1696,
      "text" : "the",
      "whiteSpace" : false
    }, {
      "id" : "s15-t20",
      "begin" : 1697,
      "end" : 1704,
      "text" : "changes",
      "whiteSpace" : false
    }, {
      "id" : "s15-t21",
      "begin" : 1705,
      "end" : 1709,
      "text" : "will",
      "whiteSpace" : false
    }, {
      "id" : "s15-t22",
      "begin" : 1710,
      "end" : 1716,
      "text" : "appear",
      "whiteSpace" : false
    }, {
      "id" : "s15-t23",
      "begin" : 1717,
      "end" : 1719,
      "text" : "on",
      "whiteSpace" : false
    }, {
      "id" : "s15-t24",
      "begin" : 1720,
      "end" : 1724,
      "text" : "your",
      "whiteSpace" : false
    }, {
      "id" : "s15-t25",
      "begin" : 1725,
      "end" : 1730,
      "text" : "phone",
      "whiteSpace" : false
    }, {
      "id" : "s15-t26",
      "begin" : 1731,
      "end" : 1734,
      "text" : "the",
      "whiteSpace" : false
    }, {
      "id" : "s15-t27",
      "begin" : 1735,
      "end" : 1739,
      "text" : "next",
      "whiteSpace" : false
    }, {
      "id" : "s15-t28",
      "begin" : 1740,
      "end" : 1744,
      "text" : "time",
      "whiteSpace" : false
    }, {
      "id" : "s15-t29",
      "begin" : 1745,
      "end" : 1749,
      "text" : "that",
      "whiteSpace" : false
    }, {
      "id" : "s15-t30",
      "begin" : 1750,
      "end" : 1753,
      "text" : "you",
      "whiteSpace" : false
    }, {
      "id" : "s15-t31",
      "begin" : 1754,
      "end" : 1758,
      "text" : "sync",
      "whiteSpace" : false
    }, {
      "id" : "s15-t32",
      "begin" : 1758,
      "end" : 1759,
      "text" : ".",
      "whiteSpace" : false
    } ]
  }, {
    "id" : "s16",
    "begin" : 1761,
    "end" : 1861,
    "text" : "The service is going to be free, and will be compatible with most devices running Windows Mobile 6+.",
    "tokens" : [ {
      "id" : "s16-t0",
      "begin" : 1761,
      "end" : 1764,
      "text" : "The",
      "whiteSpace" : false
    }, {
      "id" : "s16-t1",
      "begin" : 1765,
      "end" : 1772,
      "text" : "service",
      "whiteSpace" : false
    }, {
      "id" : "s16-t2",
      "begin" : 1773,
      "end" : 1775,
      "text" : "is",
      "whiteSpace" : false
    }, {
      "id" : "s16-t3",
      "begin" : 1776,
      "end" : 1781,
      "text" : "going",
      "whiteSpace" : false
    }, {
      "id" : "s16-t4",
      "begin" : 1782,
      "end" : 1784,
      "text" : "to",
      "whiteSpace" : false
    }, {
      "id" : "s16-t5",
      "begin" : 1785,
      "end" : 1787,
      "text" : "be",
      "whiteSpace" : false
    }, {
      "id" : "s16-t6",
      "begin" : 1788,
      "end" : 1792,
      "text" : "free",
      "whiteSpace" : false
    }, {
      "id" : "s16-t7",
      "begin" : 1792,
      "end" : 1793,
      "text" : ",",
      "whiteSpace" : false
    }, {
      "id" : "s16-t8",
      "begin" : 1794,
      "end" : 1797,
      "text" : "and",
      "whiteSpace" : false
    }, {
      "id" : "s16-t9",
      "begin" : 1798,
      "end" : 1802,
      "text" : "will",
      "whiteSpace" : false
    }, {
      "id" : "s16-t10",
      "begin" : 1803,
      "end" : 1805,
      "text" : "be",
      "whiteSpace" : false
    }, {
      "id" : "s16-t11",
      "begin" : 1806,
      "end" : 1816,
      "text" : "compatible",
      "whiteSpace" : false
    }, {
      "id" : "s16-t12",
      "begin" : 1817,
      "end" : 1821,
      "text" : "with",
      "whiteSpace" : false
    }, {
      "id" : "s16-t13",
      "begin" : 1822,
      "end" : 1826,
      "text" : "most",
      "whiteSpace" : false
    }, {
      "id" : "s16-t14",
      "begin" : 1827,
      "end" : 1834,
      "text" : "devices",
      "whiteSpace" : false
    }, {
      "id" : "s16-t15",
      "begin" : 1835,
      "end" : 1842,
      "text" : "running",
      "whiteSpace" : false
    }, {
      "id" : "s16-t16",
      "begin" : 1843,
      "end" : 1850,
      "text" : "Windows",
      "whiteSpace" : false
    }, {
      "id" : "s16-t17",
      "begin" : 1851,
      "end" : 1857,
      "text" : "Mobile",
      "whiteSpace" : false
    }, {
      "id" : "s16-t18",
      "begin" : 1858,
      "end" : 1859,
      "text" : "6",
      "whiteSpace" : false
    }, {
      "id" : "s16-t19",
      "begin" : 1859,
      "end" : 1860,
      "text" : "+",
      "whiteSpace" : false
    }, {
      "id" : "s16-t20",
      "begin" : 1860,
      "end" : 1861,
      "text" : ".",
      "whiteSpace" : false
    } ]
  }, {
    "id" : "s17",
    "begin" : 1863,
    "end" : 1976,
    "text" : "This is apparently a confirmation of the earlier rumors about 'Skybox', as the URL for My Phone is getskybox.com.",
    "tokens" : [ {
      "id" : "s17-t0",
      "begin" : 1863,
      "end" : 1867,
      "text" : "This",
      "whiteSpace" : false
    }, {
      "id" : "s17-t1",
      "begin" : 1868,
      "end" : 1870,
      "text" : "is",
      "whiteSpace" : false
    }, {
      "id" : "s17-t2",
      "begin" : 1871,
      "end" : 1881,
      "text" : "apparently",
      "whiteSpace" : false
    }, {
      "id" : "s17-t3",
      "begin" : 1882,
      "end" : 1883,
      "text" : "a",
      "whiteSpace" : false
    }, {
      "id" : "s17-t4",
      "begin" : 1884,
      "end" : 1896,
      "text" : "confirmation",
      "whiteSpace" : false
    }, {
      "id" : "s17-t5",
      "begin" : 1897,
      "end" : 1899,
      "text" : "of",
      "whiteSpace" : false
    }, {
      "id" : "s17-t6",
      "begin" : 1900,
      "end" : 1903,
      "text" : "the",
      "whiteSpace" : false
    }, {
      "id" : "s17-t7",
      "begin" : 1904,
      "end" : 1911,
      "text" : "earlier",
      "whiteSpace" : false
    }, {
      "id" : "s17-t8",
      "begin" : 1912,
      "end" : 1918,
      "text" : "rumors",
      "whiteSpace" : false
    }, {
      "id" : "s17-t9",
      "begin" : 1919,
      "end" : 1924,
      "text" : "about",
      "whiteSpace" : false
    }, {
      "id" : "s17-t10",
      "begin" : 1925,
      "end" : 1926,
      "text" : "'",
      "whiteSpace" : false
    }, {
      "id" : "s17-t11",
      "begin" : 1926,
      "end" : 1932,
      "text" : "Skybox",
      "whiteSpace" : false
    }, {
      "id" : "s17-t12",
      "begin" : 1932,
      "end" : 1933,
      "text" : "'",
      "whiteSpace" : false
    }, {
      "id" : "s17-t13",
      "begin" : 1933,
      "end" : 1934,
      "text" : ",",
      "whiteSpace" : false
    }, {
      "id" : "s17-t14",
      "begin" : 1935,
      "end" : 1937,
      "text" : "as",
      "whiteSpace" : false
    }, {
      "id" : "s17-t15",
      "begin" : 1938,
      "end" : 1941,
      "text" : "the",
      "whiteSpace" : false
    }, {
      "id" : "s17-t16",
      "begin" : 1942,
      "end" : 1945,
      "text" : "URL",
      "whiteSpace" : false
    }, {
      "id" : "s17-t17",
      "begin" : 1946,
      "end" : 1949,
      "text" : "for",
      "whiteSpace" : false
    }, {
      "id" : "s17-t18",
      "begin" : 1950,
      "end" : 1952,
      "text" : "My",
      "whiteSpace" : false
    }, {
      "id" : "s17-t19",
      "begin" : 1953,
      "end" : 1958,
      "text" : "Phone",
      "whiteSpace" : false
    }, {
      "id" : "s17-t20",
      "begin" : 1959,
      "end" : 1961,
      "text" : "is",
      "whiteSpace" : false
    }, {
      "id" : "s17-t21",
      "begin" : 1962,
      "end" : 1975,
      "text" : "getskybox.com",
      "whiteSpace" : false
    }, {
      "id" : "s17-t22",
      "begin" : 1975,
      "end" : 1976,
      "text" : ".",
      "whiteSpace" : false
    } ]
  }, {
    "id" : "s18",
    "begin" : 1978,
    "end" : 2124,
    "text" : "According to unconfirmed reports, the official announcement of this service will be at the Mobile World Congress (MWC) tradeshow later this month.",
    "tokens" : [ {
      "id" : "s18-t0",
      "begin" : 1978,
      "end" : 1987,
      "text" : "According",
      "whiteSpace" : false
    }, {
      "id" : "s18-t1",
      "begin" : 1988,
      "end" : 1990,
      "text" : "to",
      "whiteSpace" : false
    }, {
      "id" : "s18-t2",
      "begin" : 1991,
      "end" : 2002,
      "text" : "unconfirmed",
      "whiteSpace" : false
    }, {
      "id" : "s18-t3",
      "begin" : 2003,
      "end" : 2010,
      "text" : "reports",
      "whiteSpace" : false
    }, {
      "id" : "s18-t4",
      "begin" : 2010,
      "end" : 2011,
      "text" : ",",
      "whiteSpace" : false
    }, {
      "id" : "s18-t5",
      "begin" : 2012,
      "end" : 2015,
      "text" : "the",
      "whiteSpace" : false
    }, {
      "id" : "s18-t6",
      "begin" : 2016,
      "end" : 2024,
      "text" : "official",
      "whiteSpace" : false
    }, {
      "id" : "s18-t7",
      "begin" : 2025,
      "end" : 2037,
      "text" : "announcement",
      "whiteSpace" : false
    }, {
      "id" : "s18-t8",
      "begin" : 2038,
      "end" : 2040,
      "text" : "of",
      "whiteSpace" : false
    }, {
      "id" : "s18-t9",
      "begin" : 2041,
      "end" : 2045,
      "text" : "this",
      "whiteSpace" : false
    }, {
      "id" : "s18-t10",
      "begin" : 2046,
      "end" : 2053,
      "text" : "service",
      "whiteSpace" : false
    }, {
      "id" : "s18-t11",
      "begin" : 2054,
      "end" : 2058,
      "text" : "will",
      "whiteSpace" : false
    }, {
      "id" : "s18-t12",
      "begin" : 2059,
      "end" : 2061,
      "text" : "be",
      "whiteSpace" : false
    }, {
      "id" : "s18-t13",
      "begin" : 2062,
      "end" : 2064,
      "text" : "at",
      "whiteSpace" : false
    }, {
      "id" : "s18-t14",
      "begin" : 2065,
      "end" : 2068,
      "text" : "the",
      "whiteSpace" : false
    }, {
      "id" : "s18-t15",
      "begin" : 2069,
      "end" : 2075,
      "text" : "Mobile",
      "whiteSpace" : false
    }, {
      "id" : "s18-t16",
      "begin" : 2076,
      "end" : 2081,
      "text" : "World",
      "whiteSpace" : false
    }, {
      "id" : "s18-t17",
      "begin" : 2082,
      "end" : 2090,
      "text" : "Congress",
      "whiteSpace" : false
    }, {
      "id" : "s18-t18",
      "begin" : 2091,
      "end" : 2092,
      "text" : "(",
      "whiteSpace" : false
    }, {
      "id" : "s18-t19",
      "begin" : 2092,
      "end" : 2095,
      "text" : "MWC",
      "whiteSpace" : false
    }, {
      "id" : "s18-t20",
      "begin" : 2095,
      "end" : 2096,
      "text" : ")",
      "whiteSpace" : false
    }, {
      "id" : "s18-t21",
      "begin" : 2097,
      "end" : 2106,
      "text" : "tradeshow",
      "whiteSpace" : false
    }, {
      "id" : "s18-t22",
      "begin" : 2107,
      "end" : 2112,
      "text" : "later",
      "whiteSpace" : false
    }, {
      "id" : "s18-t23",
      "begin" : 2113,
      "end" : 2117,
      "text" : "this",
      "whiteSpace" : false
    }, {
      "id" : "s18-t24",
      "begin" : 2118,
      "end" : 2123,
      "text" : "month",
      "whiteSpace" : false
    }, {
      "id" : "s18-t25",
      "begin" : 2123,
      "end" : 2124,
      "text" : ".",
      "whiteSpace" : false
    } ]
  }, {
    "id" : "s19",
    "begin" : 2126,
    "end" : 2346,
    "text" : "Microsoft My Phone vs. Apple MobileMe\r\rMy Phone immediately draws comparisons with Apple's MobileMe service, as both offer over-the-air data synchronization to consumers, and all the data to be accessed via a web portal.",
    "tokens" : [ {
      "id" : "s19-t0",
      "begin" : 2126,
      "end" : 2135,
      "text" : "Microsoft",
      "whiteSpace" : false
    }, {
      "id" : "s19-t1",
      "begin" : 2136,
      "end" : 2138,
      "text" : "My",
      "whiteSpace" : false
    }, {
      "id" : "s19-t2",
      "begin" : 2139,
      "end" : 2144,
      "text" : "Phone",
      "whiteSpace" : false
    }, {
      "id" : "s19-t3",
      "begin" : 2145,
      "end" : 2148,
      "text" : "vs.",
      "whiteSpace" : false
    }, {
      "id" : "s19-t4",
      "begin" : 2149,
      "end" : 2154,
      "text" : "Apple",
      "whiteSpace" : false
    }, {
      "id" : "s19-t5",
      "begin" : 2155,
      "end" : 2163,
      "text" : "MobileMe",
      "whiteSpace" : false
    }, {
      "id" : "s19-t6",
      "begin" : 2165,
      "end" : 2167,
      "text" : "My",
      "whiteSpace" : false
    }, {
      "id" : "s19-t7",
      "begin" : 2168,
      "end" : 2173,
      "text" : "Phone",
      "whiteSpace" : false
    }, {
      "id" : "s19-t8",
      "begin" : 2174,
      "end" : 2185,
      "text" : "immediately",
      "whiteSpace" : false
    }, {
      "id" : "s19-t9",
      "begin" : 2186,
      "end" : 2191,
      "text" : "draws",
      "whiteSpace" : false
    }, {
      "id" : "s19-t10",
      "begin" : 2192,
      "end" : 2203,
      "text" : "comparisons",
      "whiteSpace" : false
    }, {
      "id" : "s19-t11",
      "begin" : 2204,
      "end" : 2208,
      "text" : "with",
      "whiteSpace" : false
    }, {
      "id" : "s19-t12",
      "begin" : 2209,
      "end" : 2214,
      "text" : "Apple",
      "whiteSpace" : false
    }, {
      "id" : "s19-t13",
      "begin" : 2214,
      "end" : 2216,
      "text" : "'s",
      "whiteSpace" : false
    }, {
      "id" : "s19-t14",
      "begin" : 2217,
      "end" : 2225,
      "text" : "MobileMe",
      "whiteSpace" : false
    }, {
      "id" : "s19-t15",
      "begin" : 2226,
      "end" : 2233,
      "text" : "service",
      "whiteSpace" : false
    }, {
      "id" : "s19-t16",
      "begin" : 2233,
      "end" : 2234,
      "text" : ",",
      "whiteSpace" : false
    }, {
      "id" : "s19-t17",
      "begin" : 2235,
      "end" : 2237,
      "text" : "as",
      "whiteSpace" : false
    }, {
      "id" : "s19-t18",
      "begin" : 2238,
      "end" : 2242,
      "text" : "both",
      "whiteSpace" : false
    }, {
      "id" : "s19-t19",
      "begin" : 2243,
      "end" : 2248,
      "text" : "offer",
      "whiteSpace" : false
    }, {
      "id" : "s19-t20",
      "begin" : 2249,
      "end" : 2261,
      "text" : "over-the-air",
      "whiteSpace" : false
    }, {
      "id" : "s19-t21",
      "begin" : 2262,
      "end" : 2266,
      "text" : "data",
      "whiteSpace" : false
    }, {
      "id" : "s19-t22",
      "begin" : 2267,
      "end" : 2282,
      "text" : "synchronization",
      "whiteSpace" : false
    }, {
      "id" : "s19-t23",
      "begin" : 2283,
      "end" : 2285,
      "text" : "to",
      "whiteSpace" : false
    }, {
      "id" : "s19-t24",
      "begin" : 2286,
      "end" : 2295,
      "text" : "consumers",
      "whiteSpace" : false
    }, {
      "id" : "s19-t25",
      "begin" : 2295,
      "end" : 2296,
      "text" : ",",
      "whiteSpace" : false
    }, {
      "id" : "s19-t26",
      "begin" : 2297,
      "end" : 2300,
      "text" : "and",
      "whiteSpace" : false
    }, {
      "id" : "s19-t27",
      "begin" : 2301,
      "end" : 2304,
      "text" : "all",
      "whiteSpace" : false
    }, {
      "id" : "s19-t28",
      "begin" : 2305,
      "end" : 2308,
      "text" : "the",
      "whiteSpace" : false
    }, {
      "id" : "s19-t29",
      "begin" : 2309,
      "end" : 2313,
      "text" : "data",
      "whiteSpace" : false
    }, {
      "id" : "s19-t30",
      "begin" : 2314,
      "end" : 2316,
      "text" : "to",
      "whiteSpace" : false
    }, {
      "id" : "s19-t31",
      "begin" : 2317,
      "end" : 2319,
      "text" : "be",
      "whiteSpace" : false
    }, {
      "id" : "s19-t32",
      "begin" : 2320,
      "end" : 2328,
      "text" : "accessed",
      "whiteSpace" : false
    }, {
      "id" : "s19-t33",
      "begin" : 2329,
      "end" : 2332,
      "text" : "via",
      "whiteSpace" : false
    }, {
      "id" : "s19-t34",
      "begin" : 2333,
      "end" : 2334,
      "text" : "a",
      "whiteSpace" : false
    }, {
      "id" : "s19-t35",
      "begin" : 2335,
      "end" : 2338,
      "text" : "web",
      "whiteSpace" : false
    }, {
      "id" : "s19-t36",
      "begin" : 2339,
      "end" : 2345,
      "text" : "portal",
      "whiteSpace" : false
    }, {
      "id" : "s19-t37",
      "begin" : 2345,
      "end" : 2346,
      "text" : ".",
      "whiteSpace" : false
    } ]
  }, {
    "id" : "s20",
    "begin" : 2348,
    "end" : 2460,
    "text" : "This is a 'back to the future' comparison, as when MobileMe was launched it was compared to Exchange ActiveSync.",
    "tokens" : [ {
      "id" : "s20-t0",
      "begin" : 2348,
      "end" : 2352,
      "text" : "This",
      "whiteSpace" : false
    }, {
      "id" : "s20-t1",
      "begin" : 2353,
      "end" : 2355,
      "text" : "is",
      "whiteSpace" : false
    }, {
      "id" : "s20-t2",
      "begin" : 2356,
      "end" : 2357,
      "text" : "a",
      "whiteSpace" : false
    }, {
      "id" : "s20-t3",
      "begin" : 2358,
      "end" : 2359,
      "text" : "'",
      "whiteSpace" : false
    }, {
      "id" : "s20-t4",
      "begin" : 2359,
      "end" : 2363,
      "text" : "back",
      "whiteSpace" : false
    }, {
      "id" : "s20-t5",
      "begin" : 2364,
      "end" : 2366,
      "text" : "to",
      "whiteSpace" : false
    }, {
      "id" : "s20-t6",
      "begin" : 2367,
      "end" : 2370,
      "text" : "the",
      "whiteSpace" : false
    }, {
      "id" : "s20-t7",
      "begin" : 2371,
      "end" : 2377,
      "text" : "future",
      "whiteSpace" : false
    }, {
      "id" : "s20-t8",
      "begin" : 2377,
      "end" : 2378,
      "text" : "'",
      "whiteSpace" : false
    }, {
      "id" : "s20-t9",
      "begin" : 2379,
      "end" : 2389,
      "text" : "comparison",
      "whiteSpace" : false
    }, {
      "id" : "s20-t10",
      "begin" : 2389,
      "end" : 2390,
      "text" : ",",
      "whiteSpace" : false
    }, {
      "id" : "s20-t11",
      "begin" : 2391,
      "end" : 2393,
      "text" : "as",
      "whiteSpace" : false
    }, {
      "id" : "s20-t12",
      "begin" : 2394,
      "end" : 2398,
      "text" : "when",
      "whiteSpace" : false
    }, {
      "id" : "s20-t13",
      "begin" : 2399,
      "end" : 2407,
      "text" : "MobileMe",
      "whiteSpace" : false
    }, {
      "id" : "s20-t14",
      "begin" : 2408,
      "end" : 2411,
      "text" : "was",
      "whiteSpace" : false
    }, {
      "id" : "s20-t15",
      "begin" : 2412,
      "end" : 2420,
      "text" : "launched",
      "whiteSpace" : false
    }, {
      "id" : "s20-t16",
      "begin" : 2421,
      "end" : 2423,
      "text" : "it",
      "whiteSpace" : false
    }, {
      "id" : "s20-t17",
      "begin" : 2424,
      "end" : 2427,
      "text" : "was",
      "whiteSpace" : false
    }, {
      "id" : "s20-t18",
      "begin" : 2428,
      "end" : 2436,
      "text" : "compared",
      "whiteSpace" : false
    }, {
      "id" : "s20-t19",
      "begin" : 2437,
      "end" : 2439,
      "text" : "to",
      "whiteSpace" : false
    }, {
      "id" : "s20-t20",
      "begin" : 2440,
      "end" : 2448,
      "text" : "Exchange",
      "whiteSpace" : false
    }, {
      "id" : "s20-t21",
      "begin" : 2449,
      "end" : 2459,
      "text" : "ActiveSync",
      "whiteSpace" : false
    }, {
      "id" : "s20-t22",
      "begin" : 2459,
      "end" : 2460,
      "text" : ".",
      "whiteSpace" : false
    } ]
  }, {
    "id" : "s21",
    "begin" : 2461,
    "end" : 2619,
    "text" : "The MobileMe service might actually be a slightly closer to Microsoft's sync service for businesses, though, as it allows users synchronize their emails, too.",
    "tokens" : [ {
      "id" : "s21-t0",
      "begin" : 2461,
      "end" : 2464,
      "text" : "The",
      "whiteSpace" : false
    }, {
      "id" : "s21-t1",
      "begin" : 2465,
      "end" : 2473,
      "text" : "MobileMe",
      "whiteSpace" : false
    }, {
      "id" : "s21-t2",
      "begin" : 2474,
      "end" : 2481,
      "text" : "service",
      "whiteSpace" : false
    }, {
      "id" : "s21-t3",
      "begin" : 2482,
      "end" : 2487,
      "text" : "might",
      "whiteSpace" : false
    }, {
      "id" : "s21-t4",
      "begin" : 2488,
      "end" : 2496,
      "text" : "actually",
      "whiteSpace" : false
    }, {
      "id" : "s21-t5",
      "begin" : 2497,
      "end" : 2499,
      "text" : "be",
      "whiteSpace" : false
    }, {
      "id" : "s21-t6",
      "begin" : 2500,
      "end" : 2501,
      "text" : "a",
      "whiteSpace" : false
    }, {
      "id" : "s21-t7",
      "begin" : 2502,
      "end" : 2510,
      "text" : "slightly",
      "whiteSpace" : false
    }, {
      "id" : "s21-t8",
      "begin" : 2511,
      "end" : 2517,
      "text" : "closer",
      "whiteSpace" : false
    }, {
      "id" : "s21-t9",
      "begin" : 2518,
      "end" : 2520,
      "text" : "to",
      "whiteSpace" : false
    }, {
      "id" : "s21-t10",
      "begin" : 2521,
      "end" : 2530,
      "text" : "Microsoft",
      "whiteSpace" : false
    }, {
      "id" : "s21-t11",
      "begin" : 2530,
      "end" : 2532,
      "text" : "'s",
      "whiteSpace" : false
    }, {
      "id" : "s21-t12",
      "begin" : 2533,
      "end" : 2537,
      "text" : "sync",
      "whiteSpace" : false
    }, {
      "id" : "s21-t13",
      "begin" : 2538,
      "end" : 2545,
      "text" : "service",
      "whiteSpace" : false
    }, {
      "id" : "s21-t14",
      "begin" : 2546,
      "end" : 2549,
      "text" : "for",
      "whiteSpace" : false
    }, {
      "id" : "s21-t15",
      "begin" : 2550,
      "end" : 2560,
      "text" : "businesses",
      "whiteSpace" : false
    }, {
      "id" : "s21-t16",
      "begin" : 2560,
      "end" : 2561,
      "text" : ",",
      "whiteSpace" : false
    }, {
      "id" : "s21-t17",
      "begin" : 2562,
      "end" : 2568,
      "text" : "though",
      "whiteSpace" : false
    }, {
      "id" : "s21-t18",
      "begin" : 2568,
      "end" : 2569,
      "text" : ",",
      "whiteSpace" : false
    }, {
      "id" : "s21-t19",
      "begin" : 2570,
      "end" : 2572,
      "text" : "as",
      "whiteSpace" : false
    }, {
      "id" : "s21-t20",
      "begin" : 2573,
      "end" : 2575,
      "text" : "it",
      "whiteSpace" : false
    }, {
      "id" : "s21-t21",
      "begin" : 2576,
      "end" : 2582,
      "text" : "allows",
      "whiteSpace" : false
    }, {
      "id" : "s21-t22",
      "begin" : 2583,
      "end" : 2588,
      "text" : "users",
      "whiteSpace" : false
    }, {
      "id" : "s21-t23",
      "begin" : 2589,
      "end" : 2600,
      "text" : "synchronize",
      "whiteSpace" : false
    }, {
      "id" : "s21-t24",
      "begin" : 2601,
      "end" : 2606,
      "text" : "their",
      "whiteSpace" : false
    }, {
      "id" : "s21-t25",
      "begin" : 2607,
      "end" : 2613,
      "text" : "emails",
      "whiteSpace" : false
    }, {
      "id" : "s21-t26",
      "begin" : 2613,
      "end" : 2614,
      "text" : ",",
      "whiteSpace" : false
    }, {
      "id" : "s21-t27",
      "begin" : 2615,
      "end" : 2618,
      "text" : "too",
      "whiteSpace" : false
    }, {
      "id" : "s21-t28",
      "begin" : 2618,
      "end" : 2619,
      "text" : ".",
      "whiteSpace" : false
    } ]
  }, {
    "id" : "s22",
    "begin" : 2621,
    "end" : 2692,
    "text" : "Additional Details\r\rAs mentioned earlier, this is not a 'push' service.",
    "tokens" : [ {
      "id" : "s22-t0",
      "begin" : 2621,
      "end" : 2631,
      "text" : "Additional",
      "whiteSpace" : false
    }, {
      "id" : "s22-t1",
      "begin" : 2632,
      "end" : 2639,
      "text" : "Details",
      "whiteSpace" : false
    }, {
      "id" : "s22-t2",
      "begin" : 2641,
      "end" : 2643,
      "text" : "As",
      "whiteSpace" : false
    }, {
      "id" : "s22-t3",
      "begin" : 2644,
      "end" : 2653,
      "text" : "mentioned",
      "whiteSpace" : false
    }, {
      "id" : "s22-t4",
      "begin" : 2654,
      "end" : 2661,
      "text" : "earlier",
      "whiteSpace" : false
    }, {
      "id" : "s22-t5",
      "begin" : 2661,
      "end" : 2662,
      "text" : ",",
      "whiteSpace" : false
    }, {
      "id" : "s22-t6",
      "begin" : 2663,
      "end" : 2667,
      "text" : "this",
      "whiteSpace" : false
    }, {
      "id" : "s22-t7",
      "begin" : 2668,
      "end" : 2670,
      "text" : "is",
      "whiteSpace" : false
    }, {
      "id" : "s22-t8",
      "begin" : 2671,
      "end" : 2674,
      "text" : "not",
      "whiteSpace" : false
    }, {
      "id" : "s22-t9",
      "begin" : 2675,
      "end" : 2676,
      "text" : "a",
      "whiteSpace" : false
    }, {
      "id" : "s22-t10",
      "begin" : 2677,
      "end" : 2678,
      "text" : "'",
      "whiteSpace" : false
    }, {
      "id" : "s22-t11",
      "begin" : 2678,
      "end" : 2682,
      "text" : "push",
      "whiteSpace" : false
    }, {
      "id" : "s22-t12",
      "begin" : 2682,
      "end" : 2683,
      "text" : "'",
      "whiteSpace" : false
    }, {
      "id" : "s22-t13",
      "begin" : 2684,
      "end" : 2691,
      "text" : "service",
      "whiteSpace" : false
    }, {
      "id" : "s22-t14",
      "begin" : 2691,
      "end" : 2692,
      "text" : ".",
      "whiteSpace" : false
    } ]
  }, {
    "id" : "s23",
    "begin" : 2693,
    "end" : 2840,
    "text" : "Instead, My Phone will automatically synchronize information between the smartphone and the online account once a day between 11:00 pm and 5:00 am.",
    "tokens" : [ {
      "id" : "s23-t0",
      "begin" : 2693,
      "end" : 2700,
      "text" : "Instead",
      "whiteSpace" : false
    }, {
      "id" : "s23-t1",
      "begin" : 2700,
      "end" : 2701,
      "text" : ",",
      "whiteSpace" : false
    }, {
      "id" : "s23-t2",
      "begin" : 2702,
      "end" : 2704,
      "text" : "My",
      "whiteSpace" : false
    }, {
      "id" : "s23-t3",
      "begin" : 2705,
      "end" : 2710,
      "text" : "Phone",
      "whiteSpace" : false
    }, {
      "id" : "s23-t4",
      "begin" : 2711,
      "end" : 2715,
      "text" : "will",
      "whiteSpace" : false
    }, {
      "id" : "s23-t5",
      "begin" : 2716,
      "end" : 2729,
      "text" : "automatically",
      "whiteSpace" : false
    }, {
      "id" : "s23-t6",
      "begin" : 2730,
      "end" : 2741,
      "text" : "synchronize",
      "whiteSpace" : false
    }, {
      "id" : "s23-t7",
      "begin" : 2742,
      "end" : 2753,
      "text" : "information",
      "whiteSpace" : false
    }, {
      "id" : "s23-t8",
      "begin" : 2754,
      "end" : 2761,
      "text" : "between",
      "whiteSpace" : false
    }, {
      "id" : "s23-t9",
      "begin" : 2762,
      "end" : 2765,
      "text" : "the",
      "whiteSpace" : false
    }, {
      "id" : "s23-t10",
      "begin" : 2766,
      "end" : 2776,
      "text" : "smartphone",
      "whiteSpace" : false
    }, {
      "id" : "s23-t11",
      "begin" : 2777,
      "end" : 2780,
      "text" : "and",
      "whiteSpace" : false
    }, {
      "id" : "s23-t12",
      "begin" : 2781,
      "end" : 2784,
      "text" : "the",
      "whiteSpace" : false
    }, {
      "id" : "s23-t13",
      "begin" : 2785,
      "end" : 2791,
      "text" : "online",
      "whiteSpace" : false
    }, {
      "id" : "s23-t14",
      "begin" : 2792,
      "end" : 2799,
      "text" : "account",
      "whiteSpace" : false
    }, {
      "id" : "s23-t15",
      "begin" : 2800,
      "end" : 2804,
      "text" : "once",
      "whiteSpace" : false
    }, {
      "id" : "s23-t16",
      "begin" : 2805,
      "end" : 2806,
      "text" : "a",
      "whiteSpace" : false
    }, {
      "id" : "s23-t17",
      "begin" : 2807,
      "end" : 2810,
      "text" : "day",
      "whiteSpace" : false
    }, {
      "id" : "s23-t18",
      "begin" : 2811,
      "end" : 2818,
      "text" : "between",
      "whiteSpace" : false
    }, {
      "id" : "s23-t19",
      "begin" : 2819,
      "end" : 2824,
      "text" : "11:00",
      "whiteSpace" : false
    }, {
      "id" : "s23-t20",
      "begin" : 2825,
      "end" : 2827,
      "text" : "pm",
      "whiteSpace" : false
    }, {
      "id" : "s23-t21",
      "begin" : 2828,
      "end" : 2831,
      "text" : "and",
      "whiteSpace" : false
    }, {
      "id" : "s23-t22",
      "begin" : 2832,
      "end" : 2836,
      "text" : "5:00",
      "whiteSpace" : false
    }, {
      "id" : "s23-t23",
      "begin" : 2837,
      "end" : 2839,
      "text" : "am",
      "whiteSpace" : false
    }, {
      "id" : "s23-t24",
      "begin" : 2839,
      "end" : 2840,
      "text" : ".",
      "whiteSpace" : false
    } ]
  }, {
    "id" : "s24",
    "begin" : 2842,
    "end" : 2918,
    "text" : "However, user will be able to manually initiate a sync whenever they choose.",
    "tokens" : [ {
      "id" : "s24-t0",
      "begin" : 2842,
      "end" : 2849,
      "text" : "However",
      "whiteSpace" : false
    }, {
      "id" : "s24-t1",
      "begin" : 2849,
      "end" : 2850,
      "text" : ",",
      "whiteSpace" : false
    }, {
      "id" : "s24-t2",
      "begin" : 2851,
      "end" : 2855,
      "text" : "user",
      "whiteSpace" : false
    }, {
      "id" : "s24-t3",
      "begin" : 2856,
      "end" : 2860,
      "text" : "will",
      "whiteSpace" : false
    }, {
      "id" : "s24-t4",
      "begin" : 2861,
      "end" : 2863,
      "text" : "be",
      "whiteSpace" : false
    }, {
      "id" : "s24-t5",
      "begin" : 2864,
      "end" : 2868,
      "text" : "able",
      "whiteSpace" : false
    }, {
      "id" : "s24-t6",
      "begin" : 2869,
      "end" : 2871,
      "text" : "to",
      "whiteSpace" : false
    }, {
      "id" : "s24-t7",
      "begin" : 2872,
      "end" : 2880,
      "text" : "manually",
      "whiteSpace" : false
    }, {
      "id" : "s24-t8",
      "begin" : 2881,
      "end" : 2889,
      "text" : "initiate",
      "whiteSpace" : false
    }, {
      "id" : "s24-t9",
      "begin" : 2890,
      "end" : 2891,
      "text" : "a",
      "whiteSpace" : false
    }, {
      "id" : "s24-t10",
      "begin" : 2892,
      "end" : 2896,
      "text" : "sync",
      "whiteSpace" : false
    }, {
      "id" : "s24-t11",
      "begin" : 2897,
      "end" : 2905,
      "text" : "whenever",
      "whiteSpace" : false
    }, {
      "id" : "s24-t12",
      "begin" : 2906,
      "end" : 2910,
      "text" : "they",
      "whiteSpace" : false
    }, {
      "id" : "s24-t13",
      "begin" : 2911,
      "end" : 2917,
      "text" : "choose",
      "whiteSpace" : false
    }, {
      "id" : "s24-t14",
      "begin" : 2917,
      "end" : 2918,
      "text" : ".",
      "whiteSpace" : false
    } ]
  }, {
    "id" : "s25",
    "begin" : 2920,
    "end" : 3071,
    "text" : "This upcoming service will apparently allow users to synchronize the contents of the My Documents folder on their smartphone with their online account.",
    "tokens" : [ {
      "id" : "s25-t0",
      "begin" : 2920,
      "end" : 2924,
      "text" : "This",
      "whiteSpace" : false
    }, {
      "id" : "s25-t1",
      "begin" : 2925,
      "end" : 2933,
      "text" : "upcoming",
      "whiteSpace" : false
    }, {
      "id" : "s25-t2",
      "begin" : 2934,
      "end" : 2941,
      "text" : "service",
      "whiteSpace" : false
    }, {
      "id" : "s25-t3",
      "begin" : 2942,
      "end" : 2946,
      "text" : "will",
      "whiteSpace" : false
    }, {
      "id" : "s25-t4",
      "begin" : 2947,
      "end" : 2957,
      "text" : "apparently",
      "whiteSpace" : false
    }, {
      "id" : "s25-t5",
      "begin" : 2958,
      "end" : 2963,
      "text" : "allow",
      "whiteSpace" : false
    }, {
      "id" : "s25-t6",
      "begin" : 2964,
      "end" : 2969,
      "text" : "users",
      "whiteSpace" : false
    }, {
      "id" : "s25-t7",
      "begin" : 2970,
      "end" : 2972,
      "text" : "to",
      "whiteSpace" : false
    }, {
      "id" : "s25-t8",
      "begin" : 2973,
      "end" : 2984,
      "text" : "synchronize",
      "whiteSpace" : false
    }, {
      "id" : "s25-t9",
      "begin" : 2985,
      "end" : 2988,
      "text" : "the",
      "whiteSpace" : false
    }, {
      "id" : "s25-t10",
      "begin" : 2989,
      "end" : 2997,
      "text" : "contents",
      "whiteSpace" : false
    }, {
      "id" : "s25-t11",
      "begin" : 2998,
      "end" : 3000,
      "text" : "of",
      "whiteSpace" : false
    }, {
      "id" : "s25-t12",
      "begin" : 3001,
      "end" : 3004,
      "text" : "the",
      "whiteSpace" : false
    }, {
      "id" : "s25-t13",
      "begin" : 3005,
      "end" : 3007,
      "text" : "My",
      "whiteSpace" : false
    }, {
      "id" : "s25-t14",
      "begin" : 3008,
      "end" : 3017,
      "text" : "Documents",
      "whiteSpace" : false
    }, {
      "id" : "s25-t15",
      "begin" : 3018,
      "end" : 3024,
      "text" : "folder",
      "whiteSpace" : false
    }, {
      "id" : "s25-t16",
      "begin" : 3025,
      "end" : 3027,
      "text" : "on",
      "whiteSpace" : false
    }, {
      "id" : "s25-t17",
      "begin" : 3028,
      "end" : 3033,
      "text" : "their",
      "whiteSpace" : false
    }, {
      "id" : "s25-t18",
      "begin" : 3034,
      "end" : 3044,
      "text" : "smartphone",
      "whiteSpace" : false
    }, {
      "id" : "s25-t19",
      "begin" : 3045,
      "end" : 3049,
      "text" : "with",
      "whiteSpace" : false
    }, {
      "id" : "s25-t20",
      "begin" : 3050,
      "end" : 3055,
      "text" : "their",
      "whiteSpace" : false
    }, {
      "id" : "s25-t21",
      "begin" : 3056,
      "end" : 3062,
      "text" : "online",
      "whiteSpace" : false
    }, {
      "id" : "s25-t22",
      "begin" : 3063,
      "end" : 3070,
      "text" : "account",
      "whiteSpace" : false
    }, {
      "id" : "s25-t23",
      "begin" : 3070,
      "end" : 3071,
      "text" : ".",
      "whiteSpace" : false
    } ]
  }, {
    "id" : "s26",
    "begin" : 3072,
    "end" : 3127,
    "text" : "Microsoft will provide 200 MB of free storage for this.",
    "tokens" : [ {
      "id" : "s26-t0",
      "begin" : 3072,
      "end" : 3081,
      "text" : "Microsoft",
      "whiteSpace" : false
    }, {
      "id" : "s26-t1",
      "begin" : 3082,
      "end" : 3086,
      "text" : "will",
      "whiteSpace" : false
    }, {
      "id" : "s26-t2",
      "begin" : 3087,
      "end" : 3094,
      "text" : "provide",
      "whiteSpace" : false
    }, {
      "id" : "s26-t3",
      "begin" : 3095,
      "end" : 3098,
      "text" : "200",
      "whiteSpace" : false
    }, {
      "id" : "s26-t4",
      "begin" : 3099,
      "end" : 3101,
      "text" : "MB",
      "whiteSpace" : false
    }, {
      "id" : "s26-t5",
      "begin" : 3102,
      "end" : 3104,
      "text" : "of",
      "whiteSpace" : false
    }, {
      "id" : "s26-t6",
      "begin" : 3105,
      "end" : 3109,
      "text" : "free",
      "whiteSpace" : false
    }, {
      "id" : "s26-t7",
      "begin" : 3110,
      "end" : 3117,
      "text" : "storage",
      "whiteSpace" : false
    }, {
      "id" : "s26-t8",
      "begin" : 3118,
      "end" : 3121,
      "text" : "for",
      "whiteSpace" : false
    }, {
      "id" : "s26-t9",
      "begin" : 3122,
      "end" : 3126,
      "text" : "this",
      "whiteSpace" : false
    }, {
      "id" : "s26-t10",
      "begin" : 3126,
      "end" : 3127,
      "text" : ".",
      "whiteSpace" : false
    } ]
  }, {
    "id" : "s27",
    "begin" : 3128,
    "end" : 3218,
    "text" : "It's not clear at this point if this will include files stored on a removable memory card.",
    "tokens" : [ {
      "id" : "s27-t0",
      "begin" : 3128,
      "end" : 3130,
      "text" : "It",
      "whiteSpace" : false
    }, {
      "id" : "s27-t1",
      "begin" : 3130,
      "end" : 3132,
      "text" : "'s",
      "whiteSpace" : false
    }, {
      "id" : "s27-t2",
      "begin" : 3133,
      "end" : 3136,
      "text" : "not",
      "whiteSpace" : false
    }, {
      "id" : "s27-t3",
      "begin" : 3137,
      "end" : 3142,
      "text" : "clear",
      "whiteSpace" : false
    }, {
      "id" : "s27-t4",
      "begin" : 3143,
      "end" : 3145,
      "text" : "at",
      "whiteSpace" : false
    }, {
      "id" : "s27-t5",
      "begin" : 3146,
      "end" : 3150,
      "text" : "this",
      "whiteSpace" : false
    }, {
      "id" : "s27-t6",
      "begin" : 3151,
      "end" : 3156,
      "text" : "point",
      "whiteSpace" : false
    }, {
      "id" : "s27-t7",
      "begin" : 3157,
      "end" : 3159,
      "text" : "if",
      "whiteSpace" : false
    }, {
      "id" : "s27-t8",
      "begin" : 3160,
      "end" : 3164,
      "text" : "this",
      "whiteSpace" : false
    }, {
      "id" : "s27-t9",
      "begin" : 3165,
      "end" : 3169,
      "text" : "will",
      "whiteSpace" : false
    }, {
      "id" : "s27-t10",
      "begin" : 3170,
      "end" : 3177,
      "text" : "include",
      "whiteSpace" : false
    }, {
      "id" : "s27-t11",
      "begin" : 3178,
      "end" : 3183,
      "text" : "files",
      "whiteSpace" : false
    }, {
      "id" : "s27-t12",
      "begin" : 3184,
      "end" : 3190,
      "text" : "stored",
      "whiteSpace" : false
    }, {
      "id" : "s27-t13",
      "begin" : 3191,
      "end" : 3193,
      "text" : "on",
      "whiteSpace" : false
    }, {
      "id" : "s27-t14",
      "begin" : 3194,
      "end" : 3195,
      "text" : "a",
      "whiteSpace" : false
    }, {
      "id" : "s27-t15",
      "begin" : 3196,
      "end" : 3205,
      "text" : "removable",
      "whiteSpace" : false
    }, {
      "id" : "s27-t16",
      "begin" : 3206,
      "end" : 3212,
      "text" : "memory",
      "whiteSpace" : false
    }, {
      "id" : "s27-t17",
      "begin" : 3213,
      "end" : 3217,
      "text" : "card",
      "whiteSpace" : false
    }, {
      "id" : "s27-t18",
      "begin" : 3217,
      "end" : 3218,
      "text" : ".",
      "whiteSpace" : false
    } ]
  }, {
    "id" : "s28",
    "begin" : 3220,
    "end" : 3331,
    "text" : "The web site for My Phone also reveals how this service will inter-operate with other synchronization services.",
    "tokens" : [ {
      "id" : "s28-t0",
      "begin" : 3220,
      "end" : 3223,
      "text" : "The",
      "whiteSpace" : false
    }, {
      "id" : "s28-t1",
      "begin" : 3224,
      "end" : 3227,
      "text" : "web",
      "whiteSpace" : false
    }, {
      "id" : "s28-t2",
      "begin" : 3228,
      "end" : 3232,
      "text" : "site",
      "whiteSpace" : false
    }, {
      "id" : "s28-t3",
      "begin" : 3233,
      "end" : 3236,
      "text" : "for",
      "whiteSpace" : false
    }, {
      "id" : "s28-t4",
      "begin" : 3237,
      "end" : 3239,
      "text" : "My",
      "whiteSpace" : false
    }, {
      "id" : "s28-t5",
      "begin" : 3240,
      "end" : 3245,
      "text" : "Phone",
      "whiteSpace" : false
    }, {
      "id" : "s28-t6",
      "begin" : 3246,
      "end" : 3250,
      "text" : "also",
      "whiteSpace" : false
    }, {
      "id" : "s28-t7",
      "begin" : 3251,
      "end" : 3258,
      "text" : "reveals",
      "whiteSpace" : false
    }, {
      "id" : "s28-t8",
      "begin" : 3259,
      "end" : 3262,
      "text" : "how",
      "whiteSpace" : false
    }, {
      "id" : "s28-t9",
      "begin" : 3263,
      "end" : 3267,
      "text" : "this",
      "whiteSpace" : false
    }, {
      "id" : "s28-t10",
      "begin" : 3268,
      "end" : 3275,
      "text" : "service",
      "whiteSpace" : false
    }, {
      "id" : "s28-t11",
      "begin" : 3276,
      "end" : 3280,
      "text" : "will",
      "whiteSpace" : false
    }, {
      "id" : "s28-t12",
      "begin" : 3281,
      "end" : 3286,
      "text" : "inter",
      "whiteSpace" : false
    }, {
      "id" : "s28-t13",
      "begin" : 3286,
      "end" : 3287,
      "text" : "-",
      "whiteSpace" : false
    }, {
      "id" : "s28-t14",
      "begin" : 3287,
      "end" : 3294,
      "text" : "operate",
      "whiteSpace" : false
    }, {
      "id" : "s28-t15",
      "begin" : 3295,
      "end" : 3299,
      "text" : "with",
      "whiteSpace" : false
    }, {
      "id" : "s28-t16",
      "begin" : 3300,
      "end" : 3305,
      "text" : "other",
      "whiteSpace" : false
    }, {
      "id" : "s28-t17",
      "begin" : 3306,
      "end" : 3321,
      "text" : "synchronization",
      "whiteSpace" : false
    }, {
      "id" : "s28-t18",
      "begin" : 3322,
      "end" : 3330,
      "text" : "services",
      "whiteSpace" : false
    }, {
      "id" : "s28-t19",
      "begin" : 3330,
      "end" : 3331,
      "text" : ".",
      "whiteSpace" : false
    } ]
  }, {
    "id" : "s29",
    "begin" : 3332,
    "end" : 3475,
    "text" : "When the user has an active connection with Microsoft Exchange server, My Phone will not synchronize contacts, calendar appointments, or tasks.",
    "tokens" : [ {
      "id" : "s29-t0",
      "begin" : 3332,
      "end" : 3336,
      "text" : "When",
      "whiteSpace" : false
    }, {
      "id" : "s29-t1",
      "begin" : 3337,
      "end" : 3340,
      "text" : "the",
      "whiteSpace" : false
    }, {
      "id" : "s29-t2",
      "begin" : 3341,
      "end" : 3345,
      "text" : "user",
      "whiteSpace" : false
    }, {
      "id" : "s29-t3",
      "begin" : 3346,
      "end" : 3349,
      "text" : "has",
      "whiteSpace" : false
    }, {
      "id" : "s29-t4",
      "begin" : 3350,
      "end" : 3352,
      "text" : "an",
      "whiteSpace" : false
    }, {
      "id" : "s29-t5",
      "begin" : 3353,
      "end" : 3359,
      "text" : "active",
      "whiteSpace" : false
    }, {
      "id" : "s29-t6",
      "begin" : 3360,
      "end" : 3370,
      "text" : "connection",
      "whiteSpace" : false
    }, {
      "id" : "s29-t7",
      "begin" : 3371,
      "end" : 3375,
      "text" : "with",
      "whiteSpace" : false
    }, {
      "id" : "s29-t8",
      "begin" : 3376,
      "end" : 3385,
      "text" : "Microsoft",
      "whiteSpace" : false
    }, {
      "id" : "s29-t9",
      "begin" : 3386,
      "end" : 3394,
      "text" : "Exchange",
      "whiteSpace" : false
    }, {
      "id" : "s29-t10",
      "begin" : 3395,
      "end" : 3401,
      "text" : "server",
      "whiteSpace" : false
    }, {
      "id" : "s29-t11",
      "begin" : 3401,
      "end" : 3402,
      "text" : ",",
      "whiteSpace" : false
    }, {
      "id" : "s29-t12",
      "begin" : 3403,
      "end" : 3405,
      "text" : "My",
      "whiteSpace" : false
    }, {
      "id" : "s29-t13",
      "begin" : 3406,
      "end" : 3411,
      "text" : "Phone",
      "whiteSpace" : false
    }, {
      "id" : "s29-t14",
      "begin" : 3412,
      "end" : 3416,
      "text" : "will",
      "whiteSpace" : false
    }, {
      "id" : "s29-t15",
      "begin" : 3417,
      "end" : 3420,
      "text" : "not",
      "whiteSpace" : false
    }, {
      "id" : "s29-t16",
      "begin" : 3421,
      "end" : 3432,
      "text" : "synchronize",
      "whiteSpace" : false
    }, {
      "id" : "s29-t17",
      "begin" : 3433,
      "end" : 3441,
      "text" : "contacts",
      "whiteSpace" : false
    }, {
      "id" : "s29-t18",
      "begin" : 3441,
      "end" : 3442,
      "text" : ",",
      "whiteSpace" : false
    }, {
      "id" : "s29-t19",
      "begin" : 3443,
      "end" : 3451,
      "text" : "calendar",
      "whiteSpace" : false
    }, {
      "id" : "s29-t20",
      "begin" : 3452,
      "end" : 3464,
      "text" : "appointments",
      "whiteSpace" : false
    }, {
      "id" : "s29-t21",
      "begin" : 3464,
      "end" : 3465,
      "text" : ",",
      "whiteSpace" : false
    }, {
      "id" : "s29-t22",
      "begin" : 3466,
      "end" : 3468,
      "text" : "or",
      "whiteSpace" : false
    }, {
      "id" : "s29-t23",
      "begin" : 3469,
      "end" : 3474,
      "text" : "tasks",
      "whiteSpace" : false
    }, {
      "id" : "s29-t24",
      "begin" : 3474,
      "end" : 3475,
      "text" : ".",
      "whiteSpace" : false
    } ]
  }, {
    "id" : "s30",
    "begin" : 3476,
    "end" : 3563,
    "text" : "Windows Live contacts will only be synced with the Windows Live web site, not My Phone.",
    "tokens" : [ {
      "id" : "s30-t0",
      "begin" : 3476,
      "end" : 3483,
      "text" : "Windows",
      "whiteSpace" : false
    }, {
      "id" : "s30-t1",
      "begin" : 3484,
      "end" : 3488,
      "text" : "Live",
      "whiteSpace" : false
    }, {
      "id" : "s30-t2",
      "begin" : 3489,
      "end" : 3497,
      "text" : "contacts",
      "whiteSpace" : false
    }, {
      "id" : "s30-t3",
      "begin" : 3498,
      "end" : 3502,
      "text" : "will",
      "whiteSpace" : false
    }, {
      "id" : "s30-t4",
      "begin" : 3503,
      "end" : 3507,
      "text" : "only",
      "whiteSpace" : false
    }, {
      "id" : "s30-t5",
      "begin" : 3508,
      "end" : 3510,
      "text" : "be",
      "whiteSpace" : false
    }, {
      "id" : "s30-t6",
      "begin" : 3511,
      "end" : 3517,
      "text" : "synced",
      "whiteSpace" : false
    }, {
      "id" : "s30-t7",
      "begin" : 3518,
      "end" : 3522,
      "text" : "with",
      "whiteSpace" : false
    }, {
      "id" : "s30-t8",
      "begin" : 3523,
      "end" : 3526,
      "text" : "the",
      "whiteSpace" : false
    }, {
      "id" : "s30-t9",
      "begin" : 3527,
      "end" : 3534,
      "text" : "Windows",
      "whiteSpace" : false
    }, {
      "id" : "s30-t10",
      "begin" : 3535,
      "end" : 3539,
      "text" : "Live",
      "whiteSpace" : false
    }, {
      "id" : "s30-t11",
      "begin" : 3540,
      "end" : 3543,
      "text" : "web",
      "whiteSpace" : false
    }, {
      "id" : "s30-t12",
      "begin" : 3544,
      "end" : 3548,
      "text" : "site",
      "whiteSpace" : false
    }, {
      "id" : "s30-t13",
      "begin" : 3548,
      "end" : 3549,
      "text" : ",",
      "whiteSpace" : false
    }, {
      "id" : "s30-t14",
      "begin" : 3550,
      "end" : 3553,
      "text" : "not",
      "whiteSpace" : false
    }, {
      "id" : "s30-t15",
      "begin" : 3554,
      "end" : 3556,
      "text" : "My",
      "whiteSpace" : false
    }, {
      "id" : "s30-t16",
      "begin" : 3557,
      "end" : 3562,
      "text" : "Phone",
      "whiteSpace" : false
    }, {
      "id" : "s30-t17",
      "begin" : 3562,
      "end" : 3563,
      "text" : ".",
      "whiteSpace" : false
    } ]
  } ],
  "mentions" : [ {
    "id" : "s0-m0",
    "source" : "PREANNOTATION",
    "properties" : {
      "SIRE_MENTION_TYPE" : "NONE",
      "SIRE_ENTITY_SUBTYPE" : "NONE",
      "SIRE_MENTION_CLASS" : "SPC",
      "SIRE_MENTION_ROLE" : "ORGANIZATION"
    },
    "type" : "ORGANIZATION",
    "begin" : 31,
    "end" : 40,
    "inCoref" : false
  }, {
    "id" : "s12-m0",
    "source" : "PREANNOTATION",
    "properties" : {
      "SIRE_MENTION_TYPE" : "NONE",
      "SIRE_ENTITY_SUBTYPE" : "NONE",
      "SIRE_MENTION_CLASS" : "SPC",
      "SIRE_MENTION_ROLE" : "ORGANIZATION"
    },
    "type" : "ORGANIZATION",
    "begin" : 1146,
    "end" : 1155,
    "inCoref" : false
  }, {
    "id" : "s13-m0",
    "source" : "PREANNOTATION",
    "properties" : {
      "SIRE_MENTION_TYPE" : "NONE",
      "SIRE_ENTITY_SUBTYPE" : "NONE",
      "SIRE_MENTION_CLASS" : "SPC",
      "SIRE_MENTION_ROLE" : "ORGANIZATION"
    },
    "type" : "ORGANIZATION",
    "begin" : 1170,
    "end" : 1179,
    "inCoref" : false
  }, {
    "id" : "s13-m1",
    "source" : "PREANNOTATION",
    "properties" : {
      "SIRE_MENTION_TYPE" : "NONE",
      "SIRE_ENTITY_SUBTYPE" : "NONE",
      "SIRE_MENTION_CLASS" : "SPC",
      "SIRE_MENTION_ROLE" : "ORGANIZATION"
    },
    "type" : "ORGANIZATION",
    "begin" : 1271,
    "end" : 1280,
    "inCoref" : false
  }, {
    "id" : "s15-m0",
    "source" : "PREANNOTATION",
    "properties" : {
      "SIRE_MENTION_TYPE" : "NONE",
      "SIRE_ENTITY_SUBTYPE" : "NONE",
      "SIRE_MENTION_CLASS" : "SPC",
      "SIRE_MENTION_ROLE" : "ORGANIZATION"
    },
    "type" : "ORGANIZATION",
    "begin" : 1510,
    "end" : 1519,
    "inCoref" : false
  }, {
    "id" : "s20-m0",
    "source" : "PREANNOTATION",
    "properties" : {
      "SIRE_MENTION_TYPE" : "NONE",
      "SIRE_ENTITY_SUBTYPE" : "NONE",
      "SIRE_MENTION_CLASS" : "SPC",
      "SIRE_MENTION_ROLE" : "ORGANIZATION"
    },
    "type" : "ORGANIZATION",
    "begin" : 2126,
    "end" : 2135,
    "inCoref" : false
  }, {
    "id" : "s20-m1",
    "source" : "PREANNOTATION",
    "properties" : {
      "SIRE_MENTION_TYPE" : "NONE",
      "SIRE_ENTITY_SUBTYPE" : "NONE",
      "SIRE_MENTION_CLASS" : "SPC",
      "SIRE_MENTION_ROLE" : "ORGANIZATION"
    },
    "type" : "ORGANIZATION",
    "begin" : 2149,
    "end" : 2154,
    "inCoref" : false
  }, {
    "id" : "s21-m0",
    "source" : "PREANNOTATION",
    "properties" : {
      "SIRE_MENTION_TYPE" : "NONE",
      "SIRE_ENTITY_SUBTYPE" : "NONE",
      "SIRE_MENTION_CLASS" : "SPC",
      "SIRE_MENTION_ROLE" : "ORGANIZATION"
    },
    "type" : "ORGANIZATION",
    "begin" : 2209,
    "end" : 2214,
    "inCoref" : false
  }, {
    "id" : "s23-m0",
    "source" : "PREANNOTATION",
    "properties" : {
      "SIRE_MENTION_TYPE" : "NONE",
      "SIRE_ENTITY_SUBTYPE" : "NONE",
      "SIRE_MENTION_CLASS" : "SPC",
      "SIRE_MENTION_ROLE" : "ORGANIZATION"
    },
    "type" : "ORGANIZATION",
    "begin" : 2521,
    "end" : 2530,
    "inCoref" : false
  }, {
    "id" : "s29-m0",
    "source" : "PREANNOTATION",
    "properties" : {
      "SIRE_MENTION_TYPE" : "NONE",
      "SIRE_ENTITY_SUBTYPE" : "NONE",
      "SIRE_MENTION_CLASS" : "SPC",
      "SIRE_MENTION_ROLE" : "ORGANIZATION"
    },
    "type" : "ORGANIZATION",
    "begin" : 3072,
    "end" : 3081,
    "inCoref" : false
  }, {
    "id" : "s32-m0",
    "source" : "PREANNOTATION",
    "properties" : {
      "SIRE_MENTION_TYPE" : "NONE",
      "SIRE_ENTITY_SUBTYPE" : "NONE",
      "SIRE_MENTION_CLASS" : "SPC",
      "SIRE_MENTION_ROLE" : "ORGANIZATION"
    },
    "type" : "ORGANIZATION",
    "begin" : 3376,
    "end" : 3385,
    "inCoref" : false
  } ],
  "relations" : [ ],
  "corefs" : [ ],
  "typeResolved" : true,
  "userResolved" : false
}