{
  "id" : "b99682a0-021f-11e7-adfe-7b21e22b049b-11",
  "name" : "Technology - gmanews.tv",
  "version" : 3,
  "text" : "NCR, which counts IBM founder Thomas Watson as one of its early employees, said its products and services account for more than $400 billion in annual commerce and 23 billion consumer serf-service transactions.\r\rThe company's Philippine office established in the 1960s currently operates a research and development facility in Cebu with about 500 employees.",
  "docLength" : 0,
  "language" : "EN",
  "status" : "READY",
  "modifiedDate" : 1489130156975,
  "documentSet" : [ ],
  "preannotation" : [ "PRE_SIRE" ],
  "sentences" : [ {
    "id" : "s0",
    "begin" : 0,
    "end" : 210,
    "text" : "NCR, which counts IBM founder Thomas Watson as one of its early employees, said its products and services account for more than $400 billion in annual commerce and 23 billion consumer serf-service transactions.",
    "tokens" : [ {
      "id" : "s0-t0",
      "begin" : 0,
      "end" : 3,
      "text" : "NCR",
      "whiteSpace" : false
    }, {
      "id" : "s0-t1",
      "begin" : 3,
      "end" : 4,
      "text" : ",",
      "whiteSpace" : false
    }, {
      "id" : "s0-t2",
      "begin" : 5,
      "end" : 10,
      "text" : "which",
      "whiteSpace" : false
    }, {
      "id" : "s0-t3",
      "begin" : 11,
      "end" : 17,
      "text" : "counts",
      "whiteSpace" : false
    }, {
      "id" : "s0-t4",
      "begin" : 18,
      "end" : 21,
      "text" : "IBM",
      "whiteSpace" : false
    }, {
      "id" : "s0-t5",
      "begin" : 22,
      "end" : 29,
      "text" : "founder",
      "whiteSpace" : false
    }, {
      "id" : "s0-t6",
      "begin" : 30,
      "end" : 36,
      "text" : "Thomas",
      "whiteSpace" : false
    }, {
      "id" : "s0-t7",
      "begin" : 37,
      "end" : 43,
      "text" : "Watson",
      "whiteSpace" : false
    }, {
      "id" : "s0-t8",
      "begin" : 44,
      "end" : 46,
      "text" : "as",
      "whiteSpace" : false
    }, {
      "id" : "s0-t9",
      "begin" : 47,
      "end" : 50,
      "text" : "one",
      "whiteSpace" : false
    }, {
      "id" : "s0-t10",
      "begin" : 51,
      "end" : 53,
      "text" : "of",
      "whiteSpace" : false
    }, {
      "id" : "s0-t11",
      "begin" : 54,
      "end" : 57,
      "text" : "its",
      "whiteSpace" : false
    }, {
      "id" : "s0-t12",
      "begin" : 58,
      "end" : 63,
      "text" : "early",
      "whiteSpace" : false
    }, {
      "id" : "s0-t13",
      "begin" : 64,
      "end" : 73,
      "text" : "employees",
      "whiteSpace" : false
    }, {
      "id" : "s0-t14",
      "begin" : 73,
      "end" : 74,
      "text" : ",",
      "whiteSpace" : false
    }, {
      "id" : "s0-t15",
      "begin" : 75,
      "end" : 79,
      "text" : "said",
      "whiteSpace" : false
    }, {
      "id" : "s0-t16",
      "begin" : 80,
      "end" : 83,
      "text" : "its",
      "whiteSpace" : false
    }, {
      "id" : "s0-t17",
      "begin" : 84,
      "end" : 92,
      "text" : "products",
      "whiteSpace" : false
    }, {
      "id" : "s0-t18",
      "begin" : 93,
      "end" : 96,
      "text" : "and",
      "whiteSpace" : false
    }, {
      "id" : "s0-t19",
      "begin" : 97,
      "end" : 105,
      "text" : "services",
      "whiteSpace" : false
    }, {
      "id" : "s0-t20",
      "begin" : 106,
      "end" : 113,
      "text" : "account",
      "whiteSpace" : false
    }, {
      "id" : "s0-t21",
      "begin" : 114,
      "end" : 117,
      "text" : "for",
      "whiteSpace" : false
    }, {
      "id" : "s0-t22",
      "begin" : 118,
      "end" : 122,
      "text" : "more",
      "whiteSpace" : false
    }, {
      "id" : "s0-t23",
      "begin" : 123,
      "end" : 127,
      "text" : "than",
      "whiteSpace" : false
    }, {
      "id" : "s0-t24",
      "begin" : 128,
      "end" : 129,
      "text" : "$",
      "whiteSpace" : false
    }, {
      "id" : "s0-t25",
      "begin" : 129,
      "end" : 132,
      "text" : "400",
      "whiteSpace" : false
    }, {
      "id" : "s0-t26",
      "begin" : 133,
      "end" : 140,
      "text" : "billion",
      "whiteSpace" : false
    }, {
      "id" : "s0-t27",
      "begin" : 141,
      "end" : 143,
      "text" : "in",
      "whiteSpace" : false
    }, {
      "id" : "s0-t28",
      "begin" : 144,
      "end" : 150,
      "text" : "annual",
      "whiteSpace" : false
    }, {
      "id" : "s0-t29",
      "begin" : 151,
      "end" : 159,
      "text" : "commerce",
      "whiteSpace" : false
    }, {
      "id" : "s0-t30",
      "begin" : 160,
      "end" : 163,
      "text" : "and",
      "whiteSpace" : false
    }, {
      "id" : "s0-t31",
      "begin" : 164,
      "end" : 166,
      "text" : "23",
      "whiteSpace" : false
    }, {
      "id" : "s0-t32",
      "begin" : 167,
      "end" : 174,
      "text" : "billion",
      "whiteSpace" : false
    }, {
      "id" : "s0-t33",
      "begin" : 175,
      "end" : 183,
      "text" : "consumer",
      "whiteSpace" : false
    }, {
      "id" : "s0-t34",
      "begin" : 184,
      "end" : 188,
      "text" : "serf",
      "whiteSpace" : false
    }, {
      "id" : "s0-t35",
      "begin" : 188,
      "end" : 189,
      "text" : "-",
      "whiteSpace" : false
    }, {
      "id" : "s0-t36",
      "begin" : 189,
      "end" : 196,
      "text" : "service",
      "whiteSpace" : false
    }, {
      "id" : "s0-t37",
      "begin" : 197,
      "end" : 209,
      "text" : "transactions",
      "whiteSpace" : false
    }, {
      "id" : "s0-t38",
      "begin" : 209,
      "end" : 210,
      "text" : ".",
      "whiteSpace" : false
    } ]
  }, {
    "id" : "s1",
    "begin" : 212,
    "end" : 357,
    "text" : "The company's Philippine office established in the 1960s currently operates a research and development facility in Cebu with about 500 employees.",
    "tokens" : [ {
      "id" : "s1-t0",
      "begin" : 212,
      "end" : 215,
      "text" : "The",
      "whiteSpace" : false
    }, {
      "id" : "s1-t1",
      "begin" : 216,
      "end" : 223,
      "text" : "company",
      "whiteSpace" : false
    }, {
      "id" : "s1-t2",
      "begin" : 223,
      "end" : 225,
      "text" : "'s",
      "whiteSpace" : false
    }, {
      "id" : "s1-t3",
      "begin" : 226,
      "end" : 236,
      "text" : "Philippine",
      "whiteSpace" : false
    }, {
      "id" : "s1-t4",
      "begin" : 237,
      "end" : 243,
      "text" : "office",
      "whiteSpace" : false
    }, {
      "id" : "s1-t5",
      "begin" : 244,
      "end" : 255,
      "text" : "established",
      "whiteSpace" : false
    }, {
      "id" : "s1-t6",
      "begin" : 256,
      "end" : 258,
      "text" : "in",
      "whiteSpace" : false
    }, {
      "id" : "s1-t7",
      "begin" : 259,
      "end" : 262,
      "text" : "the",
      "whiteSpace" : false
    }, {
      "id" : "s1-t8",
      "begin" : 263,
      "end" : 268,
      "text" : "1960s",
      "whiteSpace" : false
    }, {
      "id" : "s1-t9",
      "begin" : 269,
      "end" : 278,
      "text" : "currently",
      "whiteSpace" : false
    }, {
      "id" : "s1-t10",
      "begin" : 279,
      "end" : 287,
      "text" : "operates",
      "whiteSpace" : false
    }, {
      "id" : "s1-t11",
      "begin" : 288,
      "end" : 289,
      "text" : "a",
      "whiteSpace" : false
    }, {
      "id" : "s1-t12",
      "begin" : 290,
      "end" : 298,
      "text" : "research",
      "whiteSpace" : false
    }, {
      "id" : "s1-t13",
      "begin" : 299,
      "end" : 302,
      "text" : "and",
      "whiteSpace" : false
    }, {
      "id" : "s1-t14",
      "begin" : 303,
      "end" : 314,
      "text" : "development",
      "whiteSpace" : false
    }, {
      "id" : "s1-t15",
      "begin" : 315,
      "end" : 323,
      "text" : "facility",
      "whiteSpace" : false
    }, {
      "id" : "s1-t16",
      "begin" : 324,
      "end" : 326,
      "text" : "in",
      "whiteSpace" : false
    }, {
      "id" : "s1-t17",
      "begin" : 327,
      "end" : 331,
      "text" : "Cebu",
      "whiteSpace" : false
    }, {
      "id" : "s1-t18",
      "begin" : 332,
      "end" : 336,
      "text" : "with",
      "whiteSpace" : false
    }, {
      "id" : "s1-t19",
      "begin" : 337,
      "end" : 342,
      "text" : "about",
      "whiteSpace" : false
    }, {
      "id" : "s1-t20",
      "begin" : 343,
      "end" : 346,
      "text" : "500",
      "whiteSpace" : false
    }, {
      "id" : "s1-t21",
      "begin" : 347,
      "end" : 356,
      "text" : "employees",
      "whiteSpace" : false
    }, {
      "id" : "s1-t22",
      "begin" : 356,
      "end" : 357,
      "text" : ".",
      "whiteSpace" : false
    } ]
  } ],
  "mentions" : [ {
    "id" : "-M0",
    "source" : "IMPORT",
    "properties" : {
      "SIRE_MENTION_CLASS" : "SPC",
      "SIRE_MENTION_ROLE" : "ORGANIZATION",
      "SIRE_ENTITY_SUBTYPE" : "NONE",
      "SIRE_ENTITY_LEVEL" : "NONE",
      "SIRE_ENTITY_CLASS" : "SPC",
      "SIRE_MENTION_TYPE" : "NONE"
    },
    "type" : "ORGANIZATION",
    "begin" : 18,
    "end" : 21,
    "inCoref" : false
  }, {
    "id" : "-M1",
    "source" : "IMPORT",
    "properties" : {
      "SIRE_MENTION_CLASS" : "SPC",
      "SIRE_MENTION_ROLE" : "PERSON",
      "SIRE_ENTITY_SUBTYPE" : "NONE",
      "SIRE_ENTITY_LEVEL" : "NONE",
      "SIRE_ENTITY_CLASS" : "SPC",
      "SIRE_MENTION_TYPE" : "NONE"
    },
    "type" : "PERSON",
    "begin" : 30,
    "end" : 36,
    "inCoref" : false
  }, {
    "id" : "-M2",
    "source" : "IMPORT",
    "properties" : {
      "SIRE_MENTION_CLASS" : "SPC",
      "SIRE_MENTION_ROLE" : "PERSON",
      "SIRE_ENTITY_SUBTYPE" : "NONE",
      "SIRE_ENTITY_LEVEL" : "NONE",
      "SIRE_ENTITY_CLASS" : "SPC",
      "SIRE_MENTION_TYPE" : "NONE"
    },
    "type" : "PERSON",
    "begin" : 37,
    "end" : 43,
    "inCoref" : false
  } ],
  "relations" : [ {
    "id" : "-R1-1",
    "source" : "IMPORT",
    "properties" : {
      "SIRE_RELATION_SUBTYPE" : "OTHER",
      "SIRE_RELATION_TENSE" : "UNSPECIFIED",
      "SIRE_RELATION_MODALITY" : "ASSERTED",
      "SIRE_RELATION_CLASS" : "SPECIFIC"
    },
    "type" : "founderOf",
    "args" : [ "-M1", "-M0" ]
  }, {
    "id" : "-R2-1",
    "source" : "IMPORT",
    "properties" : {
      "SIRE_RELATION_SUBTYPE" : "OTHER",
      "SIRE_RELATION_TENSE" : "UNSPECIFIED",
      "SIRE_RELATION_MODALITY" : "ASSERTED",
      "SIRE_RELATION_CLASS" : "SPECIFIC"
    },
    "type" : "founderOf",
    "args" : [ "-M2", "-M0" ]
  } ],
  "corefs" : [ ],
  "typeResolved" : true,
  "userResolved" : false
}