{
  "id" : "b99682a0-021f-11e7-adfe-7b21e22b049b-5",
  "name" : "Technology - computerworlds.com",
  "version" : 3,
  "text" : "January 29, 2009 (Computerworld) Want to know if you're actually getting what you're paying your ISP for?\r\rIf you are, join the club. The problem is that it it's been far from easy to get a handle on how your ISP deals with various kinds of traffic. That may become an easier job now that Google Inc. is launching what it calls Measurement Lab (M-Lab), an open platform that researchers and consumers can use to access its new Internet performance measurement tools.\r\r'Researchers are already developing tools that allow users to, among other things, measure the speed of their connection, run diagnostics, and attempt to discern if their ISP is blocking or throttling particular applications,' said Vint Cerf, Google's chief Internet evangelist, and Stephen Stuart, Google's principal engineer, in a blog post. 'These tools generate and send some data back-and-forth between the user's computer and a server elsewhere on the Internet. Unfortunately, researchers lack widely-distributed servers with ample connectivity. This poses a barrier to the accuracy and scalability of these tools.'\r\rTo tackle the problem, Google announced late Wednesday that it will host the tools on 37 servers in the U.S. and Europe. The tools are designed to help users try to figure out what might be impairing their broadband speed, as well as find out if BitTorrent is being blocked or throttled by their ISPs.\r\r'Seems like the intention behind this is to give consumers a way to keep tabs on their provider and make sure that they're getting what they're paying for in terms of speed,' said Dan Olds, principal analyst with the Gabriel Consulting Group. 'Also, with these tools, consumers will supposedly be able to tell if particular high bandwidth applications, like BitTorrent, are being constrained by their ISP. So if an ISP is limiting video downloads, for example, consumers can use the Google tool, figure it out, and start a huge outcry, putting pressure on the ISP to stop.'\r\rJust last month, an analyst with ties to the telecom industry released a report calling Google a bandwidth hog. Scott Cleland, president of Precursor LLC, a research firm bankrolled by telecom heavyweights like AT&T Inc. and Verizon Communications Inc., reported that Google uses 21 times more bandwidth than it pays for. \r\rGoogle was quick to fire back. Richard Whitt, Google's Washington telecom and media counsel, noted in a blog post that Cleland is 'not exactly a neutral party.' Whitt also claimed that the analyst had made methodological and factual errors.\r\rOlds noted that the new measurement platform is another salvo in the war between content providers, like Google, and network providers.",
  "docLength" : 0,
  "language" : "EN",
  "status" : "READY",
  "modifiedDate" : 1489130156975,
  "documentSet" : [ ],
  "preannotation" : [ "PRE_SIRE" ],
  "sentences" : [ {
    "id" : "s0",
    "begin" : 0,
    "end" : 105,
    "text" : "January 29, 2009 (Computerworld) Want to know if you're actually getting what you're paying your ISP for?",
    "tokens" : [ {
      "id" : "s0-t0",
      "begin" : 0,
      "end" : 7,
      "text" : "January",
      "whiteSpace" : false
    }, {
      "id" : "s0-t1",
      "begin" : 8,
      "end" : 10,
      "text" : "29",
      "whiteSpace" : false
    }, {
      "id" : "s0-t2",
      "begin" : 10,
      "end" : 11,
      "text" : ",",
      "whiteSpace" : false
    }, {
      "id" : "s0-t3",
      "begin" : 12,
      "end" : 16,
      "text" : "2009",
      "whiteSpace" : false
    }, {
      "id" : "s0-t4",
      "begin" : 17,
      "end" : 18,
      "text" : "(",
      "whiteSpace" : false
    }, {
      "id" : "s0-t5",
      "begin" : 18,
      "end" : 31,
      "text" : "Computerworld",
      "whiteSpace" : false
    }, {
      "id" : "s0-t6",
      "begin" : 31,
      "end" : 32,
      "text" : ")",
      "whiteSpace" : false
    }, {
      "id" : "s0-t7",
      "begin" : 33,
      "end" : 37,
      "text" : "Want",
      "whiteSpace" : false
    }, {
      "id" : "s0-t8",
      "begin" : 38,
      "end" : 40,
      "text" : "to",
      "whiteSpace" : false
    }, {
      "id" : "s0-t9",
      "begin" : 41,
      "end" : 45,
      "text" : "know",
      "whiteSpace" : false
    }, {
      "id" : "s0-t10",
      "begin" : 46,
      "end" : 48,
      "text" : "if",
      "whiteSpace" : false
    }, {
      "id" : "s0-t11",
      "begin" : 49,
      "end" : 52,
      "text" : "you",
      "whiteSpace" : false
    }, {
      "id" : "s0-t12",
      "begin" : 52,
      "end" : 55,
      "text" : "'re",
      "whiteSpace" : false
    }, {
      "id" : "s0-t13",
      "begin" : 56,
      "end" : 64,
      "text" : "actually",
      "whiteSpace" : false
    }, {
      "id" : "s0-t14",
      "begin" : 65,
      "end" : 72,
      "text" : "getting",
      "whiteSpace" : false
    }, {
      "id" : "s0-t15",
      "begin" : 73,
      "end" : 77,
      "text" : "what",
      "whiteSpace" : false
    }, {
      "id" : "s0-t16",
      "begin" : 78,
      "end" : 81,
      "text" : "you",
      "whiteSpace" : false
    }, {
      "id" : "s0-t17",
      "begin" : 81,
      "end" : 84,
      "text" : "'re",
      "whiteSpace" : false
    }, {
      "id" : "s0-t18",
      "begin" : 85,
      "end" : 91,
      "text" : "paying",
      "whiteSpace" : false
    }, {
      "id" : "s0-t19",
      "begin" : 92,
      "end" : 96,
      "text" : "your",
      "whiteSpace" : false
    }, {
      "id" : "s0-t20",
      "begin" : 97,
      "end" : 100,
      "text" : "ISP",
      "whiteSpace" : false
    }, {
      "id" : "s0-t21",
      "begin" : 101,
      "end" : 104,
      "text" : "for",
      "whiteSpace" : false
    }, {
      "id" : "s0-t22",
      "begin" : 104,
      "end" : 105,
      "text" : "?",
      "whiteSpace" : false
    } ]
  }, {
    "id" : "s1",
    "begin" : 107,
    "end" : 133,
    "text" : "If you are, join the club.",
    "tokens" : [ {
      "id" : "s1-t0",
      "begin" : 107,
      "end" : 109,
      "text" : "If",
      "whiteSpace" : false
    }, {
      "id" : "s1-t1",
      "begin" : 110,
      "end" : 113,
      "text" : "you",
      "whiteSpace" : false
    }, {
      "id" : "s1-t2",
      "begin" : 114,
      "end" : 117,
      "text" : "are",
      "whiteSpace" : false
    }, {
      "id" : "s1-t3",
      "begin" : 117,
      "end" : 118,
      "text" : ",",
      "whiteSpace" : false
    }, {
      "id" : "s1-t4",
      "begin" : 119,
      "end" : 123,
      "text" : "join",
      "whiteSpace" : false
    }, {
      "id" : "s1-t5",
      "begin" : 124,
      "end" : 127,
      "text" : "the",
      "whiteSpace" : false
    }, {
      "id" : "s1-t6",
      "begin" : 128,
      "end" : 132,
      "text" : "club",
      "whiteSpace" : false
    }, {
      "id" : "s1-t7",
      "begin" : 132,
      "end" : 133,
      "text" : ".",
      "whiteSpace" : false
    } ]
  }, {
    "id" : "s2",
    "begin" : 134,
    "end" : 249,
    "text" : "The problem is that it it's been far from easy to get a handle on how your ISP deals with various kinds of traffic.",
    "tokens" : [ {
      "id" : "s2-t0",
      "begin" : 134,
      "end" : 137,
      "text" : "The",
      "whiteSpace" : false
    }, {
      "id" : "s2-t1",
      "begin" : 138,
      "end" : 145,
      "text" : "problem",
      "whiteSpace" : false
    }, {
      "id" : "s2-t2",
      "begin" : 146,
      "end" : 148,
      "text" : "is",
      "whiteSpace" : false
    }, {
      "id" : "s2-t3",
      "begin" : 149,
      "end" : 153,
      "text" : "that",
      "whiteSpace" : false
    }, {
      "id" : "s2-t4",
      "begin" : 154,
      "end" : 156,
      "text" : "it",
      "whiteSpace" : false
    }, {
      "id" : "s2-t5",
      "begin" : 157,
      "end" : 159,
      "text" : "it",
      "whiteSpace" : false
    }, {
      "id" : "s2-t6",
      "begin" : 159,
      "end" : 161,
      "text" : "'s",
      "whiteSpace" : false
    }, {
      "id" : "s2-t7",
      "begin" : 162,
      "end" : 166,
      "text" : "been",
      "whiteSpace" : false
    }, {
      "id" : "s2-t8",
      "begin" : 167,
      "end" : 170,
      "text" : "far",
      "whiteSpace" : false
    }, {
      "id" : "s2-t9",
      "begin" : 171,
      "end" : 175,
      "text" : "from",
      "whiteSpace" : false
    }, {
      "id" : "s2-t10",
      "begin" : 176,
      "end" : 180,
      "text" : "easy",
      "whiteSpace" : false
    }, {
      "id" : "s2-t11",
      "begin" : 181,
      "end" : 183,
      "text" : "to",
      "whiteSpace" : false
    }, {
      "id" : "s2-t12",
      "begin" : 184,
      "end" : 187,
      "text" : "get",
      "whiteSpace" : false
    }, {
      "id" : "s2-t13",
      "begin" : 188,
      "end" : 189,
      "text" : "a",
      "whiteSpace" : false
    }, {
      "id" : "s2-t14",
      "begin" : 190,
      "end" : 196,
      "text" : "handle",
      "whiteSpace" : false
    }, {
      "id" : "s2-t15",
      "begin" : 197,
      "end" : 199,
      "text" : "on",
      "whiteSpace" : false
    }, {
      "id" : "s2-t16",
      "begin" : 200,
      "end" : 203,
      "text" : "how",
      "whiteSpace" : false
    }, {
      "id" : "s2-t17",
      "begin" : 204,
      "end" : 208,
      "text" : "your",
      "whiteSpace" : false
    }, {
      "id" : "s2-t18",
      "begin" : 209,
      "end" : 212,
      "text" : "ISP",
      "whiteSpace" : false
    }, {
      "id" : "s2-t19",
      "begin" : 213,
      "end" : 218,
      "text" : "deals",
      "whiteSpace" : false
    }, {
      "id" : "s2-t20",
      "begin" : 219,
      "end" : 223,
      "text" : "with",
      "whiteSpace" : false
    }, {
      "id" : "s2-t21",
      "begin" : 224,
      "end" : 231,
      "text" : "various",
      "whiteSpace" : false
    }, {
      "id" : "s2-t22",
      "begin" : 232,
      "end" : 237,
      "text" : "kinds",
      "whiteSpace" : false
    }, {
      "id" : "s2-t23",
      "begin" : 238,
      "end" : 240,
      "text" : "of",
      "whiteSpace" : false
    }, {
      "id" : "s2-t24",
      "begin" : 241,
      "end" : 248,
      "text" : "traffic",
      "whiteSpace" : false
    }, {
      "id" : "s2-t25",
      "begin" : 248,
      "end" : 249,
      "text" : ".",
      "whiteSpace" : false
    } ]
  }, {
    "id" : "s3",
    "begin" : 250,
    "end" : 466,
    "text" : "That may become an easier job now that Google Inc. is launching what it calls Measurement Lab (M-Lab), an open platform that researchers and consumers can use to access its new Internet performance measurement tools.",
    "tokens" : [ {
      "id" : "s3-t0",
      "begin" : 250,
      "end" : 254,
      "text" : "That",
      "whiteSpace" : false
    }, {
      "id" : "s3-t1",
      "begin" : 255,
      "end" : 258,
      "text" : "may",
      "whiteSpace" : false
    }, {
      "id" : "s3-t2",
      "begin" : 259,
      "end" : 265,
      "text" : "become",
      "whiteSpace" : false
    }, {
      "id" : "s3-t3",
      "begin" : 266,
      "end" : 268,
      "text" : "an",
      "whiteSpace" : false
    }, {
      "id" : "s3-t4",
      "begin" : 269,
      "end" : 275,
      "text" : "easier",
      "whiteSpace" : false
    }, {
      "id" : "s3-t5",
      "begin" : 276,
      "end" : 279,
      "text" : "job",
      "whiteSpace" : false
    }, {
      "id" : "s3-t6",
      "begin" : 280,
      "end" : 283,
      "text" : "now",
      "whiteSpace" : false
    }, {
      "id" : "s3-t7",
      "begin" : 284,
      "end" : 288,
      "text" : "that",
      "whiteSpace" : false
    }, {
      "id" : "s3-t8",
      "begin" : 289,
      "end" : 295,
      "text" : "Google",
      "whiteSpace" : false
    }, {
      "id" : "s3-t9",
      "begin" : 296,
      "end" : 300,
      "text" : "Inc.",
      "whiteSpace" : false
    }, {
      "id" : "s3-t10",
      "begin" : 301,
      "end" : 303,
      "text" : "is",
      "whiteSpace" : false
    }, {
      "id" : "s3-t11",
      "begin" : 304,
      "end" : 313,
      "text" : "launching",
      "whiteSpace" : false
    }, {
      "id" : "s3-t12",
      "begin" : 314,
      "end" : 318,
      "text" : "what",
      "whiteSpace" : false
    }, {
      "id" : "s3-t13",
      "begin" : 319,
      "end" : 321,
      "text" : "it",
      "whiteSpace" : false
    }, {
      "id" : "s3-t14",
      "begin" : 322,
      "end" : 327,
      "text" : "calls",
      "whiteSpace" : false
    }, {
      "id" : "s3-t15",
      "begin" : 328,
      "end" : 339,
      "text" : "Measurement",
      "whiteSpace" : false
    }, {
      "id" : "s3-t16",
      "begin" : 340,
      "end" : 343,
      "text" : "Lab",
      "whiteSpace" : false
    }, {
      "id" : "s3-t17",
      "begin" : 344,
      "end" : 345,
      "text" : "(",
      "whiteSpace" : false
    }, {
      "id" : "s3-t18",
      "begin" : 345,
      "end" : 350,
      "text" : "M-Lab",
      "whiteSpace" : false
    }, {
      "id" : "s3-t19",
      "begin" : 350,
      "end" : 351,
      "text" : ")",
      "whiteSpace" : false
    }, {
      "id" : "s3-t20",
      "begin" : 351,
      "end" : 352,
      "text" : ",",
      "whiteSpace" : false
    }, {
      "id" : "s3-t21",
      "begin" : 353,
      "end" : 355,
      "text" : "an",
      "whiteSpace" : false
    }, {
      "id" : "s3-t22",
      "begin" : 356,
      "end" : 360,
      "text" : "open",
      "whiteSpace" : false
    }, {
      "id" : "s3-t23",
      "begin" : 361,
      "end" : 369,
      "text" : "platform",
      "whiteSpace" : false
    }, {
      "id" : "s3-t24",
      "begin" : 370,
      "end" : 374,
      "text" : "that",
      "whiteSpace" : false
    }, {
      "id" : "s3-t25",
      "begin" : 375,
      "end" : 386,
      "text" : "researchers",
      "whiteSpace" : false
    }, {
      "id" : "s3-t26",
      "begin" : 387,
      "end" : 390,
      "text" : "and",
      "whiteSpace" : false
    }, {
      "id" : "s3-t27",
      "begin" : 391,
      "end" : 400,
      "text" : "consumers",
      "whiteSpace" : false
    }, {
      "id" : "s3-t28",
      "begin" : 401,
      "end" : 404,
      "text" : "can",
      "whiteSpace" : false
    }, {
      "id" : "s3-t29",
      "begin" : 405,
      "end" : 408,
      "text" : "use",
      "whiteSpace" : false
    }, {
      "id" : "s3-t30",
      "begin" : 409,
      "end" : 411,
      "text" : "to",
      "whiteSpace" : false
    }, {
      "id" : "s3-t31",
      "begin" : 412,
      "end" : 418,
      "text" : "access",
      "whiteSpace" : false
    }, {
      "id" : "s3-t32",
      "begin" : 419,
      "end" : 422,
      "text" : "its",
      "whiteSpace" : false
    }, {
      "id" : "s3-t33",
      "begin" : 423,
      "end" : 426,
      "text" : "new",
      "whiteSpace" : false
    }, {
      "id" : "s3-t34",
      "begin" : 427,
      "end" : 435,
      "text" : "Internet",
      "whiteSpace" : false
    }, {
      "id" : "s3-t35",
      "begin" : 436,
      "end" : 447,
      "text" : "performance",
      "whiteSpace" : false
    }, {
      "id" : "s3-t36",
      "begin" : 448,
      "end" : 459,
      "text" : "measurement",
      "whiteSpace" : false
    }, {
      "id" : "s3-t37",
      "begin" : 460,
      "end" : 465,
      "text" : "tools",
      "whiteSpace" : false
    }, {
      "id" : "s3-t38",
      "begin" : 465,
      "end" : 466,
      "text" : ".",
      "whiteSpace" : false
    } ]
  }, {
    "id" : "s4",
    "begin" : 468,
    "end" : 811,
    "text" : "'Researchers are already developing tools that allow users to, among other things, measure the speed of their connection, run diagnostics, and attempt to discern if their ISP is blocking or throttling particular applications,' said Vint Cerf, Google's chief Internet evangelist, and Stephen Stuart, Google's principal engineer, in a blog post.",
    "tokens" : [ {
      "id" : "s4-t0",
      "begin" : 468,
      "end" : 469,
      "text" : "'",
      "whiteSpace" : false
    }, {
      "id" : "s4-t1",
      "begin" : 469,
      "end" : 480,
      "text" : "Researchers",
      "whiteSpace" : false
    }, {
      "id" : "s4-t2",
      "begin" : 481,
      "end" : 484,
      "text" : "are",
      "whiteSpace" : false
    }, {
      "id" : "s4-t3",
      "begin" : 485,
      "end" : 492,
      "text" : "already",
      "whiteSpace" : false
    }, {
      "id" : "s4-t4",
      "begin" : 493,
      "end" : 503,
      "text" : "developing",
      "whiteSpace" : false
    }, {
      "id" : "s4-t5",
      "begin" : 504,
      "end" : 509,
      "text" : "tools",
      "whiteSpace" : false
    }, {
      "id" : "s4-t6",
      "begin" : 510,
      "end" : 514,
      "text" : "that",
      "whiteSpace" : false
    }, {
      "id" : "s4-t7",
      "begin" : 515,
      "end" : 520,
      "text" : "allow",
      "whiteSpace" : false
    }, {
      "id" : "s4-t8",
      "begin" : 521,
      "end" : 526,
      "text" : "users",
      "whiteSpace" : false
    }, {
      "id" : "s4-t9",
      "begin" : 527,
      "end" : 529,
      "text" : "to",
      "whiteSpace" : false
    }, {
      "id" : "s4-t10",
      "begin" : 529,
      "end" : 530,
      "text" : ",",
      "whiteSpace" : false
    }, {
      "id" : "s4-t11",
      "begin" : 531,
      "end" : 536,
      "text" : "among",
      "whiteSpace" : false
    }, {
      "id" : "s4-t12",
      "begin" : 537,
      "end" : 542,
      "text" : "other",
      "whiteSpace" : false
    }, {
      "id" : "s4-t13",
      "begin" : 543,
      "end" : 549,
      "text" : "things",
      "whiteSpace" : false
    }, {
      "id" : "s4-t14",
      "begin" : 549,
      "end" : 550,
      "text" : ",",
      "whiteSpace" : false
    }, {
      "id" : "s4-t15",
      "begin" : 551,
      "end" : 558,
      "text" : "measure",
      "whiteSpace" : false
    }, {
      "id" : "s4-t16",
      "begin" : 559,
      "end" : 562,
      "text" : "the",
      "whiteSpace" : false
    }, {
      "id" : "s4-t17",
      "begin" : 563,
      "end" : 568,
      "text" : "speed",
      "whiteSpace" : false
    }, {
      "id" : "s4-t18",
      "begin" : 569,
      "end" : 571,
      "text" : "of",
      "whiteSpace" : false
    }, {
      "id" : "s4-t19",
      "begin" : 572,
      "end" : 577,
      "text" : "their",
      "whiteSpace" : false
    }, {
      "id" : "s4-t20",
      "begin" : 578,
      "end" : 588,
      "text" : "connection",
      "whiteSpace" : false
    }, {
      "id" : "s4-t21",
      "begin" : 588,
      "end" : 589,
      "text" : ",",
      "whiteSpace" : false
    }, {
      "id" : "s4-t22",
      "begin" : 590,
      "end" : 593,
      "text" : "run",
      "whiteSpace" : false
    }, {
      "id" : "s4-t23",
      "begin" : 594,
      "end" : 605,
      "text" : "diagnostics",
      "whiteSpace" : false
    }, {
      "id" : "s4-t24",
      "begin" : 605,
      "end" : 606,
      "text" : ",",
      "whiteSpace" : false
    }, {
      "id" : "s4-t25",
      "begin" : 607,
      "end" : 610,
      "text" : "and",
      "whiteSpace" : false
    }, {
      "id" : "s4-t26",
      "begin" : 611,
      "end" : 618,
      "text" : "attempt",
      "whiteSpace" : false
    }, {
      "id" : "s4-t27",
      "begin" : 619,
      "end" : 621,
      "text" : "to",
      "whiteSpace" : false
    }, {
      "id" : "s4-t28",
      "begin" : 622,
      "end" : 629,
      "text" : "discern",
      "whiteSpace" : false
    }, {
      "id" : "s4-t29",
      "begin" : 630,
      "end" : 632,
      "text" : "if",
      "whiteSpace" : false
    }, {
      "id" : "s4-t30",
      "begin" : 633,
      "end" : 638,
      "text" : "their",
      "whiteSpace" : false
    }, {
      "id" : "s4-t31",
      "begin" : 639,
      "end" : 642,
      "text" : "ISP",
      "whiteSpace" : false
    }, {
      "id" : "s4-t32",
      "begin" : 643,
      "end" : 645,
      "text" : "is",
      "whiteSpace" : false
    }, {
      "id" : "s4-t33",
      "begin" : 646,
      "end" : 654,
      "text" : "blocking",
      "whiteSpace" : false
    }, {
      "id" : "s4-t34",
      "begin" : 655,
      "end" : 657,
      "text" : "or",
      "whiteSpace" : false
    }, {
      "id" : "s4-t35",
      "begin" : 658,
      "end" : 668,
      "text" : "throttling",
      "whiteSpace" : false
    }, {
      "id" : "s4-t36",
      "begin" : 669,
      "end" : 679,
      "text" : "particular",
      "whiteSpace" : false
    }, {
      "id" : "s4-t37",
      "begin" : 680,
      "end" : 692,
      "text" : "applications",
      "whiteSpace" : false
    }, {
      "id" : "s4-t38",
      "begin" : 692,
      "end" : 693,
      "text" : ",",
      "whiteSpace" : false
    }, {
      "id" : "s4-t39",
      "begin" : 693,
      "end" : 694,
      "text" : "'",
      "whiteSpace" : false
    }, {
      "id" : "s4-t40",
      "begin" : 695,
      "end" : 699,
      "text" : "said",
      "whiteSpace" : false
    }, {
      "id" : "s4-t41",
      "begin" : 700,
      "end" : 704,
      "text" : "Vint",
      "whiteSpace" : false
    }, {
      "id" : "s4-t42",
      "begin" : 705,
      "end" : 709,
      "text" : "Cerf",
      "whiteSpace" : false
    }, {
      "id" : "s4-t43",
      "begin" : 709,
      "end" : 710,
      "text" : ",",
      "whiteSpace" : false
    }, {
      "id" : "s4-t44",
      "begin" : 711,
      "end" : 717,
      "text" : "Google",
      "whiteSpace" : false
    }, {
      "id" : "s4-t45",
      "begin" : 717,
      "end" : 719,
      "text" : "'s",
      "whiteSpace" : false
    }, {
      "id" : "s4-t46",
      "begin" : 720,
      "end" : 725,
      "text" : "chief",
      "whiteSpace" : false
    }, {
      "id" : "s4-t47",
      "begin" : 726,
      "end" : 734,
      "text" : "Internet",
      "whiteSpace" : false
    }, {
      "id" : "s4-t48",
      "begin" : 735,
      "end" : 745,
      "text" : "evangelist",
      "whiteSpace" : false
    }, {
      "id" : "s4-t49",
      "begin" : 745,
      "end" : 746,
      "text" : ",",
      "whiteSpace" : false
    }, {
      "id" : "s4-t50",
      "begin" : 747,
      "end" : 750,
      "text" : "and",
      "whiteSpace" : false
    }, {
      "id" : "s4-t51",
      "begin" : 751,
      "end" : 758,
      "text" : "Stephen",
      "whiteSpace" : false
    }, {
      "id" : "s4-t52",
      "begin" : 759,
      "end" : 765,
      "text" : "Stuart",
      "whiteSpace" : false
    }, {
      "id" : "s4-t53",
      "begin" : 765,
      "end" : 766,
      "text" : ",",
      "whiteSpace" : false
    }, {
      "id" : "s4-t54",
      "begin" : 767,
      "end" : 773,
      "text" : "Google",
      "whiteSpace" : false
    }, {
      "id" : "s4-t55",
      "begin" : 773,
      "end" : 775,
      "text" : "'s",
      "whiteSpace" : false
    }, {
      "id" : "s4-t56",
      "begin" : 776,
      "end" : 785,
      "text" : "principal",
      "whiteSpace" : false
    }, {
      "id" : "s4-t57",
      "begin" : 786,
      "end" : 794,
      "text" : "engineer",
      "whiteSpace" : false
    }, {
      "id" : "s4-t58",
      "begin" : 794,
      "end" : 795,
      "text" : ",",
      "whiteSpace" : false
    }, {
      "id" : "s4-t59",
      "begin" : 796,
      "end" : 798,
      "text" : "in",
      "whiteSpace" : false
    }, {
      "id" : "s4-t60",
      "begin" : 799,
      "end" : 800,
      "text" : "a",
      "whiteSpace" : false
    }, {
      "id" : "s4-t61",
      "begin" : 801,
      "end" : 805,
      "text" : "blog",
      "whiteSpace" : false
    }, {
      "id" : "s4-t62",
      "begin" : 806,
      "end" : 810,
      "text" : "post",
      "whiteSpace" : false
    }, {
      "id" : "s4-t63",
      "begin" : 810,
      "end" : 811,
      "text" : ".",
      "whiteSpace" : false
    } ]
  }, {
    "id" : "s5",
    "begin" : 812,
    "end" : 935,
    "text" : "'These tools generate and send some data back-and-forth between the user's computer and a server elsewhere on the Internet.",
    "tokens" : [ {
      "id" : "s5-t0",
      "begin" : 812,
      "end" : 813,
      "text" : "'",
      "whiteSpace" : false
    }, {
      "id" : "s5-t1",
      "begin" : 813,
      "end" : 818,
      "text" : "These",
      "whiteSpace" : false
    }, {
      "id" : "s5-t2",
      "begin" : 819,
      "end" : 824,
      "text" : "tools",
      "whiteSpace" : false
    }, {
      "id" : "s5-t3",
      "begin" : 825,
      "end" : 833,
      "text" : "generate",
      "whiteSpace" : false
    }, {
      "id" : "s5-t4",
      "begin" : 834,
      "end" : 837,
      "text" : "and",
      "whiteSpace" : false
    }, {
      "id" : "s5-t5",
      "begin" : 838,
      "end" : 842,
      "text" : "send",
      "whiteSpace" : false
    }, {
      "id" : "s5-t6",
      "begin" : 843,
      "end" : 847,
      "text" : "some",
      "whiteSpace" : false
    }, {
      "id" : "s5-t7",
      "begin" : 848,
      "end" : 852,
      "text" : "data",
      "whiteSpace" : false
    }, {
      "id" : "s5-t8",
      "begin" : 853,
      "end" : 867,
      "text" : "back-and-forth",
      "whiteSpace" : false
    }, {
      "id" : "s5-t9",
      "begin" : 868,
      "end" : 875,
      "text" : "between",
      "whiteSpace" : false
    }, {
      "id" : "s5-t10",
      "begin" : 876,
      "end" : 879,
      "text" : "the",
      "whiteSpace" : false
    }, {
      "id" : "s5-t11",
      "begin" : 880,
      "end" : 884,
      "text" : "user",
      "whiteSpace" : false
    }, {
      "id" : "s5-t12",
      "begin" : 884,
      "end" : 886,
      "text" : "'s",
      "whiteSpace" : false
    }, {
      "id" : "s5-t13",
      "begin" : 887,
      "end" : 895,
      "text" : "computer",
      "whiteSpace" : false
    }, {
      "id" : "s5-t14",
      "begin" : 896,
      "end" : 899,
      "text" : "and",
      "whiteSpace" : false
    }, {
      "id" : "s5-t15",
      "begin" : 900,
      "end" : 901,
      "text" : "a",
      "whiteSpace" : false
    }, {
      "id" : "s5-t16",
      "begin" : 902,
      "end" : 908,
      "text" : "server",
      "whiteSpace" : false
    }, {
      "id" : "s5-t17",
      "begin" : 909,
      "end" : 918,
      "text" : "elsewhere",
      "whiteSpace" : false
    }, {
      "id" : "s5-t18",
      "begin" : 919,
      "end" : 921,
      "text" : "on",
      "whiteSpace" : false
    }, {
      "id" : "s5-t19",
      "begin" : 922,
      "end" : 925,
      "text" : "the",
      "whiteSpace" : false
    }, {
      "id" : "s5-t20",
      "begin" : 926,
      "end" : 934,
      "text" : "Internet",
      "whiteSpace" : false
    }, {
      "id" : "s5-t21",
      "begin" : 934,
      "end" : 935,
      "text" : ".",
      "whiteSpace" : false
    } ]
  }, {
    "id" : "s6",
    "begin" : 936,
    "end" : 1019,
    "text" : "Unfortunately, researchers lack widely-distributed servers with ample connectivity.",
    "tokens" : [ {
      "id" : "s6-t0",
      "begin" : 936,
      "end" : 949,
      "text" : "Unfortunately",
      "whiteSpace" : false
    }, {
      "id" : "s6-t1",
      "begin" : 949,
      "end" : 950,
      "text" : ",",
      "whiteSpace" : false
    }, {
      "id" : "s6-t2",
      "begin" : 951,
      "end" : 962,
      "text" : "researchers",
      "whiteSpace" : false
    }, {
      "id" : "s6-t3",
      "begin" : 963,
      "end" : 967,
      "text" : "lack",
      "whiteSpace" : false
    }, {
      "id" : "s6-t4",
      "begin" : 968,
      "end" : 974,
      "text" : "widely",
      "whiteSpace" : false
    }, {
      "id" : "s6-t5",
      "begin" : 974,
      "end" : 975,
      "text" : "-",
      "whiteSpace" : false
    }, {
      "id" : "s6-t6",
      "begin" : 975,
      "end" : 986,
      "text" : "distributed",
      "whiteSpace" : false
    }, {
      "id" : "s6-t7",
      "begin" : 987,
      "end" : 994,
      "text" : "servers",
      "whiteSpace" : false
    }, {
      "id" : "s6-t8",
      "begin" : 995,
      "end" : 999,
      "text" : "with",
      "whiteSpace" : false
    }, {
      "id" : "s6-t9",
      "begin" : 1000,
      "end" : 1005,
      "text" : "ample",
      "whiteSpace" : false
    }, {
      "id" : "s6-t10",
      "begin" : 1006,
      "end" : 1018,
      "text" : "connectivity",
      "whiteSpace" : false
    }, {
      "id" : "s6-t11",
      "begin" : 1018,
      "end" : 1019,
      "text" : ".",
      "whiteSpace" : false
    } ]
  }, {
    "id" : "s7",
    "begin" : 1020,
    "end" : 1088,
    "text" : "This poses a barrier to the accuracy and scalability of these tools.",
    "tokens" : [ {
      "id" : "s7-t0",
      "begin" : 1020,
      "end" : 1024,
      "text" : "This",
      "whiteSpace" : false
    }, {
      "id" : "s7-t1",
      "begin" : 1025,
      "end" : 1030,
      "text" : "poses",
      "whiteSpace" : false
    }, {
      "id" : "s7-t2",
      "begin" : 1031,
      "end" : 1032,
      "text" : "a",
      "whiteSpace" : false
    }, {
      "id" : "s7-t3",
      "begin" : 1033,
      "end" : 1040,
      "text" : "barrier",
      "whiteSpace" : false
    }, {
      "id" : "s7-t4",
      "begin" : 1041,
      "end" : 1043,
      "text" : "to",
      "whiteSpace" : false
    }, {
      "id" : "s7-t5",
      "begin" : 1044,
      "end" : 1047,
      "text" : "the",
      "whiteSpace" : false
    }, {
      "id" : "s7-t6",
      "begin" : 1048,
      "end" : 1056,
      "text" : "accuracy",
      "whiteSpace" : false
    }, {
      "id" : "s7-t7",
      "begin" : 1057,
      "end" : 1060,
      "text" : "and",
      "whiteSpace" : false
    }, {
      "id" : "s7-t8",
      "begin" : 1061,
      "end" : 1072,
      "text" : "scalability",
      "whiteSpace" : false
    }, {
      "id" : "s7-t9",
      "begin" : 1073,
      "end" : 1075,
      "text" : "of",
      "whiteSpace" : false
    }, {
      "id" : "s7-t10",
      "begin" : 1076,
      "end" : 1081,
      "text" : "these",
      "whiteSpace" : false
    }, {
      "id" : "s7-t11",
      "begin" : 1082,
      "end" : 1087,
      "text" : "tools",
      "whiteSpace" : false
    }, {
      "id" : "s7-t12",
      "begin" : 1087,
      "end" : 1088,
      "text" : ".",
      "whiteSpace" : false
    } ]
  }, {
    "id" : "s8",
    "begin" : 1088,
    "end" : 1211,
    "text" : "'\r\rTo tackle the problem, Google announced late Wednesday that it will host the tools on 37 servers in the U.S. and Europe.",
    "tokens" : [ {
      "id" : "s8-t0",
      "begin" : 1088,
      "end" : 1089,
      "text" : "'",
      "whiteSpace" : false
    }, {
      "id" : "s8-t1",
      "begin" : 1091,
      "end" : 1093,
      "text" : "To",
      "whiteSpace" : false
    }, {
      "id" : "s8-t2",
      "begin" : 1094,
      "end" : 1100,
      "text" : "tackle",
      "whiteSpace" : false
    }, {
      "id" : "s8-t3",
      "begin" : 1101,
      "end" : 1104,
      "text" : "the",
      "whiteSpace" : false
    }, {
      "id" : "s8-t4",
      "begin" : 1105,
      "end" : 1112,
      "text" : "problem",
      "whiteSpace" : false
    }, {
      "id" : "s8-t5",
      "begin" : 1112,
      "end" : 1113,
      "text" : ",",
      "whiteSpace" : false
    }, {
      "id" : "s8-t6",
      "begin" : 1114,
      "end" : 1120,
      "text" : "Google",
      "whiteSpace" : false
    }, {
      "id" : "s8-t7",
      "begin" : 1121,
      "end" : 1130,
      "text" : "announced",
      "whiteSpace" : false
    }, {
      "id" : "s8-t8",
      "begin" : 1131,
      "end" : 1135,
      "text" : "late",
      "whiteSpace" : false
    }, {
      "id" : "s8-t9",
      "begin" : 1136,
      "end" : 1145,
      "text" : "Wednesday",
      "whiteSpace" : false
    }, {
      "id" : "s8-t10",
      "begin" : 1146,
      "end" : 1150,
      "text" : "that",
      "whiteSpace" : false
    }, {
      "id" : "s8-t11",
      "begin" : 1151,
      "end" : 1153,
      "text" : "it",
      "whiteSpace" : false
    }, {
      "id" : "s8-t12",
      "begin" : 1154,
      "end" : 1158,
      "text" : "will",
      "whiteSpace" : false
    }, {
      "id" : "s8-t13",
      "begin" : 1159,
      "end" : 1163,
      "text" : "host",
      "whiteSpace" : false
    }, {
      "id" : "s8-t14",
      "begin" : 1164,
      "end" : 1167,
      "text" : "the",
      "whiteSpace" : false
    }, {
      "id" : "s8-t15",
      "begin" : 1168,
      "end" : 1173,
      "text" : "tools",
      "whiteSpace" : false
    }, {
      "id" : "s8-t16",
      "begin" : 1174,
      "end" : 1176,
      "text" : "on",
      "whiteSpace" : false
    }, {
      "id" : "s8-t17",
      "begin" : 1177,
      "end" : 1179,
      "text" : "37",
      "whiteSpace" : false
    }, {
      "id" : "s8-t18",
      "begin" : 1180,
      "end" : 1187,
      "text" : "servers",
      "whiteSpace" : false
    }, {
      "id" : "s8-t19",
      "begin" : 1188,
      "end" : 1190,
      "text" : "in",
      "whiteSpace" : false
    }, {
      "id" : "s8-t20",
      "begin" : 1191,
      "end" : 1194,
      "text" : "the",
      "whiteSpace" : false
    }, {
      "id" : "s8-t21",
      "begin" : 1195,
      "end" : 1199,
      "text" : "U.S.",
      "whiteSpace" : false
    }, {
      "id" : "s8-t22",
      "begin" : 1200,
      "end" : 1203,
      "text" : "and",
      "whiteSpace" : false
    }, {
      "id" : "s8-t23",
      "begin" : 1204,
      "end" : 1210,
      "text" : "Europe",
      "whiteSpace" : false
    }, {
      "id" : "s8-t24",
      "begin" : 1210,
      "end" : 1211,
      "text" : ".",
      "whiteSpace" : false
    } ]
  }, {
    "id" : "s9",
    "begin" : 1212,
    "end" : 1392,
    "text" : "The tools are designed to help users try to figure out what might be impairing their broadband speed, as well as find out if BitTorrent is being blocked or throttled by their ISPs.",
    "tokens" : [ {
      "id" : "s9-t0",
      "begin" : 1212,
      "end" : 1215,
      "text" : "The",
      "whiteSpace" : false
    }, {
      "id" : "s9-t1",
      "begin" : 1216,
      "end" : 1221,
      "text" : "tools",
      "whiteSpace" : false
    }, {
      "id" : "s9-t2",
      "begin" : 1222,
      "end" : 1225,
      "text" : "are",
      "whiteSpace" : false
    }, {
      "id" : "s9-t3",
      "begin" : 1226,
      "end" : 1234,
      "text" : "designed",
      "whiteSpace" : false
    }, {
      "id" : "s9-t4",
      "begin" : 1235,
      "end" : 1237,
      "text" : "to",
      "whiteSpace" : false
    }, {
      "id" : "s9-t5",
      "begin" : 1238,
      "end" : 1242,
      "text" : "help",
      "whiteSpace" : false
    }, {
      "id" : "s9-t6",
      "begin" : 1243,
      "end" : 1248,
      "text" : "users",
      "whiteSpace" : false
    }, {
      "id" : "s9-t7",
      "begin" : 1249,
      "end" : 1252,
      "text" : "try",
      "whiteSpace" : false
    }, {
      "id" : "s9-t8",
      "begin" : 1253,
      "end" : 1255,
      "text" : "to",
      "whiteSpace" : false
    }, {
      "id" : "s9-t9",
      "begin" : 1256,
      "end" : 1262,
      "text" : "figure",
      "whiteSpace" : false
    }, {
      "id" : "s9-t10",
      "begin" : 1263,
      "end" : 1266,
      "text" : "out",
      "whiteSpace" : false
    }, {
      "id" : "s9-t11",
      "begin" : 1267,
      "end" : 1271,
      "text" : "what",
      "whiteSpace" : false
    }, {
      "id" : "s9-t12",
      "begin" : 1272,
      "end" : 1277,
      "text" : "might",
      "whiteSpace" : false
    }, {
      "id" : "s9-t13",
      "begin" : 1278,
      "end" : 1280,
      "text" : "be",
      "whiteSpace" : false
    }, {
      "id" : "s9-t14",
      "begin" : 1281,
      "end" : 1290,
      "text" : "impairing",
      "whiteSpace" : false
    }, {
      "id" : "s9-t15",
      "begin" : 1291,
      "end" : 1296,
      "text" : "their",
      "whiteSpace" : false
    }, {
      "id" : "s9-t16",
      "begin" : 1297,
      "end" : 1306,
      "text" : "broadband",
      "whiteSpace" : false
    }, {
      "id" : "s9-t17",
      "begin" : 1307,
      "end" : 1312,
      "text" : "speed",
      "whiteSpace" : false
    }, {
      "id" : "s9-t18",
      "begin" : 1312,
      "end" : 1313,
      "text" : ",",
      "whiteSpace" : false
    }, {
      "id" : "s9-t19",
      "begin" : 1314,
      "end" : 1316,
      "text" : "as",
      "whiteSpace" : false
    }, {
      "id" : "s9-t20",
      "begin" : 1317,
      "end" : 1321,
      "text" : "well",
      "whiteSpace" : false
    }, {
      "id" : "s9-t21",
      "begin" : 1322,
      "end" : 1324,
      "text" : "as",
      "whiteSpace" : false
    }, {
      "id" : "s9-t22",
      "begin" : 1325,
      "end" : 1329,
      "text" : "find",
      "whiteSpace" : false
    }, {
      "id" : "s9-t23",
      "begin" : 1330,
      "end" : 1333,
      "text" : "out",
      "whiteSpace" : false
    }, {
      "id" : "s9-t24",
      "begin" : 1334,
      "end" : 1336,
      "text" : "if",
      "whiteSpace" : false
    }, {
      "id" : "s9-t25",
      "begin" : 1337,
      "end" : 1347,
      "text" : "BitTorrent",
      "whiteSpace" : false
    }, {
      "id" : "s9-t26",
      "begin" : 1348,
      "end" : 1350,
      "text" : "is",
      "whiteSpace" : false
    }, {
      "id" : "s9-t27",
      "begin" : 1351,
      "end" : 1356,
      "text" : "being",
      "whiteSpace" : false
    }, {
      "id" : "s9-t28",
      "begin" : 1357,
      "end" : 1364,
      "text" : "blocked",
      "whiteSpace" : false
    }, {
      "id" : "s9-t29",
      "begin" : 1365,
      "end" : 1367,
      "text" : "or",
      "whiteSpace" : false
    }, {
      "id" : "s9-t30",
      "begin" : 1368,
      "end" : 1377,
      "text" : "throttled",
      "whiteSpace" : false
    }, {
      "id" : "s9-t31",
      "begin" : 1378,
      "end" : 1380,
      "text" : "by",
      "whiteSpace" : false
    }, {
      "id" : "s9-t32",
      "begin" : 1381,
      "end" : 1386,
      "text" : "their",
      "whiteSpace" : false
    }, {
      "id" : "s9-t33",
      "begin" : 1387,
      "end" : 1391,
      "text" : "ISPs",
      "whiteSpace" : false
    }, {
      "id" : "s9-t34",
      "begin" : 1391,
      "end" : 1392,
      "text" : ".",
      "whiteSpace" : false
    } ]
  }, {
    "id" : "s10",
    "begin" : 1394,
    "end" : 1636,
    "text" : "'Seems like the intention behind this is to give consumers a way to keep tabs on their provider and make sure that they're getting what they're paying for in terms of speed,' said Dan Olds, principal analyst with the Gabriel Consulting Group.",
    "tokens" : [ {
      "id" : "s10-t0",
      "begin" : 1394,
      "end" : 1395,
      "text" : "'",
      "whiteSpace" : false
    }, {
      "id" : "s10-t1",
      "begin" : 1395,
      "end" : 1400,
      "text" : "Seems",
      "whiteSpace" : false
    }, {
      "id" : "s10-t2",
      "begin" : 1401,
      "end" : 1405,
      "text" : "like",
      "whiteSpace" : false
    }, {
      "id" : "s10-t3",
      "begin" : 1406,
      "end" : 1409,
      "text" : "the",
      "whiteSpace" : false
    }, {
      "id" : "s10-t4",
      "begin" : 1410,
      "end" : 1419,
      "text" : "intention",
      "whiteSpace" : false
    }, {
      "id" : "s10-t5",
      "begin" : 1420,
      "end" : 1426,
      "text" : "behind",
      "whiteSpace" : false
    }, {
      "id" : "s10-t6",
      "begin" : 1427,
      "end" : 1431,
      "text" : "this",
      "whiteSpace" : false
    }, {
      "id" : "s10-t7",
      "begin" : 1432,
      "end" : 1434,
      "text" : "is",
      "whiteSpace" : false
    }, {
      "id" : "s10-t8",
      "begin" : 1435,
      "end" : 1437,
      "text" : "to",
      "whiteSpace" : false
    }, {
      "id" : "s10-t9",
      "begin" : 1438,
      "end" : 1442,
      "text" : "give",
      "whiteSpace" : false
    }, {
      "id" : "s10-t10",
      "begin" : 1443,
      "end" : 1452,
      "text" : "consumers",
      "whiteSpace" : false
    }, {
      "id" : "s10-t11",
      "begin" : 1453,
      "end" : 1454,
      "text" : "a",
      "whiteSpace" : false
    }, {
      "id" : "s10-t12",
      "begin" : 1455,
      "end" : 1458,
      "text" : "way",
      "whiteSpace" : false
    }, {
      "id" : "s10-t13",
      "begin" : 1459,
      "end" : 1461,
      "text" : "to",
      "whiteSpace" : false
    }, {
      "id" : "s10-t14",
      "begin" : 1462,
      "end" : 1466,
      "text" : "keep",
      "whiteSpace" : false
    }, {
      "id" : "s10-t15",
      "begin" : 1467,
      "end" : 1471,
      "text" : "tabs",
      "whiteSpace" : false
    }, {
      "id" : "s10-t16",
      "begin" : 1472,
      "end" : 1474,
      "text" : "on",
      "whiteSpace" : false
    }, {
      "id" : "s10-t17",
      "begin" : 1475,
      "end" : 1480,
      "text" : "their",
      "whiteSpace" : false
    }, {
      "id" : "s10-t18",
      "begin" : 1481,
      "end" : 1489,
      "text" : "provider",
      "whiteSpace" : false
    }, {
      "id" : "s10-t19",
      "begin" : 1490,
      "end" : 1493,
      "text" : "and",
      "whiteSpace" : false
    }, {
      "id" : "s10-t20",
      "begin" : 1494,
      "end" : 1498,
      "text" : "make",
      "whiteSpace" : false
    }, {
      "id" : "s10-t21",
      "begin" : 1499,
      "end" : 1503,
      "text" : "sure",
      "whiteSpace" : false
    }, {
      "id" : "s10-t22",
      "begin" : 1504,
      "end" : 1508,
      "text" : "that",
      "whiteSpace" : false
    }, {
      "id" : "s10-t23",
      "begin" : 1509,
      "end" : 1513,
      "text" : "they",
      "whiteSpace" : false
    }, {
      "id" : "s10-t24",
      "begin" : 1513,
      "end" : 1516,
      "text" : "'re",
      "whiteSpace" : false
    }, {
      "id" : "s10-t25",
      "begin" : 1517,
      "end" : 1524,
      "text" : "getting",
      "whiteSpace" : false
    }, {
      "id" : "s10-t26",
      "begin" : 1525,
      "end" : 1529,
      "text" : "what",
      "whiteSpace" : false
    }, {
      "id" : "s10-t27",
      "begin" : 1530,
      "end" : 1534,
      "text" : "they",
      "whiteSpace" : false
    }, {
      "id" : "s10-t28",
      "begin" : 1534,
      "end" : 1537,
      "text" : "'re",
      "whiteSpace" : false
    }, {
      "id" : "s10-t29",
      "begin" : 1538,
      "end" : 1544,
      "text" : "paying",
      "whiteSpace" : false
    }, {
      "id" : "s10-t30",
      "begin" : 1545,
      "end" : 1548,
      "text" : "for",
      "whiteSpace" : false
    }, {
      "id" : "s10-t31",
      "begin" : 1549,
      "end" : 1551,
      "text" : "in",
      "whiteSpace" : false
    }, {
      "id" : "s10-t32",
      "begin" : 1552,
      "end" : 1557,
      "text" : "terms",
      "whiteSpace" : false
    }, {
      "id" : "s10-t33",
      "begin" : 1558,
      "end" : 1560,
      "text" : "of",
      "whiteSpace" : false
    }, {
      "id" : "s10-t34",
      "begin" : 1561,
      "end" : 1566,
      "text" : "speed",
      "whiteSpace" : false
    }, {
      "id" : "s10-t35",
      "begin" : 1566,
      "end" : 1567,
      "text" : ",",
      "whiteSpace" : false
    }, {
      "id" : "s10-t36",
      "begin" : 1567,
      "end" : 1568,
      "text" : "'",
      "whiteSpace" : false
    }, {
      "id" : "s10-t37",
      "begin" : 1569,
      "end" : 1573,
      "text" : "said",
      "whiteSpace" : false
    }, {
      "id" : "s10-t38",
      "begin" : 1574,
      "end" : 1577,
      "text" : "Dan",
      "whiteSpace" : false
    }, {
      "id" : "s10-t39",
      "begin" : 1578,
      "end" : 1582,
      "text" : "Olds",
      "whiteSpace" : false
    }, {
      "id" : "s10-t40",
      "begin" : 1582,
      "end" : 1583,
      "text" : ",",
      "whiteSpace" : false
    }, {
      "id" : "s10-t41",
      "begin" : 1584,
      "end" : 1593,
      "text" : "principal",
      "whiteSpace" : false
    }, {
      "id" : "s10-t42",
      "begin" : 1594,
      "end" : 1601,
      "text" : "analyst",
      "whiteSpace" : false
    }, {
      "id" : "s10-t43",
      "begin" : 1602,
      "end" : 1606,
      "text" : "with",
      "whiteSpace" : false
    }, {
      "id" : "s10-t44",
      "begin" : 1607,
      "end" : 1610,
      "text" : "the",
      "whiteSpace" : false
    }, {
      "id" : "s10-t45",
      "begin" : 1611,
      "end" : 1618,
      "text" : "Gabriel",
      "whiteSpace" : false
    }, {
      "id" : "s10-t46",
      "begin" : 1619,
      "end" : 1629,
      "text" : "Consulting",
      "whiteSpace" : false
    }, {
      "id" : "s10-t47",
      "begin" : 1630,
      "end" : 1635,
      "text" : "Group",
      "whiteSpace" : false
    }, {
      "id" : "s10-t48",
      "begin" : 1635,
      "end" : 1636,
      "text" : ".",
      "whiteSpace" : false
    } ]
  }, {
    "id" : "s11",
    "begin" : 1637,
    "end" : 1799,
    "text" : "'Also, with these tools, consumers will supposedly be able to tell if particular high bandwidth applications, like BitTorrent, are being constrained by their ISP.",
    "tokens" : [ {
      "id" : "s11-t0",
      "begin" : 1637,
      "end" : 1638,
      "text" : "'",
      "whiteSpace" : false
    }, {
      "id" : "s11-t1",
      "begin" : 1638,
      "end" : 1642,
      "text" : "Also",
      "whiteSpace" : false
    }, {
      "id" : "s11-t2",
      "begin" : 1642,
      "end" : 1643,
      "text" : ",",
      "whiteSpace" : false
    }, {
      "id" : "s11-t3",
      "begin" : 1644,
      "end" : 1648,
      "text" : "with",
      "whiteSpace" : false
    }, {
      "id" : "s11-t4",
      "begin" : 1649,
      "end" : 1654,
      "text" : "these",
      "whiteSpace" : false
    }, {
      "id" : "s11-t5",
      "begin" : 1655,
      "end" : 1660,
      "text" : "tools",
      "whiteSpace" : false
    }, {
      "id" : "s11-t6",
      "begin" : 1660,
      "end" : 1661,
      "text" : ",",
      "whiteSpace" : false
    }, {
      "id" : "s11-t7",
      "begin" : 1662,
      "end" : 1671,
      "text" : "consumers",
      "whiteSpace" : false
    }, {
      "id" : "s11-t8",
      "begin" : 1672,
      "end" : 1676,
      "text" : "will",
      "whiteSpace" : false
    }, {
      "id" : "s11-t9",
      "begin" : 1677,
      "end" : 1687,
      "text" : "supposedly",
      "whiteSpace" : false
    }, {
      "id" : "s11-t10",
      "begin" : 1688,
      "end" : 1690,
      "text" : "be",
      "whiteSpace" : false
    }, {
      "id" : "s11-t11",
      "begin" : 1691,
      "end" : 1695,
      "text" : "able",
      "whiteSpace" : false
    }, {
      "id" : "s11-t12",
      "begin" : 1696,
      "end" : 1698,
      "text" : "to",
      "whiteSpace" : false
    }, {
      "id" : "s11-t13",
      "begin" : 1699,
      "end" : 1703,
      "text" : "tell",
      "whiteSpace" : false
    }, {
      "id" : "s11-t14",
      "begin" : 1704,
      "end" : 1706,
      "text" : "if",
      "whiteSpace" : false
    }, {
      "id" : "s11-t15",
      "begin" : 1707,
      "end" : 1717,
      "text" : "particular",
      "whiteSpace" : false
    }, {
      "id" : "s11-t16",
      "begin" : 1718,
      "end" : 1722,
      "text" : "high",
      "whiteSpace" : false
    }, {
      "id" : "s11-t17",
      "begin" : 1723,
      "end" : 1732,
      "text" : "bandwidth",
      "whiteSpace" : false
    }, {
      "id" : "s11-t18",
      "begin" : 1733,
      "end" : 1745,
      "text" : "applications",
      "whiteSpace" : false
    }, {
      "id" : "s11-t19",
      "begin" : 1745,
      "end" : 1746,
      "text" : ",",
      "whiteSpace" : false
    }, {
      "id" : "s11-t20",
      "begin" : 1747,
      "end" : 1751,
      "text" : "like",
      "whiteSpace" : false
    }, {
      "id" : "s11-t21",
      "begin" : 1752,
      "end" : 1762,
      "text" : "BitTorrent",
      "whiteSpace" : false
    }, {
      "id" : "s11-t22",
      "begin" : 1762,
      "end" : 1763,
      "text" : ",",
      "whiteSpace" : false
    }, {
      "id" : "s11-t23",
      "begin" : 1764,
      "end" : 1767,
      "text" : "are",
      "whiteSpace" : false
    }, {
      "id" : "s11-t24",
      "begin" : 1768,
      "end" : 1773,
      "text" : "being",
      "whiteSpace" : false
    }, {
      "id" : "s11-t25",
      "begin" : 1774,
      "end" : 1785,
      "text" : "constrained",
      "whiteSpace" : false
    }, {
      "id" : "s11-t26",
      "begin" : 1786,
      "end" : 1788,
      "text" : "by",
      "whiteSpace" : false
    }, {
      "id" : "s11-t27",
      "begin" : 1789,
      "end" : 1794,
      "text" : "their",
      "whiteSpace" : false
    }, {
      "id" : "s11-t28",
      "begin" : 1795,
      "end" : 1798,
      "text" : "ISP",
      "whiteSpace" : false
    }, {
      "id" : "s11-t29",
      "begin" : 1798,
      "end" : 1799,
      "text" : ".",
      "whiteSpace" : false
    } ]
  }, {
    "id" : "s12",
    "begin" : 1800,
    "end" : 1966,
    "text" : "So if an ISP is limiting video downloads, for example, consumers can use the Google tool, figure it out, and start a huge outcry, putting pressure on the ISP to stop.",
    "tokens" : [ {
      "id" : "s12-t0",
      "begin" : 1800,
      "end" : 1802,
      "text" : "So",
      "whiteSpace" : false
    }, {
      "id" : "s12-t1",
      "begin" : 1803,
      "end" : 1805,
      "text" : "if",
      "whiteSpace" : false
    }, {
      "id" : "s12-t2",
      "begin" : 1806,
      "end" : 1808,
      "text" : "an",
      "whiteSpace" : false
    }, {
      "id" : "s12-t3",
      "begin" : 1809,
      "end" : 1812,
      "text" : "ISP",
      "whiteSpace" : false
    }, {
      "id" : "s12-t4",
      "begin" : 1813,
      "end" : 1815,
      "text" : "is",
      "whiteSpace" : false
    }, {
      "id" : "s12-t5",
      "begin" : 1816,
      "end" : 1824,
      "text" : "limiting",
      "whiteSpace" : false
    }, {
      "id" : "s12-t6",
      "begin" : 1825,
      "end" : 1830,
      "text" : "video",
      "whiteSpace" : false
    }, {
      "id" : "s12-t7",
      "begin" : 1831,
      "end" : 1840,
      "text" : "downloads",
      "whiteSpace" : false
    }, {
      "id" : "s12-t8",
      "begin" : 1840,
      "end" : 1841,
      "text" : ",",
      "whiteSpace" : false
    }, {
      "id" : "s12-t9",
      "begin" : 1842,
      "end" : 1845,
      "text" : "for",
      "whiteSpace" : false
    }, {
      "id" : "s12-t10",
      "begin" : 1846,
      "end" : 1853,
      "text" : "example",
      "whiteSpace" : false
    }, {
      "id" : "s12-t11",
      "begin" : 1853,
      "end" : 1854,
      "text" : ",",
      "whiteSpace" : false
    }, {
      "id" : "s12-t12",
      "begin" : 1855,
      "end" : 1864,
      "text" : "consumers",
      "whiteSpace" : false
    }, {
      "id" : "s12-t13",
      "begin" : 1865,
      "end" : 1868,
      "text" : "can",
      "whiteSpace" : false
    }, {
      "id" : "s12-t14",
      "begin" : 1869,
      "end" : 1872,
      "text" : "use",
      "whiteSpace" : false
    }, {
      "id" : "s12-t15",
      "begin" : 1873,
      "end" : 1876,
      "text" : "the",
      "whiteSpace" : false
    }, {
      "id" : "s12-t16",
      "begin" : 1877,
      "end" : 1883,
      "text" : "Google",
      "whiteSpace" : false
    }, {
      "id" : "s12-t17",
      "begin" : 1884,
      "end" : 1888,
      "text" : "tool",
      "whiteSpace" : false
    }, {
      "id" : "s12-t18",
      "begin" : 1888,
      "end" : 1889,
      "text" : ",",
      "whiteSpace" : false
    }, {
      "id" : "s12-t19",
      "begin" : 1890,
      "end" : 1896,
      "text" : "figure",
      "whiteSpace" : false
    }, {
      "id" : "s12-t20",
      "begin" : 1897,
      "end" : 1899,
      "text" : "it",
      "whiteSpace" : false
    }, {
      "id" : "s12-t21",
      "begin" : 1900,
      "end" : 1903,
      "text" : "out",
      "whiteSpace" : false
    }, {
      "id" : "s12-t22",
      "begin" : 1903,
      "end" : 1904,
      "text" : ",",
      "whiteSpace" : false
    }, {
      "id" : "s12-t23",
      "begin" : 1905,
      "end" : 1908,
      "text" : "and",
      "whiteSpace" : false
    }, {
      "id" : "s12-t24",
      "begin" : 1909,
      "end" : 1914,
      "text" : "start",
      "whiteSpace" : false
    }, {
      "id" : "s12-t25",
      "begin" : 1915,
      "end" : 1916,
      "text" : "a",
      "whiteSpace" : false
    }, {
      "id" : "s12-t26",
      "begin" : 1917,
      "end" : 1921,
      "text" : "huge",
      "whiteSpace" : false
    }, {
      "id" : "s12-t27",
      "begin" : 1922,
      "end" : 1928,
      "text" : "outcry",
      "whiteSpace" : false
    }, {
      "id" : "s12-t28",
      "begin" : 1928,
      "end" : 1929,
      "text" : ",",
      "whiteSpace" : false
    }, {
      "id" : "s12-t29",
      "begin" : 1930,
      "end" : 1937,
      "text" : "putting",
      "whiteSpace" : false
    }, {
      "id" : "s12-t30",
      "begin" : 1938,
      "end" : 1946,
      "text" : "pressure",
      "whiteSpace" : false
    }, {
      "id" : "s12-t31",
      "begin" : 1947,
      "end" : 1949,
      "text" : "on",
      "whiteSpace" : false
    }, {
      "id" : "s12-t32",
      "begin" : 1950,
      "end" : 1953,
      "text" : "the",
      "whiteSpace" : false
    }, {
      "id" : "s12-t33",
      "begin" : 1954,
      "end" : 1957,
      "text" : "ISP",
      "whiteSpace" : false
    }, {
      "id" : "s12-t34",
      "begin" : 1958,
      "end" : 1960,
      "text" : "to",
      "whiteSpace" : false
    }, {
      "id" : "s12-t35",
      "begin" : 1961,
      "end" : 1965,
      "text" : "stop",
      "whiteSpace" : false
    }, {
      "id" : "s12-t36",
      "begin" : 1965,
      "end" : 1966,
      "text" : ".",
      "whiteSpace" : false
    } ]
  }, {
    "id" : "s13",
    "begin" : 1966,
    "end" : 2080,
    "text" : "'\r\rJust last month, an analyst with ties to the telecom industry released a report calling Google a bandwidth hog.",
    "tokens" : [ {
      "id" : "s13-t0",
      "begin" : 1966,
      "end" : 1967,
      "text" : "'",
      "whiteSpace" : false
    }, {
      "id" : "s13-t1",
      "begin" : 1969,
      "end" : 1973,
      "text" : "Just",
      "whiteSpace" : false
    }, {
      "id" : "s13-t2",
      "begin" : 1974,
      "end" : 1978,
      "text" : "last",
      "whiteSpace" : false
    }, {
      "id" : "s13-t3",
      "begin" : 1979,
      "end" : 1984,
      "text" : "month",
      "whiteSpace" : false
    }, {
      "id" : "s13-t4",
      "begin" : 1984,
      "end" : 1985,
      "text" : ",",
      "whiteSpace" : false
    }, {
      "id" : "s13-t5",
      "begin" : 1986,
      "end" : 1988,
      "text" : "an",
      "whiteSpace" : false
    }, {
      "id" : "s13-t6",
      "begin" : 1989,
      "end" : 1996,
      "text" : "analyst",
      "whiteSpace" : false
    }, {
      "id" : "s13-t7",
      "begin" : 1997,
      "end" : 2001,
      "text" : "with",
      "whiteSpace" : false
    }, {
      "id" : "s13-t8",
      "begin" : 2002,
      "end" : 2006,
      "text" : "ties",
      "whiteSpace" : false
    }, {
      "id" : "s13-t9",
      "begin" : 2007,
      "end" : 2009,
      "text" : "to",
      "whiteSpace" : false
    }, {
      "id" : "s13-t10",
      "begin" : 2010,
      "end" : 2013,
      "text" : "the",
      "whiteSpace" : false
    }, {
      "id" : "s13-t11",
      "begin" : 2014,
      "end" : 2021,
      "text" : "telecom",
      "whiteSpace" : false
    }, {
      "id" : "s13-t12",
      "begin" : 2022,
      "end" : 2030,
      "text" : "industry",
      "whiteSpace" : false
    }, {
      "id" : "s13-t13",
      "begin" : 2031,
      "end" : 2039,
      "text" : "released",
      "whiteSpace" : false
    }, {
      "id" : "s13-t14",
      "begin" : 2040,
      "end" : 2041,
      "text" : "a",
      "whiteSpace" : false
    }, {
      "id" : "s13-t15",
      "begin" : 2042,
      "end" : 2048,
      "text" : "report",
      "whiteSpace" : false
    }, {
      "id" : "s13-t16",
      "begin" : 2049,
      "end" : 2056,
      "text" : "calling",
      "whiteSpace" : false
    }, {
      "id" : "s13-t17",
      "begin" : 2057,
      "end" : 2063,
      "text" : "Google",
      "whiteSpace" : false
    }, {
      "id" : "s13-t18",
      "begin" : 2064,
      "end" : 2065,
      "text" : "a",
      "whiteSpace" : false
    }, {
      "id" : "s13-t19",
      "begin" : 2066,
      "end" : 2075,
      "text" : "bandwidth",
      "whiteSpace" : false
    }, {
      "id" : "s13-t20",
      "begin" : 2076,
      "end" : 2079,
      "text" : "hog",
      "whiteSpace" : false
    }, {
      "id" : "s13-t21",
      "begin" : 2079,
      "end" : 2080,
      "text" : ".",
      "whiteSpace" : false
    } ]
  }, {
    "id" : "s14",
    "begin" : 2081,
    "end" : 2290,
    "text" : "Scott Cleland, president of Precursor LLC, a research firm bankrolled by telecom heavyweights like AT&T Inc. and Verizon Communications Inc., reported that Google uses 21 times more bandwidth than it pays for.",
    "tokens" : [ {
      "id" : "s14-t0",
      "begin" : 2081,
      "end" : 2086,
      "text" : "Scott",
      "whiteSpace" : false
    }, {
      "id" : "s14-t1",
      "begin" : 2087,
      "end" : 2094,
      "text" : "Cleland",
      "whiteSpace" : false
    }, {
      "id" : "s14-t2",
      "begin" : 2094,
      "end" : 2095,
      "text" : ",",
      "whiteSpace" : false
    }, {
      "id" : "s14-t3",
      "begin" : 2096,
      "end" : 2105,
      "text" : "president",
      "whiteSpace" : false
    }, {
      "id" : "s14-t4",
      "begin" : 2106,
      "end" : 2108,
      "text" : "of",
      "whiteSpace" : false
    }, {
      "id" : "s14-t5",
      "begin" : 2109,
      "end" : 2118,
      "text" : "Precursor",
      "whiteSpace" : false
    }, {
      "id" : "s14-t6",
      "begin" : 2119,
      "end" : 2122,
      "text" : "LLC",
      "whiteSpace" : false
    }, {
      "id" : "s14-t7",
      "begin" : 2122,
      "end" : 2123,
      "text" : ",",
      "whiteSpace" : false
    }, {
      "id" : "s14-t8",
      "begin" : 2124,
      "end" : 2125,
      "text" : "a",
      "whiteSpace" : false
    }, {
      "id" : "s14-t9",
      "begin" : 2126,
      "end" : 2134,
      "text" : "research",
      "whiteSpace" : false
    }, {
      "id" : "s14-t10",
      "begin" : 2135,
      "end" : 2139,
      "text" : "firm",
      "whiteSpace" : false
    }, {
      "id" : "s14-t11",
      "begin" : 2140,
      "end" : 2150,
      "text" : "bankrolled",
      "whiteSpace" : false
    }, {
      "id" : "s14-t12",
      "begin" : 2151,
      "end" : 2153,
      "text" : "by",
      "whiteSpace" : false
    }, {
      "id" : "s14-t13",
      "begin" : 2154,
      "end" : 2161,
      "text" : "telecom",
      "whiteSpace" : false
    }, {
      "id" : "s14-t14",
      "begin" : 2162,
      "end" : 2174,
      "text" : "heavyweights",
      "whiteSpace" : false
    }, {
      "id" : "s14-t15",
      "begin" : 2175,
      "end" : 2179,
      "text" : "like",
      "whiteSpace" : false
    }, {
      "id" : "s14-t16",
      "begin" : 2180,
      "end" : 2184,
      "text" : "AT&T",
      "whiteSpace" : false
    }, {
      "id" : "s14-t17",
      "begin" : 2185,
      "end" : 2189,
      "text" : "Inc.",
      "whiteSpace" : false
    }, {
      "id" : "s14-t18",
      "begin" : 2190,
      "end" : 2193,
      "text" : "and",
      "whiteSpace" : false
    }, {
      "id" : "s14-t19",
      "begin" : 2194,
      "end" : 2201,
      "text" : "Verizon",
      "whiteSpace" : false
    }, {
      "id" : "s14-t20",
      "begin" : 2202,
      "end" : 2216,
      "text" : "Communications",
      "whiteSpace" : false
    }, {
      "id" : "s14-t21",
      "begin" : 2217,
      "end" : 2221,
      "text" : "Inc.",
      "whiteSpace" : false
    }, {
      "id" : "s14-t22",
      "begin" : 2221,
      "end" : 2222,
      "text" : ",",
      "whiteSpace" : false
    }, {
      "id" : "s14-t23",
      "begin" : 2223,
      "end" : 2231,
      "text" : "reported",
      "whiteSpace" : false
    }, {
      "id" : "s14-t24",
      "begin" : 2232,
      "end" : 2236,
      "text" : "that",
      "whiteSpace" : false
    }, {
      "id" : "s14-t25",
      "begin" : 2237,
      "end" : 2243,
      "text" : "Google",
      "whiteSpace" : false
    }, {
      "id" : "s14-t26",
      "begin" : 2244,
      "end" : 2248,
      "text" : "uses",
      "whiteSpace" : false
    }, {
      "id" : "s14-t27",
      "begin" : 2249,
      "end" : 2251,
      "text" : "21",
      "whiteSpace" : false
    }, {
      "id" : "s14-t28",
      "begin" : 2252,
      "end" : 2257,
      "text" : "times",
      "whiteSpace" : false
    }, {
      "id" : "s14-t29",
      "begin" : 2258,
      "end" : 2262,
      "text" : "more",
      "whiteSpace" : false
    }, {
      "id" : "s14-t30",
      "begin" : 2263,
      "end" : 2272,
      "text" : "bandwidth",
      "whiteSpace" : false
    }, {
      "id" : "s14-t31",
      "begin" : 2273,
      "end" : 2277,
      "text" : "than",
      "whiteSpace" : false
    }, {
      "id" : "s14-t32",
      "begin" : 2278,
      "end" : 2280,
      "text" : "it",
      "whiteSpace" : false
    }, {
      "id" : "s14-t33",
      "begin" : 2281,
      "end" : 2285,
      "text" : "pays",
      "whiteSpace" : false
    }, {
      "id" : "s14-t34",
      "begin" : 2286,
      "end" : 2289,
      "text" : "for",
      "whiteSpace" : false
    }, {
      "id" : "s14-t35",
      "begin" : 2289,
      "end" : 2290,
      "text" : ".",
      "whiteSpace" : false
    } ]
  }, {
    "id" : "s15",
    "begin" : 2293,
    "end" : 2323,
    "text" : "Google was quick to fire back.",
    "tokens" : [ {
      "id" : "s15-t0",
      "begin" : 2293,
      "end" : 2299,
      "text" : "Google",
      "whiteSpace" : false
    }, {
      "id" : "s15-t1",
      "begin" : 2300,
      "end" : 2303,
      "text" : "was",
      "whiteSpace" : false
    }, {
      "id" : "s15-t2",
      "begin" : 2304,
      "end" : 2309,
      "text" : "quick",
      "whiteSpace" : false
    }, {
      "id" : "s15-t3",
      "begin" : 2310,
      "end" : 2312,
      "text" : "to",
      "whiteSpace" : false
    }, {
      "id" : "s15-t4",
      "begin" : 2313,
      "end" : 2317,
      "text" : "fire",
      "whiteSpace" : false
    }, {
      "id" : "s15-t5",
      "begin" : 2318,
      "end" : 2322,
      "text" : "back",
      "whiteSpace" : false
    }, {
      "id" : "s15-t6",
      "begin" : 2322,
      "end" : 2323,
      "text" : ".",
      "whiteSpace" : false
    } ]
  }, {
    "id" : "s16",
    "begin" : 2324,
    "end" : 2452,
    "text" : "Richard Whitt, Google's Washington telecom and media counsel, noted in a blog post that Cleland is 'not exactly a neutral party.",
    "tokens" : [ {
      "id" : "s16-t0",
      "begin" : 2324,
      "end" : 2331,
      "text" : "Richard",
      "whiteSpace" : false
    }, {
      "id" : "s16-t1",
      "begin" : 2332,
      "end" : 2337,
      "text" : "Whitt",
      "whiteSpace" : false
    }, {
      "id" : "s16-t2",
      "begin" : 2337,
      "end" : 2338,
      "text" : ",",
      "whiteSpace" : false
    }, {
      "id" : "s16-t3",
      "begin" : 2339,
      "end" : 2345,
      "text" : "Google",
      "whiteSpace" : false
    }, {
      "id" : "s16-t4",
      "begin" : 2345,
      "end" : 2347,
      "text" : "'s",
      "whiteSpace" : false
    }, {
      "id" : "s16-t5",
      "begin" : 2348,
      "end" : 2358,
      "text" : "Washington",
      "whiteSpace" : false
    }, {
      "id" : "s16-t6",
      "begin" : 2359,
      "end" : 2366,
      "text" : "telecom",
      "whiteSpace" : false
    }, {
      "id" : "s16-t7",
      "begin" : 2367,
      "end" : 2370,
      "text" : "and",
      "whiteSpace" : false
    }, {
      "id" : "s16-t8",
      "begin" : 2371,
      "end" : 2376,
      "text" : "media",
      "whiteSpace" : false
    }, {
      "id" : "s16-t9",
      "begin" : 2377,
      "end" : 2384,
      "text" : "counsel",
      "whiteSpace" : false
    }, {
      "id" : "s16-t10",
      "begin" : 2384,
      "end" : 2385,
      "text" : ",",
      "whiteSpace" : false
    }, {
      "id" : "s16-t11",
      "begin" : 2386,
      "end" : 2391,
      "text" : "noted",
      "whiteSpace" : false
    }, {
      "id" : "s16-t12",
      "begin" : 2392,
      "end" : 2394,
      "text" : "in",
      "whiteSpace" : false
    }, {
      "id" : "s16-t13",
      "begin" : 2395,
      "end" : 2396,
      "text" : "a",
      "whiteSpace" : false
    }, {
      "id" : "s16-t14",
      "begin" : 2397,
      "end" : 2401,
      "text" : "blog",
      "whiteSpace" : false
    }, {
      "id" : "s16-t15",
      "begin" : 2402,
      "end" : 2406,
      "text" : "post",
      "whiteSpace" : false
    }, {
      "id" : "s16-t16",
      "begin" : 2407,
      "end" : 2411,
      "text" : "that",
      "whiteSpace" : false
    }, {
      "id" : "s16-t17",
      "begin" : 2412,
      "end" : 2419,
      "text" : "Cleland",
      "whiteSpace" : false
    }, {
      "id" : "s16-t18",
      "begin" : 2420,
      "end" : 2422,
      "text" : "is",
      "whiteSpace" : false
    }, {
      "id" : "s16-t19",
      "begin" : 2423,
      "end" : 2424,
      "text" : "'",
      "whiteSpace" : false
    }, {
      "id" : "s16-t20",
      "begin" : 2424,
      "end" : 2427,
      "text" : "not",
      "whiteSpace" : false
    }, {
      "id" : "s16-t21",
      "begin" : 2428,
      "end" : 2435,
      "text" : "exactly",
      "whiteSpace" : false
    }, {
      "id" : "s16-t22",
      "begin" : 2436,
      "end" : 2437,
      "text" : "a",
      "whiteSpace" : false
    }, {
      "id" : "s16-t23",
      "begin" : 2438,
      "end" : 2445,
      "text" : "neutral",
      "whiteSpace" : false
    }, {
      "id" : "s16-t24",
      "begin" : 2446,
      "end" : 2451,
      "text" : "party",
      "whiteSpace" : false
    }, {
      "id" : "s16-t25",
      "begin" : 2451,
      "end" : 2452,
      "text" : ".",
      "whiteSpace" : false
    } ]
  }, {
    "id" : "s17",
    "begin" : 2452,
    "end" : 2533,
    "text" : "' Whitt also claimed that the analyst had made methodological and factual errors.",
    "tokens" : [ {
      "id" : "s17-t0",
      "begin" : 2452,
      "end" : 2453,
      "text" : "'",
      "whiteSpace" : false
    }, {
      "id" : "s17-t1",
      "begin" : 2454,
      "end" : 2459,
      "text" : "Whitt",
      "whiteSpace" : false
    }, {
      "id" : "s17-t2",
      "begin" : 2460,
      "end" : 2464,
      "text" : "also",
      "whiteSpace" : false
    }, {
      "id" : "s17-t3",
      "begin" : 2465,
      "end" : 2472,
      "text" : "claimed",
      "whiteSpace" : false
    }, {
      "id" : "s17-t4",
      "begin" : 2473,
      "end" : 2477,
      "text" : "that",
      "whiteSpace" : false
    }, {
      "id" : "s17-t5",
      "begin" : 2478,
      "end" : 2481,
      "text" : "the",
      "whiteSpace" : false
    }, {
      "id" : "s17-t6",
      "begin" : 2482,
      "end" : 2489,
      "text" : "analyst",
      "whiteSpace" : false
    }, {
      "id" : "s17-t7",
      "begin" : 2490,
      "end" : 2493,
      "text" : "had",
      "whiteSpace" : false
    }, {
      "id" : "s17-t8",
      "begin" : 2494,
      "end" : 2498,
      "text" : "made",
      "whiteSpace" : false
    }, {
      "id" : "s17-t9",
      "begin" : 2499,
      "end" : 2513,
      "text" : "methodological",
      "whiteSpace" : false
    }, {
      "id" : "s17-t10",
      "begin" : 2514,
      "end" : 2517,
      "text" : "and",
      "whiteSpace" : false
    }, {
      "id" : "s17-t11",
      "begin" : 2518,
      "end" : 2525,
      "text" : "factual",
      "whiteSpace" : false
    }, {
      "id" : "s17-t12",
      "begin" : 2526,
      "end" : 2532,
      "text" : "errors",
      "whiteSpace" : false
    }, {
      "id" : "s17-t13",
      "begin" : 2532,
      "end" : 2533,
      "text" : ".",
      "whiteSpace" : false
    } ]
  }, {
    "id" : "s18",
    "begin" : 2535,
    "end" : 2670,
    "text" : "Olds noted that the new measurement platform is another salvo in the war between content providers, like Google, and network providers.",
    "tokens" : [ {
      "id" : "s18-t0",
      "begin" : 2535,
      "end" : 2539,
      "text" : "Olds",
      "whiteSpace" : false
    }, {
      "id" : "s18-t1",
      "begin" : 2540,
      "end" : 2545,
      "text" : "noted",
      "whiteSpace" : false
    }, {
      "id" : "s18-t2",
      "begin" : 2546,
      "end" : 2550,
      "text" : "that",
      "whiteSpace" : false
    }, {
      "id" : "s18-t3",
      "begin" : 2551,
      "end" : 2554,
      "text" : "the",
      "whiteSpace" : false
    }, {
      "id" : "s18-t4",
      "begin" : 2555,
      "end" : 2558,
      "text" : "new",
      "whiteSpace" : false
    }, {
      "id" : "s18-t5",
      "begin" : 2559,
      "end" : 2570,
      "text" : "measurement",
      "whiteSpace" : false
    }, {
      "id" : "s18-t6",
      "begin" : 2571,
      "end" : 2579,
      "text" : "platform",
      "whiteSpace" : false
    }, {
      "id" : "s18-t7",
      "begin" : 2580,
      "end" : 2582,
      "text" : "is",
      "whiteSpace" : false
    }, {
      "id" : "s18-t8",
      "begin" : 2583,
      "end" : 2590,
      "text" : "another",
      "whiteSpace" : false
    }, {
      "id" : "s18-t9",
      "begin" : 2591,
      "end" : 2596,
      "text" : "salvo",
      "whiteSpace" : false
    }, {
      "id" : "s18-t10",
      "begin" : 2597,
      "end" : 2599,
      "text" : "in",
      "whiteSpace" : false
    }, {
      "id" : "s18-t11",
      "begin" : 2600,
      "end" : 2603,
      "text" : "the",
      "whiteSpace" : false
    }, {
      "id" : "s18-t12",
      "begin" : 2604,
      "end" : 2607,
      "text" : "war",
      "whiteSpace" : false
    }, {
      "id" : "s18-t13",
      "begin" : 2608,
      "end" : 2615,
      "text" : "between",
      "whiteSpace" : false
    }, {
      "id" : "s18-t14",
      "begin" : 2616,
      "end" : 2623,
      "text" : "content",
      "whiteSpace" : false
    }, {
      "id" : "s18-t15",
      "begin" : 2624,
      "end" : 2633,
      "text" : "providers",
      "whiteSpace" : false
    }, {
      "id" : "s18-t16",
      "begin" : 2633,
      "end" : 2634,
      "text" : ",",
      "whiteSpace" : false
    }, {
      "id" : "s18-t17",
      "begin" : 2635,
      "end" : 2639,
      "text" : "like",
      "whiteSpace" : false
    }, {
      "id" : "s18-t18",
      "begin" : 2640,
      "end" : 2646,
      "text" : "Google",
      "whiteSpace" : false
    }, {
      "id" : "s18-t19",
      "begin" : 2646,
      "end" : 2647,
      "text" : ",",
      "whiteSpace" : false
    }, {
      "id" : "s18-t20",
      "begin" : 2648,
      "end" : 2651,
      "text" : "and",
      "whiteSpace" : false
    }, {
      "id" : "s18-t21",
      "begin" : 2652,
      "end" : 2659,
      "text" : "network",
      "whiteSpace" : false
    }, {
      "id" : "s18-t22",
      "begin" : 2660,
      "end" : 2669,
      "text" : "providers",
      "whiteSpace" : false
    }, {
      "id" : "s18-t23",
      "begin" : 2669,
      "end" : 2670,
      "text" : ".",
      "whiteSpace" : false
    } ]
  } ],
  "mentions" : [ ],
  "relations" : [ ],
  "corefs" : [ ],
  "typeResolved" : true,
  "userResolved" : false
}