{
  "id" : "b99682a0-021f-11e7-adfe-7b21e22b049b-6",
  "name" : "Technology - content.usatoday.com",
  "version" : 3,
  "text" : "Advertising is finally coming to Twitter, the microblogging service long famous for not even trying to make money.\r\r'Promoted Tweets' will now show up at the top of some Twitter.com search pages, company co-founder Biz Stone says in a blog post this morning.   Early advertisers willing to pay for this top placement include Best Buy, Bravo, Red Bull, Sony Pictures, Starbucks, and Virgin America.\r\rUntil now, Stone and co-founder Evan Williams have mainly focused on growing Twitter's user base, instead of trying to turn a profit.  'Believe me, when your name is Biz and you're a co-founder of Twitter, it also means putting yourself at the mercy of folks like Stephen Colbert who hit home runs with lines like, 'So, I assume that 'Biz' in 'Biz Stone' does not stand for 'Business Model,''' Stone jokes in his post.",
  "docLength" : 0,
  "language" : "EN",
  "status" : "SUBMITTED",
  "modifiedDate" : 1488772295484,
  "documentSet" : [ ],
  "preannotation" : [ "PRE_LW" ],
  "sentences" : [ {
    "id" : "s0",
    "begin" : 0,
    "end" : 114,
    "text" : "Advertising is finally coming to Twitter, the microblogging service long famous for not even trying to make money.",
    "tokens" : [ {
      "id" : "s0-t0",
      "begin" : 0,
      "end" : 11,
      "text" : "Advertising",
      "whiteSpace" : false
    }, {
      "id" : "s0-t1",
      "begin" : 12,
      "end" : 14,
      "text" : "is",
      "whiteSpace" : false
    }, {
      "id" : "s0-t2",
      "begin" : 15,
      "end" : 22,
      "text" : "finally",
      "whiteSpace" : false
    }, {
      "id" : "s0-t3",
      "begin" : 23,
      "end" : 29,
      "text" : "coming",
      "whiteSpace" : false
    }, {
      "id" : "s0-t4",
      "begin" : 30,
      "end" : 32,
      "text" : "to",
      "whiteSpace" : false
    }, {
      "id" : "s0-t5",
      "begin" : 33,
      "end" : 40,
      "text" : "Twitter",
      "whiteSpace" : false
    }, {
      "id" : "s0-t6",
      "begin" : 40,
      "end" : 41,
      "text" : ",",
      "whiteSpace" : false
    }, {
      "id" : "s0-t7",
      "begin" : 42,
      "end" : 45,
      "text" : "the",
      "whiteSpace" : false
    }, {
      "id" : "s0-t8",
      "begin" : 46,
      "end" : 59,
      "text" : "microblogging",
      "whiteSpace" : false
    }, {
      "id" : "s0-t9",
      "begin" : 60,
      "end" : 67,
      "text" : "service",
      "whiteSpace" : false
    }, {
      "id" : "s0-t10",
      "begin" : 68,
      "end" : 72,
      "text" : "long",
      "whiteSpace" : false
    }, {
      "id" : "s0-t11",
      "begin" : 73,
      "end" : 79,
      "text" : "famous",
      "whiteSpace" : false
    }, {
      "id" : "s0-t12",
      "begin" : 80,
      "end" : 83,
      "text" : "for",
      "whiteSpace" : false
    }, {
      "id" : "s0-t13",
      "begin" : 84,
      "end" : 87,
      "text" : "not",
      "whiteSpace" : false
    }, {
      "id" : "s0-t14",
      "begin" : 88,
      "end" : 92,
      "text" : "even",
      "whiteSpace" : false
    }, {
      "id" : "s0-t15",
      "begin" : 93,
      "end" : 99,
      "text" : "trying",
      "whiteSpace" : false
    }, {
      "id" : "s0-t16",
      "begin" : 100,
      "end" : 102,
      "text" : "to",
      "whiteSpace" : false
    }, {
      "id" : "s0-t17",
      "begin" : 103,
      "end" : 107,
      "text" : "make",
      "whiteSpace" : false
    }, {
      "id" : "s0-t18",
      "begin" : 108,
      "end" : 113,
      "text" : "money",
      "whiteSpace" : false
    }, {
      "id" : "s0-t19",
      "begin" : 113,
      "end" : 114,
      "text" : ".",
      "whiteSpace" : false
    } ]
  }, {
    "id" : "s1",
    "begin" : 116,
    "end" : 258,
    "text" : "'Promoted Tweets' will now show up at the top of some Twitter.com search pages, company co-founder Biz Stone says in a blog post this morning.",
    "tokens" : [ {
      "id" : "s1-t0",
      "begin" : 116,
      "end" : 117,
      "text" : "'",
      "whiteSpace" : false
    }, {
      "id" : "s1-t1",
      "begin" : 117,
      "end" : 125,
      "text" : "Promoted",
      "whiteSpace" : false
    }, {
      "id" : "s1-t2",
      "begin" : 126,
      "end" : 132,
      "text" : "Tweets",
      "whiteSpace" : false
    }, {
      "id" : "s1-t3",
      "begin" : 132,
      "end" : 133,
      "text" : "'",
      "whiteSpace" : false
    }, {
      "id" : "s1-t4",
      "begin" : 134,
      "end" : 138,
      "text" : "will",
      "whiteSpace" : false
    }, {
      "id" : "s1-t5",
      "begin" : 139,
      "end" : 142,
      "text" : "now",
      "whiteSpace" : false
    }, {
      "id" : "s1-t6",
      "begin" : 143,
      "end" : 147,
      "text" : "show",
      "whiteSpace" : false
    }, {
      "id" : "s1-t7",
      "begin" : 148,
      "end" : 150,
      "text" : "up",
      "whiteSpace" : false
    }, {
      "id" : "s1-t8",
      "begin" : 151,
      "end" : 153,
      "text" : "at",
      "whiteSpace" : false
    }, {
      "id" : "s1-t9",
      "begin" : 154,
      "end" : 157,
      "text" : "the",
      "whiteSpace" : false
    }, {
      "id" : "s1-t10",
      "begin" : 158,
      "end" : 161,
      "text" : "top",
      "whiteSpace" : false
    }, {
      "id" : "s1-t11",
      "begin" : 162,
      "end" : 164,
      "text" : "of",
      "whiteSpace" : false
    }, {
      "id" : "s1-t12",
      "begin" : 165,
      "end" : 169,
      "text" : "some",
      "whiteSpace" : false
    }, {
      "id" : "s1-t13",
      "begin" : 170,
      "end" : 181,
      "text" : "Twitter.com",
      "whiteSpace" : false
    }, {
      "id" : "s1-t14",
      "begin" : 182,
      "end" : 188,
      "text" : "search",
      "whiteSpace" : false
    }, {
      "id" : "s1-t15",
      "begin" : 189,
      "end" : 194,
      "text" : "pages",
      "whiteSpace" : false
    }, {
      "id" : "s1-t16",
      "begin" : 194,
      "end" : 195,
      "text" : ",",
      "whiteSpace" : false
    }, {
      "id" : "s1-t17",
      "begin" : 196,
      "end" : 203,
      "text" : "company",
      "whiteSpace" : false
    }, {
      "id" : "s1-t18",
      "begin" : 204,
      "end" : 214,
      "text" : "co-founder",
      "whiteSpace" : false
    }, {
      "id" : "s1-t19",
      "begin" : 215,
      "end" : 218,
      "text" : "Biz",
      "whiteSpace" : false
    }, {
      "id" : "s1-t20",
      "begin" : 219,
      "end" : 224,
      "text" : "Stone",
      "whiteSpace" : false
    }, {
      "id" : "s1-t21",
      "begin" : 225,
      "end" : 229,
      "text" : "says",
      "whiteSpace" : false
    }, {
      "id" : "s1-t22",
      "begin" : 230,
      "end" : 232,
      "text" : "in",
      "whiteSpace" : false
    }, {
      "id" : "s1-t23",
      "begin" : 233,
      "end" : 234,
      "text" : "a",
      "whiteSpace" : false
    }, {
      "id" : "s1-t24",
      "begin" : 235,
      "end" : 239,
      "text" : "blog",
      "whiteSpace" : false
    }, {
      "id" : "s1-t25",
      "begin" : 240,
      "end" : 244,
      "text" : "post",
      "whiteSpace" : false
    }, {
      "id" : "s1-t26",
      "begin" : 245,
      "end" : 249,
      "text" : "this",
      "whiteSpace" : false
    }, {
      "id" : "s1-t27",
      "begin" : 250,
      "end" : 257,
      "text" : "morning",
      "whiteSpace" : false
    }, {
      "id" : "s1-t28",
      "begin" : 257,
      "end" : 258,
      "text" : ".",
      "whiteSpace" : false
    } ]
  }, {
    "id" : "s2",
    "begin" : 261,
    "end" : 397,
    "text" : "Early advertisers willing to pay for this top placement include Best Buy, Bravo, Red Bull, Sony Pictures, Starbucks, and Virgin America.",
    "tokens" : [ {
      "id" : "s2-t0",
      "begin" : 261,
      "end" : 266,
      "text" : "Early",
      "whiteSpace" : false
    }, {
      "id" : "s2-t1",
      "begin" : 267,
      "end" : 278,
      "text" : "advertisers",
      "whiteSpace" : false
    }, {
      "id" : "s2-t2",
      "begin" : 279,
      "end" : 286,
      "text" : "willing",
      "whiteSpace" : false
    }, {
      "id" : "s2-t3",
      "begin" : 287,
      "end" : 289,
      "text" : "to",
      "whiteSpace" : false
    }, {
      "id" : "s2-t4",
      "begin" : 290,
      "end" : 293,
      "text" : "pay",
      "whiteSpace" : false
    }, {
      "id" : "s2-t5",
      "begin" : 294,
      "end" : 297,
      "text" : "for",
      "whiteSpace" : false
    }, {
      "id" : "s2-t6",
      "begin" : 298,
      "end" : 302,
      "text" : "this",
      "whiteSpace" : false
    }, {
      "id" : "s2-t7",
      "begin" : 303,
      "end" : 306,
      "text" : "top",
      "whiteSpace" : false
    }, {
      "id" : "s2-t8",
      "begin" : 307,
      "end" : 316,
      "text" : "placement",
      "whiteSpace" : false
    }, {
      "id" : "s2-t9",
      "begin" : 317,
      "end" : 324,
      "text" : "include",
      "whiteSpace" : false
    }, {
      "id" : "s2-t10",
      "begin" : 325,
      "end" : 329,
      "text" : "Best",
      "whiteSpace" : false
    }, {
      "id" : "s2-t11",
      "begin" : 330,
      "end" : 333,
      "text" : "Buy",
      "whiteSpace" : false
    }, {
      "id" : "s2-t12",
      "begin" : 333,
      "end" : 334,
      "text" : ",",
      "whiteSpace" : false
    }, {
      "id" : "s2-t13",
      "begin" : 335,
      "end" : 340,
      "text" : "Bravo",
      "whiteSpace" : false
    }, {
      "id" : "s2-t14",
      "begin" : 340,
      "end" : 341,
      "text" : ",",
      "whiteSpace" : false
    }, {
      "id" : "s2-t15",
      "begin" : 342,
      "end" : 345,
      "text" : "Red",
      "whiteSpace" : false
    }, {
      "id" : "s2-t16",
      "begin" : 346,
      "end" : 350,
      "text" : "Bull",
      "whiteSpace" : false
    }, {
      "id" : "s2-t17",
      "begin" : 350,
      "end" : 351,
      "text" : ",",
      "whiteSpace" : false
    }, {
      "id" : "s2-t18",
      "begin" : 352,
      "end" : 356,
      "text" : "Sony",
      "whiteSpace" : false
    }, {
      "id" : "s2-t19",
      "begin" : 357,
      "end" : 365,
      "text" : "Pictures",
      "whiteSpace" : false
    }, {
      "id" : "s2-t20",
      "begin" : 365,
      "end" : 366,
      "text" : ",",
      "whiteSpace" : false
    }, {
      "id" : "s2-t21",
      "begin" : 367,
      "end" : 376,
      "text" : "Starbucks",
      "whiteSpace" : false
    }, {
      "id" : "s2-t22",
      "begin" : 376,
      "end" : 377,
      "text" : ",",
      "whiteSpace" : false
    }, {
      "id" : "s2-t23",
      "begin" : 378,
      "end" : 381,
      "text" : "and",
      "whiteSpace" : false
    }, {
      "id" : "s2-t24",
      "begin" : 382,
      "end" : 388,
      "text" : "Virgin",
      "whiteSpace" : false
    }, {
      "id" : "s2-t25",
      "begin" : 389,
      "end" : 396,
      "text" : "America",
      "whiteSpace" : false
    }, {
      "id" : "s2-t26",
      "begin" : 396,
      "end" : 397,
      "text" : ".",
      "whiteSpace" : false
    } ]
  }, {
    "id" : "s3",
    "begin" : 399,
    "end" : 532,
    "text" : "Until now, Stone and co-founder Evan Williams have mainly focused on growing Twitter's user base, instead of trying to turn a profit.",
    "tokens" : [ {
      "id" : "s3-t0",
      "begin" : 399,
      "end" : 404,
      "text" : "Until",
      "whiteSpace" : false
    }, {
      "id" : "s3-t1",
      "begin" : 405,
      "end" : 408,
      "text" : "now",
      "whiteSpace" : false
    }, {
      "id" : "s3-t2",
      "begin" : 408,
      "end" : 409,
      "text" : ",",
      "whiteSpace" : false
    }, {
      "id" : "s3-t3",
      "begin" : 410,
      "end" : 415,
      "text" : "Stone",
      "whiteSpace" : false
    }, {
      "id" : "s3-t4",
      "begin" : 416,
      "end" : 419,
      "text" : "and",
      "whiteSpace" : false
    }, {
      "id" : "s3-t5",
      "begin" : 420,
      "end" : 430,
      "text" : "co-founder",
      "whiteSpace" : false
    }, {
      "id" : "s3-t6",
      "begin" : 431,
      "end" : 435,
      "text" : "Evan",
      "whiteSpace" : false
    }, {
      "id" : "s3-t7",
      "begin" : 436,
      "end" : 444,
      "text" : "Williams",
      "whiteSpace" : false
    }, {
      "id" : "s3-t8",
      "begin" : 445,
      "end" : 449,
      "text" : "have",
      "whiteSpace" : false
    }, {
      "id" : "s3-t9",
      "begin" : 450,
      "end" : 456,
      "text" : "mainly",
      "whiteSpace" : false
    }, {
      "id" : "s3-t10",
      "begin" : 457,
      "end" : 464,
      "text" : "focused",
      "whiteSpace" : false
    }, {
      "id" : "s3-t11",
      "begin" : 465,
      "end" : 467,
      "text" : "on",
      "whiteSpace" : false
    }, {
      "id" : "s3-t12",
      "begin" : 468,
      "end" : 475,
      "text" : "growing",
      "whiteSpace" : false
    }, {
      "id" : "s3-t13",
      "begin" : 476,
      "end" : 483,
      "text" : "Twitter",
      "whiteSpace" : false
    }, {
      "id" : "s3-t14",
      "begin" : 483,
      "end" : 485,
      "text" : "'s",
      "whiteSpace" : false
    }, {
      "id" : "s3-t15",
      "begin" : 486,
      "end" : 490,
      "text" : "user",
      "whiteSpace" : false
    }, {
      "id" : "s3-t16",
      "begin" : 491,
      "end" : 495,
      "text" : "base",
      "whiteSpace" : false
    }, {
      "id" : "s3-t17",
      "begin" : 495,
      "end" : 496,
      "text" : ",",
      "whiteSpace" : false
    }, {
      "id" : "s3-t18",
      "begin" : 497,
      "end" : 504,
      "text" : "instead",
      "whiteSpace" : false
    }, {
      "id" : "s3-t19",
      "begin" : 505,
      "end" : 507,
      "text" : "of",
      "whiteSpace" : false
    }, {
      "id" : "s3-t20",
      "begin" : 508,
      "end" : 514,
      "text" : "trying",
      "whiteSpace" : false
    }, {
      "id" : "s3-t21",
      "begin" : 515,
      "end" : 517,
      "text" : "to",
      "whiteSpace" : false
    }, {
      "id" : "s3-t22",
      "begin" : 518,
      "end" : 522,
      "text" : "turn",
      "whiteSpace" : false
    }, {
      "id" : "s3-t23",
      "begin" : 523,
      "end" : 524,
      "text" : "a",
      "whiteSpace" : false
    }, {
      "id" : "s3-t24",
      "begin" : 525,
      "end" : 531,
      "text" : "profit",
      "whiteSpace" : false
    }, {
      "id" : "s3-t25",
      "begin" : 531,
      "end" : 532,
      "text" : ".",
      "whiteSpace" : false
    } ]
  }, {
    "id" : "s4",
    "begin" : 534,
    "end" : 817,
    "text" : "'Believe me, when your name is Biz and you're a co-founder of Twitter, it also means putting yourself at the mercy of folks like Stephen Colbert who hit home runs with lines like, 'So, I assume that 'Biz' in 'Biz Stone' does not stand for 'Business Model,''' Stone jokes in his post.",
    "tokens" : [ {
      "id" : "s4-t0",
      "begin" : 534,
      "end" : 535,
      "text" : "'",
      "whiteSpace" : false
    }, {
      "id" : "s4-t1",
      "begin" : 535,
      "end" : 542,
      "text" : "Believe",
      "whiteSpace" : false
    }, {
      "id" : "s4-t2",
      "begin" : 543,
      "end" : 545,
      "text" : "me",
      "whiteSpace" : false
    }, {
      "id" : "s4-t3",
      "begin" : 545,
      "end" : 546,
      "text" : ",",
      "whiteSpace" : false
    }, {
      "id" : "s4-t4",
      "begin" : 547,
      "end" : 551,
      "text" : "when",
      "whiteSpace" : false
    }, {
      "id" : "s4-t5",
      "begin" : 552,
      "end" : 556,
      "text" : "your",
      "whiteSpace" : false
    }, {
      "id" : "s4-t6",
      "begin" : 557,
      "end" : 561,
      "text" : "name",
      "whiteSpace" : false
    }, {
      "id" : "s4-t7",
      "begin" : 562,
      "end" : 564,
      "text" : "is",
      "whiteSpace" : false
    }, {
      "id" : "s4-t8",
      "begin" : 565,
      "end" : 568,
      "text" : "Biz",
      "whiteSpace" : false
    }, {
      "id" : "s4-t9",
      "begin" : 569,
      "end" : 572,
      "text" : "and",
      "whiteSpace" : false
    }, {
      "id" : "s4-t10",
      "begin" : 573,
      "end" : 576,
      "text" : "you",
      "whiteSpace" : false
    }, {
      "id" : "s4-t11",
      "begin" : 576,
      "end" : 579,
      "text" : "'re",
      "whiteSpace" : false
    }, {
      "id" : "s4-t12",
      "begin" : 580,
      "end" : 581,
      "text" : "a",
      "whiteSpace" : false
    }, {
      "id" : "s4-t13",
      "begin" : 582,
      "end" : 592,
      "text" : "co-founder",
      "whiteSpace" : false
    }, {
      "id" : "s4-t14",
      "begin" : 593,
      "end" : 595,
      "text" : "of",
      "whiteSpace" : false
    }, {
      "id" : "s4-t15",
      "begin" : 596,
      "end" : 603,
      "text" : "Twitter",
      "whiteSpace" : false
    }, {
      "id" : "s4-t16",
      "begin" : 603,
      "end" : 604,
      "text" : ",",
      "whiteSpace" : false
    }, {
      "id" : "s4-t17",
      "begin" : 605,
      "end" : 607,
      "text" : "it",
      "whiteSpace" : false
    }, {
      "id" : "s4-t18",
      "begin" : 608,
      "end" : 612,
      "text" : "also",
      "whiteSpace" : false
    }, {
      "id" : "s4-t19",
      "begin" : 613,
      "end" : 618,
      "text" : "means",
      "whiteSpace" : false
    }, {
      "id" : "s4-t20",
      "begin" : 619,
      "end" : 626,
      "text" : "putting",
      "whiteSpace" : false
    }, {
      "id" : "s4-t21",
      "begin" : 627,
      "end" : 635,
      "text" : "yourself",
      "whiteSpace" : false
    }, {
      "id" : "s4-t22",
      "begin" : 636,
      "end" : 638,
      "text" : "at",
      "whiteSpace" : false
    }, {
      "id" : "s4-t23",
      "begin" : 639,
      "end" : 642,
      "text" : "the",
      "whiteSpace" : false
    }, {
      "id" : "s4-t24",
      "begin" : 643,
      "end" : 648,
      "text" : "mercy",
      "whiteSpace" : false
    }, {
      "id" : "s4-t25",
      "begin" : 649,
      "end" : 651,
      "text" : "of",
      "whiteSpace" : false
    }, {
      "id" : "s4-t26",
      "begin" : 652,
      "end" : 657,
      "text" : "folks",
      "whiteSpace" : false
    }, {
      "id" : "s4-t27",
      "begin" : 658,
      "end" : 662,
      "text" : "like",
      "whiteSpace" : false
    }, {
      "id" : "s4-t28",
      "begin" : 663,
      "end" : 670,
      "text" : "Stephen",
      "whiteSpace" : false
    }, {
      "id" : "s4-t29",
      "begin" : 671,
      "end" : 678,
      "text" : "Colbert",
      "whiteSpace" : false
    }, {
      "id" : "s4-t30",
      "begin" : 679,
      "end" : 682,
      "text" : "who",
      "whiteSpace" : false
    }, {
      "id" : "s4-t31",
      "begin" : 683,
      "end" : 686,
      "text" : "hit",
      "whiteSpace" : false
    }, {
      "id" : "s4-t32",
      "begin" : 687,
      "end" : 691,
      "text" : "home",
      "whiteSpace" : false
    }, {
      "id" : "s4-t33",
      "begin" : 692,
      "end" : 696,
      "text" : "runs",
      "whiteSpace" : false
    }, {
      "id" : "s4-t34",
      "begin" : 697,
      "end" : 701,
      "text" : "with",
      "whiteSpace" : false
    }, {
      "id" : "s4-t35",
      "begin" : 702,
      "end" : 707,
      "text" : "lines",
      "whiteSpace" : false
    }, {
      "id" : "s4-t36",
      "begin" : 708,
      "end" : 712,
      "text" : "like",
      "whiteSpace" : false
    }, {
      "id" : "s4-t37",
      "begin" : 712,
      "end" : 713,
      "text" : ",",
      "whiteSpace" : false
    }, {
      "id" : "s4-t38",
      "begin" : 714,
      "end" : 715,
      "text" : "'",
      "whiteSpace" : false
    }, {
      "id" : "s4-t39",
      "begin" : 715,
      "end" : 717,
      "text" : "So",
      "whiteSpace" : false
    }, {
      "id" : "s4-t40",
      "begin" : 717,
      "end" : 718,
      "text" : ",",
      "whiteSpace" : false
    }, {
      "id" : "s4-t41",
      "begin" : 719,
      "end" : 720,
      "text" : "I",
      "whiteSpace" : false
    }, {
      "id" : "s4-t42",
      "begin" : 721,
      "end" : 727,
      "text" : "assume",
      "whiteSpace" : false
    }, {
      "id" : "s4-t43",
      "begin" : 728,
      "end" : 732,
      "text" : "that",
      "whiteSpace" : false
    }, {
      "id" : "s4-t44",
      "begin" : 733,
      "end" : 734,
      "text" : "'",
      "whiteSpace" : false
    }, {
      "id" : "s4-t45",
      "begin" : 734,
      "end" : 737,
      "text" : "Biz",
      "whiteSpace" : false
    }, {
      "id" : "s4-t46",
      "begin" : 737,
      "end" : 738,
      "text" : "'",
      "whiteSpace" : false
    }, {
      "id" : "s4-t47",
      "begin" : 739,
      "end" : 741,
      "text" : "in",
      "whiteSpace" : false
    }, {
      "id" : "s4-t48",
      "begin" : 742,
      "end" : 743,
      "text" : "'",
      "whiteSpace" : false
    }, {
      "id" : "s4-t49",
      "begin" : 743,
      "end" : 746,
      "text" : "Biz",
      "whiteSpace" : false
    }, {
      "id" : "s4-t50",
      "begin" : 747,
      "end" : 752,
      "text" : "Stone",
      "whiteSpace" : false
    }, {
      "id" : "s4-t51",
      "begin" : 752,
      "end" : 753,
      "text" : "'",
      "whiteSpace" : false
    }, {
      "id" : "s4-t52",
      "begin" : 754,
      "end" : 758,
      "text" : "does",
      "whiteSpace" : false
    }, {
      "id" : "s4-t53",
      "begin" : 759,
      "end" : 762,
      "text" : "not",
      "whiteSpace" : false
    }, {
      "id" : "s4-t54",
      "begin" : 763,
      "end" : 768,
      "text" : "stand",
      "whiteSpace" : false
    }, {
      "id" : "s4-t55",
      "begin" : 769,
      "end" : 772,
      "text" : "for",
      "whiteSpace" : false
    }, {
      "id" : "s4-t56",
      "begin" : 773,
      "end" : 774,
      "text" : "'",
      "whiteSpace" : false
    }, {
      "id" : "s4-t57",
      "begin" : 774,
      "end" : 782,
      "text" : "Business",
      "whiteSpace" : false
    }, {
      "id" : "s4-t58",
      "begin" : 783,
      "end" : 788,
      "text" : "Model",
      "whiteSpace" : false
    }, {
      "id" : "s4-t59",
      "begin" : 788,
      "end" : 789,
      "text" : ",",
      "whiteSpace" : false
    }, {
      "id" : "s4-t60",
      "begin" : 789,
      "end" : 791,
      "text" : "''",
      "whiteSpace" : false
    }, {
      "id" : "s4-t61",
      "begin" : 791,
      "end" : 792,
      "text" : "'",
      "whiteSpace" : false
    }, {
      "id" : "s4-t62",
      "begin" : 793,
      "end" : 798,
      "text" : "Stone",
      "whiteSpace" : false
    }, {
      "id" : "s4-t63",
      "begin" : 799,
      "end" : 804,
      "text" : "jokes",
      "whiteSpace" : false
    }, {
      "id" : "s4-t64",
      "begin" : 805,
      "end" : 807,
      "text" : "in",
      "whiteSpace" : false
    }, {
      "id" : "s4-t65",
      "begin" : 808,
      "end" : 811,
      "text" : "his",
      "whiteSpace" : false
    }, {
      "id" : "s4-t66",
      "begin" : 812,
      "end" : 816,
      "text" : "post",
      "whiteSpace" : false
    }, {
      "id" : "s4-t67",
      "begin" : 816,
      "end" : 817,
      "text" : ".",
      "whiteSpace" : false
    } ]
  } ],
  "mentions" : [ ],
  "relations" : [ ],
  "corefs" : [ ],
  "typeResolved" : true,
  "userResolved" : false
}