{
  "id" : "b99682a0-021f-11e7-adfe-7b21e22b049b-8",
  "name" : "Technology - focustaiwan.tw",
  "version" : 3,
  "text" : "Tokyo, April 19 (CNA) National Taiwan University Professor Chen Ding-shinn was awarded the Nikkei Asia Prize in the science and technology category in Tokyo on Wednesday.\r\rNihon Keizai Shimbun President Tsuneo Kita presented the awards to Chen and two other winners of different categories at a ceremony held at the Tokyo Emperor Hotel.",
  "docLength" : 0,
  "language" : "EN",
  "status" : "SUBMITTED",
  "modifiedDate" : 1488772295484,
  "documentSet" : [ ],
  "preannotation" : [ "PRE_LW" ],
  "sentences" : [ {
    "id" : "s0",
    "begin" : 0,
    "end" : 170,
    "text" : "Tokyo, April 19 (CNA) National Taiwan University Professor Chen Ding-shinn was awarded the Nikkei Asia Prize in the science and technology category in Tokyo on Wednesday.",
    "tokens" : [ {
      "id" : "s0-t0",
      "begin" : 0,
      "end" : 5,
      "text" : "Tokyo",
      "whiteSpace" : false
    }, {
      "id" : "s0-t1",
      "begin" : 5,
      "end" : 6,
      "text" : ",",
      "whiteSpace" : false
    }, {
      "id" : "s0-t2",
      "begin" : 7,
      "end" : 12,
      "text" : "April",
      "whiteSpace" : false
    }, {
      "id" : "s0-t3",
      "begin" : 13,
      "end" : 15,
      "text" : "19",
      "whiteSpace" : false
    }, {
      "id" : "s0-t4",
      "begin" : 16,
      "end" : 17,
      "text" : "(",
      "whiteSpace" : false
    }, {
      "id" : "s0-t5",
      "begin" : 17,
      "end" : 20,
      "text" : "CNA",
      "whiteSpace" : false
    }, {
      "id" : "s0-t6",
      "begin" : 20,
      "end" : 21,
      "text" : ")",
      "whiteSpace" : false
    }, {
      "id" : "s0-t7",
      "begin" : 22,
      "end" : 30,
      "text" : "National",
      "whiteSpace" : false
    }, {
      "id" : "s0-t8",
      "begin" : 31,
      "end" : 37,
      "text" : "Taiwan",
      "whiteSpace" : false
    }, {
      "id" : "s0-t9",
      "begin" : 38,
      "end" : 48,
      "text" : "University",
      "whiteSpace" : false
    }, {
      "id" : "s0-t10",
      "begin" : 49,
      "end" : 58,
      "text" : "Professor",
      "whiteSpace" : false
    }, {
      "id" : "s0-t11",
      "begin" : 59,
      "end" : 63,
      "text" : "Chen",
      "whiteSpace" : false
    }, {
      "id" : "s0-t12",
      "begin" : 64,
      "end" : 68,
      "text" : "Ding",
      "whiteSpace" : false
    }, {
      "id" : "s0-t13",
      "begin" : 68,
      "end" : 69,
      "text" : "-",
      "whiteSpace" : false
    }, {
      "id" : "s0-t14",
      "begin" : 69,
      "end" : 74,
      "text" : "shinn",
      "whiteSpace" : false
    }, {
      "id" : "s0-t15",
      "begin" : 75,
      "end" : 78,
      "text" : "was",
      "whiteSpace" : false
    }, {
      "id" : "s0-t16",
      "begin" : 79,
      "end" : 86,
      "text" : "awarded",
      "whiteSpace" : false
    }, {
      "id" : "s0-t17",
      "begin" : 87,
      "end" : 90,
      "text" : "the",
      "whiteSpace" : false
    }, {
      "id" : "s0-t18",
      "begin" : 91,
      "end" : 97,
      "text" : "Nikkei",
      "whiteSpace" : false
    }, {
      "id" : "s0-t19",
      "begin" : 98,
      "end" : 102,
      "text" : "Asia",
      "whiteSpace" : false
    }, {
      "id" : "s0-t20",
      "begin" : 103,
      "end" : 108,
      "text" : "Prize",
      "whiteSpace" : false
    }, {
      "id" : "s0-t21",
      "begin" : 109,
      "end" : 111,
      "text" : "in",
      "whiteSpace" : false
    }, {
      "id" : "s0-t22",
      "begin" : 112,
      "end" : 115,
      "text" : "the",
      "whiteSpace" : false
    }, {
      "id" : "s0-t23",
      "begin" : 116,
      "end" : 123,
      "text" : "science",
      "whiteSpace" : false
    }, {
      "id" : "s0-t24",
      "begin" : 124,
      "end" : 127,
      "text" : "and",
      "whiteSpace" : false
    }, {
      "id" : "s0-t25",
      "begin" : 128,
      "end" : 138,
      "text" : "technology",
      "whiteSpace" : false
    }, {
      "id" : "s0-t26",
      "begin" : 139,
      "end" : 147,
      "text" : "category",
      "whiteSpace" : false
    }, {
      "id" : "s0-t27",
      "begin" : 148,
      "end" : 150,
      "text" : "in",
      "whiteSpace" : false
    }, {
      "id" : "s0-t28",
      "begin" : 151,
      "end" : 156,
      "text" : "Tokyo",
      "whiteSpace" : false
    }, {
      "id" : "s0-t29",
      "begin" : 157,
      "end" : 159,
      "text" : "on",
      "whiteSpace" : false
    }, {
      "id" : "s0-t30",
      "begin" : 160,
      "end" : 169,
      "text" : "Wednesday",
      "whiteSpace" : false
    }, {
      "id" : "s0-t31",
      "begin" : 169,
      "end" : 170,
      "text" : ".",
      "whiteSpace" : false
    } ]
  }, {
    "id" : "s1",
    "begin" : 172,
    "end" : 336,
    "text" : "Nihon Keizai Shimbun President Tsuneo Kita presented the awards to Chen and two other winners of different categories at a ceremony held at the Tokyo Emperor Hotel.",
    "tokens" : [ {
      "id" : "s1-t0",
      "begin" : 172,
      "end" : 177,
      "text" : "Nihon",
      "whiteSpace" : false
    }, {
      "id" : "s1-t1",
      "begin" : 178,
      "end" : 184,
      "text" : "Keizai",
      "whiteSpace" : false
    }, {
      "id" : "s1-t2",
      "begin" : 185,
      "end" : 192,
      "text" : "Shimbun",
      "whiteSpace" : false
    }, {
      "id" : "s1-t3",
      "begin" : 193,
      "end" : 202,
      "text" : "President",
      "whiteSpace" : false
    }, {
      "id" : "s1-t4",
      "begin" : 203,
      "end" : 209,
      "text" : "Tsuneo",
      "whiteSpace" : false
    }, {
      "id" : "s1-t5",
      "begin" : 210,
      "end" : 214,
      "text" : "Kita",
      "whiteSpace" : false
    }, {
      "id" : "s1-t6",
      "begin" : 215,
      "end" : 224,
      "text" : "presented",
      "whiteSpace" : false
    }, {
      "id" : "s1-t7",
      "begin" : 225,
      "end" : 228,
      "text" : "the",
      "whiteSpace" : false
    }, {
      "id" : "s1-t8",
      "begin" : 229,
      "end" : 235,
      "text" : "awards",
      "whiteSpace" : false
    }, {
      "id" : "s1-t9",
      "begin" : 236,
      "end" : 238,
      "text" : "to",
      "whiteSpace" : false
    }, {
      "id" : "s1-t10",
      "begin" : 239,
      "end" : 243,
      "text" : "Chen",
      "whiteSpace" : false
    }, {
      "id" : "s1-t11",
      "begin" : 244,
      "end" : 247,
      "text" : "and",
      "whiteSpace" : false
    }, {
      "id" : "s1-t12",
      "begin" : 248,
      "end" : 251,
      "text" : "two",
      "whiteSpace" : false
    }, {
      "id" : "s1-t13",
      "begin" : 252,
      "end" : 257,
      "text" : "other",
      "whiteSpace" : false
    }, {
      "id" : "s1-t14",
      "begin" : 258,
      "end" : 265,
      "text" : "winners",
      "whiteSpace" : false
    }, {
      "id" : "s1-t15",
      "begin" : 266,
      "end" : 268,
      "text" : "of",
      "whiteSpace" : false
    }, {
      "id" : "s1-t16",
      "begin" : 269,
      "end" : 278,
      "text" : "different",
      "whiteSpace" : false
    }, {
      "id" : "s1-t17",
      "begin" : 279,
      "end" : 289,
      "text" : "categories",
      "whiteSpace" : false
    }, {
      "id" : "s1-t18",
      "begin" : 290,
      "end" : 292,
      "text" : "at",
      "whiteSpace" : false
    }, {
      "id" : "s1-t19",
      "begin" : 293,
      "end" : 294,
      "text" : "a",
      "whiteSpace" : false
    }, {
      "id" : "s1-t20",
      "begin" : 295,
      "end" : 303,
      "text" : "ceremony",
      "whiteSpace" : false
    }, {
      "id" : "s1-t21",
      "begin" : 304,
      "end" : 308,
      "text" : "held",
      "whiteSpace" : false
    }, {
      "id" : "s1-t22",
      "begin" : 309,
      "end" : 311,
      "text" : "at",
      "whiteSpace" : false
    }, {
      "id" : "s1-t23",
      "begin" : 312,
      "end" : 315,
      "text" : "the",
      "whiteSpace" : false
    }, {
      "id" : "s1-t24",
      "begin" : 316,
      "end" : 321,
      "text" : "Tokyo",
      "whiteSpace" : false
    }, {
      "id" : "s1-t25",
      "begin" : 322,
      "end" : 329,
      "text" : "Emperor",
      "whiteSpace" : false
    }, {
      "id" : "s1-t26",
      "begin" : 330,
      "end" : 335,
      "text" : "Hotel",
      "whiteSpace" : false
    }, {
      "id" : "s1-t27",
      "begin" : 335,
      "end" : 336,
      "text" : ".",
      "whiteSpace" : false
    } ]
  } ],
  "mentions" : [ ],
  "relations" : [ ],
  "corefs" : [ ],
  "typeResolved" : true,
  "userResolved" : false
}