{"relations": [], "userResolved": false, "corefs": [], "language": "EN", "text": "Thanks to an apparent slip-up, Microsoft has given the world a look at its upcoming online synchronization service for Windows Mobile called My Phone. \r\rThe web site for this service is live now, but not fully functional. Still, there's enough to give a complete overview of what it will offer.", "docLength": 0, "typeResolved": true, "documentSet": [], "preannotation": [], "version": 3, "modifiedDate": 1494709690470, "sentences": [{"tokens": [{"text": "Thanks", "begin": 0, "end": 6, "id": "s0-t0", "whiteSpace": false}, {"text": "to", "begin": 7, "end": 9, "id": "s0-t1", "whiteSpace": false}, {"text": "an", "begin": 10, "end": 12, "id": "s0-t2", "whiteSpace": false}, {"text": "apparent", "begin": 13, "end": 21, "id": "s0-t3", "whiteSpace": false}, {"text": "slip", "begin": 22, "end": 26, "id": "s0-t4", "whiteSpace": false}, {"text": "-", "begin": 26, "end": 27, "id": "s0-t5", "whiteSpace": false}, {"text": "up", "begin": 27, "end": 29, "id": "s0-t6", "whiteSpace": false}, {"text": ",", "begin": 29, "end": 30, "id": "s0-t7", "whiteSpace": false}, {"text": "Microsoft", "begin": 31, "end": 40, "id": "s0-t8", "whiteSpace": false}, {"text": "has", "begin": 41, "end": 44, "id": "s0-t9", "whiteSpace": false}, {"text": "given", "begin": 45, "end": 50, "id": "s0-t10", "whiteSpace": false}, {"text": "the", "begin": 51, "end": 54, "id": "s0-t11", "whiteSpace": false}, {"text": "world", "begin": 55, "end": 60, "id": "s0-t12", "whiteSpace": false}, {"text": "a", "begin": 61, "end": 62, "id": "s0-t13", "whiteSpace": false}, {"text": "look", "begin": 63, "end": 67, "id": "s0-t14", "whiteSpace": false}, {"text": "at", "begin": 68, "end": 70, "id": "s0-t15", "whiteSpace": false}, {"text": "its", "begin": 71, "end": 74, "id": "s0-t16", "whiteSpace": false}, {"text": "upcoming", "begin": 75, "end": 83, "id": "s0-t17", "whiteSpace": false}, {"text": "online", "begin": 84, "end": 90, "id": "s0-t18", "whiteSpace": false}, {"text": "synchronization", "begin": 91, "end": 106, "id": "s0-t19", "whiteSpace": false}, {"text": "service", "begin": 107, "end": 114, "id": "s0-t20", "whiteSpace": false}, {"text": "for", "begin": 115, "end": 118, "id": "s0-t21", "whiteSpace": false}, {"text": "Windows", "begin": 119, "end": 126, "id": "s0-t22", "whiteSpace": false}, {"text": "Mobile", "begin": 127, "end": 133, "id": "s0-t23", "whiteSpace": false}, {"text": "called", "begin": 134, "end": 140, "id": "s0-t24", "whiteSpace": false}, {"text": "My", "begin": 141, "end": 143, "id": "s0-t25", "whiteSpace": false}, {"text": "Phone", "begin": 144, "end": 149, "id": "s0-t26", "whiteSpace": false}, {"text": ".", "begin": 149, "end": 150, "id": "s0-t27", "whiteSpace": false}], "text": "Thanks to an apparent slip-up, Microsoft has given the world a look at its upcoming online synchronization service for Windows Mobile called My Phone.", "begin": 0, "end": 150, "id": "s0"}, {"tokens": [{"text": "The", "begin": 153, "end": 156, "id": "s1-t0", "whiteSpace": false}, {"text": "web", "begin": 157, "end": 160, "id": "s1-t1", "whiteSpace": false}, {"text": "site", "begin": 161, "end": 165, "id": "s1-t2", "whiteSpace": false}, {"text": "for", "begin": 166, "end": 169, "id": "s1-t3", "whiteSpace": false}, {"text": "this", "begin": 170, "end": 174, "id": "s1-t4", "whiteSpace": false}, {"text": "service", "begin": 175, "end": 182, "id": "s1-t5", "whiteSpace": false}, {"text": "is", "begin": 183, "end": 185, "id": "s1-t6", "whiteSpace": false}, {"text": "live", "begin": 186, "end": 190, "id": "s1-t7", "whiteSpace": false}, {"text": "now", "begin": 191, "end": 194, "id": "s1-t8", "whiteSpace": false}, {"text": ",", "begin": 194, "end": 195, "id": "s1-t9", "whiteSpace": false}, {"text": "but", "begin": 196, "end": 199, "id": "s1-t10", "whiteSpace": false}, {"text": "not", "begin": 200, "end": 203, "id": "s1-t11", "whiteSpace": false}, {"text": "fully", "begin": 204, "end": 209, "id": "s1-t12", "whiteSpace": false}, {"text": "functional", "begin": 210, "end": 220, "id": "s1-t13", "whiteSpace": false}, {"text": ".", "begin": 220, "end": 221, "id": "s1-t14", "whiteSpace": false}], "text": "The web site for this service is live now, but not fully functional.", "begin": 153, "end": 221, "id": "s1"}, {"tokens": [{"text": "Still", "begin": 222, "end": 227, "id": "s2-t0", "whiteSpace": false}, {"text": ",", "begin": 227, "end": 228, "id": "s2-t1", "whiteSpace": false}, {"text": "there", "begin": 229, "end": 234, "id": "s2-t2", "whiteSpace": false}, {"text": "'s", "begin": 234, "end": 236, "id": "s2-t3", "whiteSpace": false}, {"text": "enough", "begin": 237, "end": 243, "id": "s2-t4", "whiteSpace": false}, {"text": "to", "begin": 244, "end": 246, "id": "s2-t5", "whiteSpace": false}, {"text": "give", "begin": 247, "end": 251, "id": "s2-t6", "whiteSpace": false}, {"text": "a", "begin": 252, "end": 253, "id": "s2-t7", "whiteSpace": false}, {"text": "complete", "begin": 254, "end": 262, "id": "s2-t8", "whiteSpace": false}, {"text": "overview", "begin": 263, "end": 271, "id": "s2-t9", "whiteSpace": false}, {"text": "of", "begin": 272, "end": 274, "id": "s2-t10", "whiteSpace": false}, {"text": "what", "begin": 275, "end": 279, "id": "s2-t11", "whiteSpace": false}, {"text": "it", "begin": 280, "end": 282, "id": "s2-t12", "whiteSpace": false}, {"text": "will", "begin": 283, "end": 287, "id": "s2-t13", "whiteSpace": false}, {"text": "offer", "begin": 288, "end": 293, "id": "s2-t14", "whiteSpace": false}, {"text": ".", "begin": 293, "end": 294, "id": "s2-t15", "whiteSpace": false}], "text": "Still, there's enough to give a complete overview of what it will offer.", "begin": 222, "end": 294, "id": "s2"}], "mentions": [{"begin": 107, "end": 114, "inCoref": false, "id": "s0-m0", "entityTypeId": "b74b46d9-748b-486d-8602-b49e0194561a", "type": "WEB", "properties": {"SIRE_ENTITY_SUBTYPE": "NONE", "SIRE_MENTION_TYPE": "NONE", "SIRE_MENTION_CLASS": "NONE", "SIRE_MENTION_ROLE": "NONE"}}, {"begin": 107, "end": 114, "inCoref": false, "id": "s0-m1", "entityTypeId": "b74b46d9-748b-486d-8602-b49e0194561a", "type": "WEB", "properties": {"SIRE_ENTITY_SUBTYPE": "NONE", "SIRE_MENTION_TYPE": "NONE", "SIRE_MENTION_CLASS": "NONE", "SIRE_MENTION_ROLE": "NONE"}}, {"begin": 119, "end": 126, "inCoref": false, "id": "s0-m2", "entityTypeId": "8091820b-2969-44ae-9178-9e0ebfbc2333", "type": "FACILITY", "properties": {"SIRE_ENTITY_SUBTYPE": "NONE", "SIRE_MENTION_TYPE": "NONE", "SIRE_MENTION_CLASS": "NONE", "SIRE_MENTION_ROLE": "NONE"}}, {"begin": 107, "end": 114, "inCoref": false, "id": "s0-m3", "entityTypeId": "b74b46d9-748b-486d-8602-b49e0194561a", "type": "WEB", "properties": {"SIRE_ENTITY_SUBTYPE": "NONE", "SIRE_MENTION_TYPE": "NONE", "SIRE_MENTION_CLASS": "NONE", "SIRE_MENTION_ROLE": "NONE"}}, {"begin": 13, "end": 21, "inCoref": false, "id": "s0-m4", "entityTypeId": "4a8e50ec-f850-412f-8ebe-8961437d6ecd", "type": "WEATHER", "properties": {"SIRE_ENTITY_SUBTYPE": "NONE", "SIRE_MENTION_TYPE": "NONE", "SIRE_MENTION_CLASS": "NONE", "SIRE_MENTION_ROLE": "NONE"}}], "id": "d50741c4-37d4-11e7-915e-02429bdaaeaf-1", "name": "Technology - brighthand.com"}