{"relations": [], "userResolved": false, "corefs": [], "language": "EN", "text": "February 3, 2009 (Computerworld) The U.S. government has hired IBM to build a supercomputer with more power than all the supercomputers on the Top500 supercomputer list combined. \r\rIt's an ambitious claim by IBM in a business where jumbo-size claims are the norm. The planned Sequoia system, capable of 20 petaflops, will be used by the U.S. Department of Energy in its nuclear stockpile research. The fastest systems today can only reach 1 petaflop, a remarkable achievement in its own right that was met only last year. \r\rIt 'is the biggest leap of computing capability ever delivered to the lab,' said Mark Seager, assistant department head for advanced technology at the Lawrence Livermore National Laboratory in Livermore, Calif., where the system will be housed. It's expected to be up and running in 2012. \r\rIBM is actually building two supercomputers under this contract. The first one, to be delivered by midyear, is called Dawn and will operate at around 500 teraflops. Researchers will use Dawn to help prepare for the larger system. \r\rSequoia will use approximately 1.6 million processing cores, all IBM Power chips, running Linux, which dominates high-performance computing at this scale. IBM is still developing a 45-nanometer chip for the system and may produce something with eight or 16 cores -- or more -- for it. Although the final chip configuration has yet to be determined, the system will have 1.6TB of memory and be housed in 96 'refrigerator-size' racks. \r\rThe cost of the system wasn't disclosed. \r\rThe supercomputer is also helping to drive a massive power upgrade at Lawrence Livermore, which is increasing the amount of electricity available for all its computing systems from 12.5 megawatts to 30 megawatts. To achieve the upgrade, it will run more power lines to its facility. Sequoia alone is expected to use about 6 megawatts, according to Seager. \r\rThe world's first computer to break the teraflop barrier was built at Sandia National Laboratories in 1996. A teraflop equals a trillion floating points a second; a petaflop is 1,000 trillion (one quadrillion) sustained floating-point operations per second. \r\rIt takes government funding to build systems of this scale and size, but that also means that the U.S. is paying for much of the problem-solving it takes to scale across more than a million cores. 'This is what's so good about it,' said Herb Schultz, manager of deep computing at IBM. 'They [the national lab] end up proving that you can get codes to scale that high.' \r\rIn effect, by solving those problems, the national lab's work will pave the way for broader adoption of massive systems that could improve weather research, forecasts, tornado tracking, and work on a variety of other research problems. Large systems such as Sequoia help researchers reduce uncertainty and improve precision in simulations that can, for instance, predict tornado paths. The more compute power available, the more fine tuned and accurate the simulation. \r\rThe major problem in running a system of this scale is 'the applications -- porting the applications and scaling them up is a critical problem we are facing,' said Seager. \r\rThere are two petaflop systems in the U.S., IBM's Roadrunner at Los Alamos National Laboratory, which passed the petaflop barrier last May, and Cray Inc.'s XT Jaguar at the Oak Ridge National Laboratory. \r\rIBM plans to build Sequoia at its Rochester, Minn., plant.", "docLength": 0, "typeResolved": true, "documentSet": [], "preannotation": [], "version": 3, "modifiedDate": 1496065369973, "sentences": [{"tokens": [{"text": "0", "begin": 0, "end": 1, "id": "s0-t0", "whiteSpace": false}, {"text": ",", "begin": 1, "end": 2, "id": "s0-t1", "whiteSpace": false}, {"text": "its", "begin": 3, "end": 6, "id": "s0-t2", "whiteSpace": false}, {"text": "new", "begin": 7, "end": 10, "id": "s0-t3", "whiteSpace": false}, {"text": "open", "begin": 11, "end": 15, "id": "s0-t4", "whiteSpace": false}, {"text": "source", "begin": 16, "end": 22, "id": "s0-t5", "whiteSpace": false}, {"text": "Application", "begin": 23, "end": 34, "id": "s0-t6", "whiteSpace": false}, {"text": "Development", "begin": 35, "end": 46, "id": "s0-t7", "whiteSpace": false}, {"text": "Framework", "begin": 47, "end": 56, "id": "s0-t8", "whiteSpace": false}, {"text": "andFebruary", "begin": 57, "end": 68, "id": "s0-t9", "whiteSpace": false}, {"text": "3", "begin": 69, "end": 70, "id": "s0-t10", "whiteSpace": false}, {"text": ",", "begin": 70, "end": 71, "id": "s0-t11", "whiteSpace": false}, {"text": "2009", "begin": 72, "end": 76, "id": "s0-t12", "whiteSpace": false}, {"text": "(Computerworld)", "begin": 77, "end": 92, "id": "s0-t13", "whiteSpace": false}, {"text": "The", "begin": 93, "end": 96, "id": "s0-t14", "whiteSpace": false}, {"text": "U", "begin": 97, "end": 98, "id": "s0-t15", "whiteSpace": false}, {"text": ".", "begin": 98, "end": 99, "id": "s0-t16", "whiteSpace": false}], "text": "0, its new open source Application Development Framework andFebruary 3, 2009 (Computerworld) The U.", "begin": 0, "end": 99, "id": "s0"}, {"tokens": [{"text": "S", "begin": 39, "end": 40, "id": "s1-t0", "whiteSpace": false}, {"text": ".", "begin": 40, "end": 41, "id": "s1-t1", "whiteSpace": false}], "text": "S.", "begin": 39, "end": 41, "id": "s1"}, {"tokens": [{"text": "government", "begin": 42, "end": 52, "id": "s2-t0", "whiteSpace": false}, {"text": "has", "begin": 53, "end": 56, "id": "s2-t1", "whiteSpace": false}, {"text": "hired", "begin": 57, "end": 62, "id": "s2-t2", "whiteSpace": false}, {"text": "IBM", "begin": 63, "end": 66, "id": "s2-t3", "whiteSpace": false}, {"text": "to", "begin": 67, "end": 69, "id": "s2-t4", "whiteSpace": false}, {"text": "build", "begin": 70, "end": 75, "id": "s2-t5", "whiteSpace": false}, {"text": "a", "begin": 76, "end": 77, "id": "s2-t6", "whiteSpace": false}, {"text": "supercomputer", "begin": 78, "end": 91, "id": "s2-t7", "whiteSpace": false}, {"text": "with", "begin": 92, "end": 96, "id": "s2-t8", "whiteSpace": false}, {"text": "more", "begin": 97, "end": 101, "id": "s2-t9", "whiteSpace": false}, {"text": "power", "begin": 102, "end": 107, "id": "s2-t10", "whiteSpace": false}, {"text": "than", "begin": 108, "end": 112, "id": "s2-t11", "whiteSpace": false}, {"text": "all", "begin": 113, "end": 116, "id": "s2-t12", "whiteSpace": false}, {"text": "the", "begin": 117, "end": 120, "id": "s2-t13", "whiteSpace": false}, {"text": "supercomputers", "begin": 121, "end": 135, "id": "s2-t14", "whiteSpace": false}, {"text": "on", "begin": 136, "end": 138, "id": "s2-t15", "whiteSpace": false}, {"text": "the", "begin": 139, "end": 142, "id": "s2-t16", "whiteSpace": false}, {"text": "Top500", "begin": 143, "end": 149, "id": "s2-t17", "whiteSpace": false}, {"text": "supercomputer", "begin": 150, "end": 163, "id": "s2-t18", "whiteSpace": false}, {"text": "list", "begin": 164, "end": 168, "id": "s2-t19", "whiteSpace": false}, {"text": "combined", "begin": 169, "end": 177, "id": "s2-t20", "whiteSpace": false}, {"text": ".", "begin": 177, "end": 178, "id": "s2-t21", "whiteSpace": false}], "text": "government has hired IBM to build a supercomputer with more power than all the supercomputers on the Top500 supercomputer list combined.", "begin": 42, "end": 178, "id": "s2"}, {"tokens": [{"text": "It", "begin": 181, "end": 183, "id": "s3-t0", "whiteSpace": false}, {"text": "'s", "begin": 183, "end": 185, "id": "s3-t1", "whiteSpace": false}, {"text": "an", "begin": 186, "end": 188, "id": "s3-t2", "whiteSpace": false}, {"text": "ambitious", "begin": 189, "end": 198, "id": "s3-t3", "whiteSpace": false}, {"text": "claim", "begin": 199, "end": 204, "id": "s3-t4", "whiteSpace": false}, {"text": "by", "begin": 205, "end": 207, "id": "s3-t5", "whiteSpace": false}, {"text": "IBM", "begin": 208, "end": 211, "id": "s3-t6", "whiteSpace": false}, {"text": "in", "begin": 212, "end": 214, "id": "s3-t7", "whiteSpace": false}, {"text": "a", "begin": 215, "end": 216, "id": "s3-t8", "whiteSpace": false}, {"text": "business", "begin": 217, "end": 225, "id": "s3-t9", "whiteSpace": false}, {"text": "where", "begin": 226, "end": 231, "id": "s3-t10", "whiteSpace": false}, {"text": "jumbo", "begin": 232, "end": 237, "id": "s3-t11", "whiteSpace": false}, {"text": "-", "begin": 237, "end": 238, "id": "s3-t12", "whiteSpace": false}, {"text": "size", "begin": 238, "end": 242, "id": "s3-t13", "whiteSpace": false}, {"text": "claims", "begin": 243, "end": 249, "id": "s3-t14", "whiteSpace": false}, {"text": "are", "begin": 250, "end": 253, "id": "s3-t15", "whiteSpace": false}, {"text": "the", "begin": 254, "end": 257, "id": "s3-t16", "whiteSpace": false}, {"text": "norm", "begin": 258, "end": 262, "id": "s3-t17", "whiteSpace": false}, {"text": ".", "begin": 262, "end": 263, "id": "s3-t18", "whiteSpace": false}], "text": "It's an ambitious claim by IBM in a business where jumbo-size claims are the norm.", "begin": 181, "end": 263, "id": "s3"}, {"tokens": [{"text": "The", "begin": 264, "end": 267, "id": "s4-t0", "whiteSpace": false}, {"text": "planned", "begin": 268, "end": 275, "id": "s4-t1", "whiteSpace": false}, {"text": "Sequoia", "begin": 276, "end": 283, "id": "s4-t2", "whiteSpace": false}, {"text": "system", "begin": 284, "end": 290, "id": "s4-t3", "whiteSpace": false}, {"text": ",", "begin": 290, "end": 291, "id": "s4-t4", "whiteSpace": false}, {"text": "capable", "begin": 292, "end": 299, "id": "s4-t5", "whiteSpace": false}, {"text": "of", "begin": 300, "end": 302, "id": "s4-t6", "whiteSpace": false}, {"text": "20", "begin": 303, "end": 305, "id": "s4-t7", "whiteSpace": false}, {"text": "petaflops", "begin": 306, "end": 315, "id": "s4-t8", "whiteSpace": false}, {"text": ",", "begin": 315, "end": 316, "id": "s4-t9", "whiteSpace": false}, {"text": "will", "begin": 317, "end": 321, "id": "s4-t10", "whiteSpace": false}, {"text": "be", "begin": 322, "end": 324, "id": "s4-t11", "whiteSpace": false}, {"text": "used", "begin": 325, "end": 329, "id": "s4-t12", "whiteSpace": false}, {"text": "by", "begin": 330, "end": 332, "id": "s4-t13", "whiteSpace": false}, {"text": "the", "begin": 333, "end": 336, "id": "s4-t14", "whiteSpace": false}, {"text": "U", "begin": 337, "end": 338, "id": "s4-t15", "whiteSpace": false}, {"text": ".", "begin": 338, "end": 339, "id": "s4-t16", "whiteSpace": false}], "text": "The planned Sequoia system, capable of 20 petaflops, will be used by the U.", "begin": 264, "end": 339, "id": "s4"}, {"tokens": [{"text": "S", "begin": 339, "end": 340, "id": "s5-t0", "whiteSpace": false}, {"text": ".", "begin": 340, "end": 341, "id": "s5-t1", "whiteSpace": false}], "text": "S.", "begin": 339, "end": 341, "id": "s5"}, {"tokens": [{"text": "Department", "begin": 342, "end": 352, "id": "s6-t0", "whiteSpace": false}, {"text": "of", "begin": 353, "end": 355, "id": "s6-t1", "whiteSpace": false}, {"text": "Energy", "begin": 356, "end": 362, "id": "s6-t2", "whiteSpace": false}, {"text": "in", "begin": 363, "end": 365, "id": "s6-t3", "whiteSpace": false}, {"text": "its", "begin": 366, "end": 369, "id": "s6-t4", "whiteSpace": false}, {"text": "nuclear", "begin": 370, "end": 377, "id": "s6-t5", "whiteSpace": false}, {"text": "stockpile", "begin": 378, "end": 387, "id": "s6-t6", "whiteSpace": false}, {"text": "research", "begin": 388, "end": 396, "id": "s6-t7", "whiteSpace": false}, {"text": ".", "begin": 396, "end": 397, "id": "s6-t8", "whiteSpace": false}], "text": "Department of Energy in its nuclear stockpile research.", "begin": 342, "end": 397, "id": "s6"}, {"tokens": [{"text": "The", "begin": 398, "end": 401, "id": "s7-t0", "whiteSpace": false}, {"text": "fastest", "begin": 402, "end": 409, "id": "s7-t1", "whiteSpace": false}, {"text": "systems", "begin": 410, "end": 417, "id": "s7-t2", "whiteSpace": false}, {"text": "today", "begin": 418, "end": 423, "id": "s7-t3", "whiteSpace": false}, {"text": "can", "begin": 424, "end": 427, "id": "s7-t4", "whiteSpace": false}, {"text": "only", "begin": 428, "end": 432, "id": "s7-t5", "whiteSpace": false}, {"text": "reach", "begin": 433, "end": 438, "id": "s7-t6", "whiteSpace": false}, {"text": "1", "begin": 439, "end": 440, "id": "s7-t7", "whiteSpace": false}, {"text": "petaflop", "begin": 441, "end": 449, "id": "s7-t8", "whiteSpace": false}, {"text": ",", "begin": 449, "end": 450, "id": "s7-t9", "whiteSpace": false}, {"text": "a", "begin": 451, "end": 452, "id": "s7-t10", "whiteSpace": false}, {"text": "remarkable", "begin": 453, "end": 463, "id": "s7-t11", "whiteSpace": false}, {"text": "achievement", "begin": 464, "end": 475, "id": "s7-t12", "whiteSpace": false}, {"text": "in", "begin": 476, "end": 478, "id": "s7-t13", "whiteSpace": false}, {"text": "its", "begin": 479, "end": 482, "id": "s7-t14", "whiteSpace": false}, {"text": "own", "begin": 483, "end": 486, "id": "s7-t15", "whiteSpace": false}, {"text": "right", "begin": 487, "end": 492, "id": "s7-t16", "whiteSpace": false}, {"text": "that", "begin": 493, "end": 497, "id": "s7-t17", "whiteSpace": false}, {"text": "was", "begin": 498, "end": 501, "id": "s7-t18", "whiteSpace": false}, {"text": "met", "begin": 502, "end": 505, "id": "s7-t19", "whiteSpace": false}, {"text": "only", "begin": 506, "end": 510, "id": "s7-t20", "whiteSpace": false}, {"text": "last", "begin": 511, "end": 515, "id": "s7-t21", "whiteSpace": false}, {"text": "year", "begin": 516, "end": 520, "id": "s7-t22", "whiteSpace": false}, {"text": ".", "begin": 520, "end": 521, "id": "s7-t23", "whiteSpace": false}], "text": "The fastest systems today can only reach 1 petaflop, a remarkable achievement in its own right that was met only last year.", "begin": 398, "end": 521, "id": "s7"}, {"tokens": [{"text": "It", "begin": 524, "end": 526, "id": "s8-t0", "whiteSpace": false}, {"text": "'is", "begin": 527, "end": 530, "id": "s8-t1", "whiteSpace": false}, {"text": "the", "begin": 531, "end": 534, "id": "s8-t2", "whiteSpace": false}, {"text": "biggest", "begin": 535, "end": 542, "id": "s8-t3", "whiteSpace": false}, {"text": "leap", "begin": 543, "end": 547, "id": "s8-t4", "whiteSpace": false}, {"text": "of", "begin": 548, "end": 550, "id": "s8-t5", "whiteSpace": false}, {"text": "computing", "begin": 551, "end": 560, "id": "s8-t6", "whiteSpace": false}, {"text": "capability", "begin": 561, "end": 571, "id": "s8-t7", "whiteSpace": false}, {"text": "ever", "begin": 572, "end": 576, "id": "s8-t8", "whiteSpace": false}, {"text": "delivered", "begin": 577, "end": 586, "id": "s8-t9", "whiteSpace": false}, {"text": "to", "begin": 587, "end": 589, "id": "s8-t10", "whiteSpace": false}, {"text": "the", "begin": 590, "end": 593, "id": "s8-t11", "whiteSpace": false}, {"text": "lab", "begin": 594, "end": 597, "id": "s8-t12", "whiteSpace": false}, {"text": ",", "begin": 597, "end": 598, "id": "s8-t13", "whiteSpace": false}, {"text": "'", "begin": 598, "end": 599, "id": "s8-t14", "whiteSpace": false}, {"text": "said", "begin": 600, "end": 604, "id": "s8-t15", "whiteSpace": false}, {"text": "Mark", "begin": 605, "end": 609, "id": "s8-t16", "whiteSpace": false}, {"text": "Seager", "begin": 610, "end": 616, "id": "s8-t17", "whiteSpace": false}, {"text": ",", "begin": 616, "end": 617, "id": "s8-t18", "whiteSpace": false}, {"text": "assistant", "begin": 618, "end": 627, "id": "s8-t19", "whiteSpace": false}, {"text": "department", "begin": 628, "end": 638, "id": "s8-t20", "whiteSpace": false}, {"text": "head", "begin": 639, "end": 643, "id": "s8-t21", "whiteSpace": false}, {"text": "for", "begin": 644, "end": 647, "id": "s8-t22", "whiteSpace": false}, {"text": "advanced", "begin": 648, "end": 656, "id": "s8-t23", "whiteSpace": false}, {"text": "technology", "begin": 657, "end": 667, "id": "s8-t24", "whiteSpace": false}, {"text": "at", "begin": 668, "end": 670, "id": "s8-t25", "whiteSpace": false}, {"text": "the", "begin": 671, "end": 674, "id": "s8-t26", "whiteSpace": false}, {"text": "Lawrence", "begin": 675, "end": 683, "id": "s8-t27", "whiteSpace": false}, {"text": "Livermore", "begin": 684, "end": 693, "id": "s8-t28", "whiteSpace": false}, {"text": "National", "begin": 694, "end": 702, "id": "s8-t29", "whiteSpace": false}, {"text": "Laboratory", "begin": 703, "end": 713, "id": "s8-t30", "whiteSpace": false}, {"text": "in", "begin": 714, "end": 716, "id": "s8-t31", "whiteSpace": false}, {"text": "Livermore", "begin": 717, "end": 726, "id": "s8-t32", "whiteSpace": false}, {"text": ",", "begin": 726, "end": 727, "id": "s8-t33", "whiteSpace": false}, {"text": "Calif", "begin": 728, "end": 733, "id": "s8-t34", "whiteSpace": false}, {"text": ".", "begin": 733, "end": 734, "id": "s8-t35", "whiteSpace": false}], "text": "It 'is the biggest leap of computing capability ever delivered to the lab,' said Mark Seager, assistant department head for advanced technology at the Lawrence Livermore National Laboratory in Livermore, Calif.", "begin": 524, "end": 734, "id": "s8"}, {"tokens": [{"text": ",", "begin": 734, "end": 735, "id": "s9-t0", "whiteSpace": false}, {"text": "where", "begin": 736, "end": 741, "id": "s9-t1", "whiteSpace": false}, {"text": "the", "begin": 742, "end": 745, "id": "s9-t2", "whiteSpace": false}, {"text": "system", "begin": 746, "end": 752, "id": "s9-t3", "whiteSpace": false}, {"text": "will", "begin": 753, "end": 757, "id": "s9-t4", "whiteSpace": false}, {"text": "be", "begin": 758, "end": 760, "id": "s9-t5", "whiteSpace": false}, {"text": "housed", "begin": 761, "end": 767, "id": "s9-t6", "whiteSpace": false}, {"text": ".", "begin": 767, "end": 768, "id": "s9-t7", "whiteSpace": false}], "text": ", where the system will be housed.", "begin": 734, "end": 768, "id": "s9"}, {"tokens": [{"text": "It", "begin": 769, "end": 771, "id": "s10-t0", "whiteSpace": false}, {"text": "'s", "begin": 771, "end": 773, "id": "s10-t1", "whiteSpace": false}, {"text": "expected", "begin": 774, "end": 782, "id": "s10-t2", "whiteSpace": false}, {"text": "to", "begin": 783, "end": 785, "id": "s10-t3", "whiteSpace": false}, {"text": "be", "begin": 786, "end": 788, "id": "s10-t4", "whiteSpace": false}, {"text": "up", "begin": 789, "end": 791, "id": "s10-t5", "whiteSpace": false}, {"text": "and", "begin": 792, "end": 795, "id": "s10-t6", "whiteSpace": false}, {"text": "running", "begin": 796, "end": 803, "id": "s10-t7", "whiteSpace": false}, {"text": "in", "begin": 804, "end": 806, "id": "s10-t8", "whiteSpace": false}, {"text": "2012", "begin": 807, "end": 811, "id": "s10-t9", "whiteSpace": false}, {"text": ".", "begin": 811, "end": 812, "id": "s10-t10", "whiteSpace": false}], "text": "It's expected to be up and running in 2012.", "begin": 769, "end": 812, "id": "s10"}, {"tokens": [{"text": "IBM", "begin": 815, "end": 818, "id": "s11-t0", "whiteSpace": false}, {"text": "is", "begin": 819, "end": 821, "id": "s11-t1", "whiteSpace": false}, {"text": "actually", "begin": 822, "end": 830, "id": "s11-t2", "whiteSpace": false}, {"text": "building", "begin": 831, "end": 839, "id": "s11-t3", "whiteSpace": false}, {"text": "two", "begin": 840, "end": 843, "id": "s11-t4", "whiteSpace": false}, {"text": "supercomputers", "begin": 844, "end": 858, "id": "s11-t5", "whiteSpace": false}, {"text": "under", "begin": 859, "end": 864, "id": "s11-t6", "whiteSpace": false}, {"text": "this", "begin": 865, "end": 869, "id": "s11-t7", "whiteSpace": false}, {"text": "contract", "begin": 870, "end": 878, "id": "s11-t8", "whiteSpace": false}, {"text": ".", "begin": 878, "end": 879, "id": "s11-t9", "whiteSpace": false}], "text": "IBM is actually building two supercomputers under this contract.", "begin": 815, "end": 879, "id": "s11"}, {"tokens": [{"text": "The", "begin": 880, "end": 883, "id": "s12-t0", "whiteSpace": false}, {"text": "first", "begin": 884, "end": 889, "id": "s12-t1", "whiteSpace": false}, {"text": "one", "begin": 890, "end": 893, "id": "s12-t2", "whiteSpace": false}, {"text": ",", "begin": 893, "end": 894, "id": "s12-t3", "whiteSpace": false}, {"text": "to", "begin": 895, "end": 897, "id": "s12-t4", "whiteSpace": false}, {"text": "be", "begin": 898, "end": 900, "id": "s12-t5", "whiteSpace": false}, {"text": "delivered", "begin": 901, "end": 910, "id": "s12-t6", "whiteSpace": false}, {"text": "by", "begin": 911, "end": 913, "id": "s12-t7", "whiteSpace": false}, {"text": "midyear", "begin": 914, "end": 921, "id": "s12-t8", "whiteSpace": false}, {"text": ",", "begin": 921, "end": 922, "id": "s12-t9", "whiteSpace": false}, {"text": "is", "begin": 923, "end": 925, "id": "s12-t10", "whiteSpace": false}, {"text": "called", "begin": 926, "end": 932, "id": "s12-t11", "whiteSpace": false}, {"text": "Dawn", "begin": 933, "end": 937, "id": "s12-t12", "whiteSpace": false}, {"text": "and", "begin": 938, "end": 941, "id": "s12-t13", "whiteSpace": false}, {"text": "will", "begin": 942, "end": 946, "id": "s12-t14", "whiteSpace": false}, {"text": "operate", "begin": 947, "end": 954, "id": "s12-t15", "whiteSpace": false}, {"text": "at", "begin": 955, "end": 957, "id": "s12-t16", "whiteSpace": false}, {"text": "around", "begin": 958, "end": 964, "id": "s12-t17", "whiteSpace": false}, {"text": "500", "begin": 965, "end": 968, "id": "s12-t18", "whiteSpace": false}, {"text": "teraflops", "begin": 969, "end": 978, "id": "s12-t19", "whiteSpace": false}, {"text": ".", "begin": 978, "end": 979, "id": "s12-t20", "whiteSpace": false}], "text": "The first one, to be delivered by midyear, is called Dawn and will operate at around 500 teraflops.", "begin": 880, "end": 979, "id": "s12"}, {"tokens": [{"text": "Researchers", "begin": 980, "end": 991, "id": "s13-t0", "whiteSpace": false}, {"text": "will", "begin": 992, "end": 996, "id": "s13-t1", "whiteSpace": false}, {"text": "use", "begin": 997, "end": 1000, "id": "s13-t2", "whiteSpace": false}, {"text": "Dawn", "begin": 1001, "end": 1005, "id": "s13-t3", "whiteSpace": false}, {"text": "to", "begin": 1006, "end": 1008, "id": "s13-t4", "whiteSpace": false}, {"text": "help", "begin": 1009, "end": 1013, "id": "s13-t5", "whiteSpace": false}, {"text": "prepare", "begin": 1014, "end": 1021, "id": "s13-t6", "whiteSpace": false}, {"text": "for", "begin": 1022, "end": 1025, "id": "s13-t7", "whiteSpace": false}, {"text": "the", "begin": 1026, "end": 1029, "id": "s13-t8", "whiteSpace": false}, {"text": "larger", "begin": 1030, "end": 1036, "id": "s13-t9", "whiteSpace": false}, {"text": "system", "begin": 1037, "end": 1043, "id": "s13-t10", "whiteSpace": false}, {"text": ".", "begin": 1043, "end": 1044, "id": "s13-t11", "whiteSpace": false}], "text": "Researchers will use Dawn to help prepare for the larger system.", "begin": 980, "end": 1044, "id": "s13"}, {"tokens": [{"text": "Sequoia", "begin": 1047, "end": 1054, "id": "s14-t0", "whiteSpace": false}, {"text": "will", "begin": 1055, "end": 1059, "id": "s14-t1", "whiteSpace": false}, {"text": "use", "begin": 1060, "end": 1063, "id": "s14-t2", "whiteSpace": false}, {"text": "approximately", "begin": 1064, "end": 1077, "id": "s14-t3", "whiteSpace": false}, {"text": "1", "begin": 1078, "end": 1079, "id": "s14-t4", "whiteSpace": false}, {"text": ".", "begin": 1079, "end": 1080, "id": "s14-t5", "whiteSpace": false}], "text": "Sequoia will use approximately 1.", "begin": 1047, "end": 1080, "id": "s14"}, {"tokens": [{"text": "6", "begin": 1080, "end": 1081, "id": "s15-t0", "whiteSpace": false}, {"text": "million", "begin": 1082, "end": 1089, "id": "s15-t1", "whiteSpace": false}, {"text": "processing", "begin": 1090, "end": 1100, "id": "s15-t2", "whiteSpace": false}, {"text": "cores", "begin": 1101, "end": 1106, "id": "s15-t3", "whiteSpace": false}, {"text": ",", "begin": 1106, "end": 1107, "id": "s15-t4", "whiteSpace": false}, {"text": "all", "begin": 1108, "end": 1111, "id": "s15-t5", "whiteSpace": false}, {"text": "IBM", "begin": 1112, "end": 1115, "id": "s15-t6", "whiteSpace": false}, {"text": "Power", "begin": 1116, "end": 1121, "id": "s15-t7", "whiteSpace": false}, {"text": "chips", "begin": 1122, "end": 1127, "id": "s15-t8", "whiteSpace": false}, {"text": ",", "begin": 1127, "end": 1128, "id": "s15-t9", "whiteSpace": false}, {"text": "running", "begin": 1129, "end": 1136, "id": "s15-t10", "whiteSpace": false}, {"text": "Linux", "begin": 1137, "end": 1142, "id": "s15-t11", "whiteSpace": false}, {"text": ",", "begin": 1142, "end": 1143, "id": "s15-t12", "whiteSpace": false}, {"text": "which", "begin": 1144, "end": 1149, "id": "s15-t13", "whiteSpace": false}, {"text": "dominates", "begin": 1150, "end": 1159, "id": "s15-t14", "whiteSpace": false}, {"text": "high", "begin": 1160, "end": 1164, "id": "s15-t15", "whiteSpace": false}, {"text": "-", "begin": 1164, "end": 1165, "id": "s15-t16", "whiteSpace": false}, {"text": "performance", "begin": 1165, "end": 1176, "id": "s15-t17", "whiteSpace": false}, {"text": "computing", "begin": 1177, "end": 1186, "id": "s15-t18", "whiteSpace": false}, {"text": "at", "begin": 1187, "end": 1189, "id": "s15-t19", "whiteSpace": false}, {"text": "this", "begin": 1190, "end": 1194, "id": "s15-t20", "whiteSpace": false}, {"text": "scale", "begin": 1195, "end": 1200, "id": "s15-t21", "whiteSpace": false}, {"text": ".", "begin": 1200, "end": 1201, "id": "s15-t22", "whiteSpace": false}], "text": "6 million processing cores, all IBM Power chips, running Linux, which dominates high-performance computing at this scale.", "begin": 1080, "end": 1201, "id": "s15"}, {"tokens": [{"text": "IBM", "begin": 1202, "end": 1205, "id": "s16-t0", "whiteSpace": false}, {"text": "is", "begin": 1206, "end": 1208, "id": "s16-t1", "whiteSpace": false}, {"text": "still", "begin": 1209, "end": 1214, "id": "s16-t2", "whiteSpace": false}, {"text": "developing", "begin": 1215, "end": 1225, "id": "s16-t3", "whiteSpace": false}, {"text": "a", "begin": 1226, "end": 1227, "id": "s16-t4", "whiteSpace": false}, {"text": "45", "begin": 1228, "end": 1230, "id": "s16-t5", "whiteSpace": false}, {"text": "-", "begin": 1230, "end": 1231, "id": "s16-t6", "whiteSpace": false}, {"text": "nanometer", "begin": 1231, "end": 1240, "id": "s16-t7", "whiteSpace": false}, {"text": "chip", "begin": 1241, "end": 1245, "id": "s16-t8", "whiteSpace": false}, {"text": "for", "begin": 1246, "end": 1249, "id": "s16-t9", "whiteSpace": false}, {"text": "the", "begin": 1250, "end": 1253, "id": "s16-t10", "whiteSpace": false}, {"text": "system", "begin": 1254, "end": 1260, "id": "s16-t11", "whiteSpace": false}, {"text": "and", "begin": 1261, "end": 1264, "id": "s16-t12", "whiteSpace": false}, {"text": "may", "begin": 1265, "end": 1268, "id": "s16-t13", "whiteSpace": false}, {"text": "produce", "begin": 1269, "end": 1276, "id": "s16-t14", "whiteSpace": false}, {"text": "something", "begin": 1277, "end": 1286, "id": "s16-t15", "whiteSpace": false}, {"text": "with", "begin": 1287, "end": 1291, "id": "s16-t16", "whiteSpace": false}, {"text": "eight", "begin": 1292, "end": 1297, "id": "s16-t17", "whiteSpace": false}, {"text": "or", "begin": 1298, "end": 1300, "id": "s16-t18", "whiteSpace": false}, {"text": "16", "begin": 1301, "end": 1303, "id": "s16-t19", "whiteSpace": false}, {"text": "cores", "begin": 1304, "end": 1309, "id": "s16-t20", "whiteSpace": false}, {"text": "-", "begin": 1310, "end": 1311, "id": "s16-t21", "whiteSpace": false}, {"text": "-", "begin": 1311, "end": 1312, "id": "s16-t22", "whiteSpace": false}, {"text": "or", "begin": 1313, "end": 1315, "id": "s16-t23", "whiteSpace": false}, {"text": "more", "begin": 1316, "end": 1320, "id": "s16-t24", "whiteSpace": false}, {"text": "-", "begin": 1321, "end": 1322, "id": "s16-t25", "whiteSpace": false}, {"text": "-", "begin": 1322, "end": 1323, "id": "s16-t26", "whiteSpace": false}, {"text": "for", "begin": 1324, "end": 1327, "id": "s16-t27", "whiteSpace": false}, {"text": "it", "begin": 1328, "end": 1330, "id": "s16-t28", "whiteSpace": false}, {"text": ".", "begin": 1330, "end": 1331, "id": "s16-t29", "whiteSpace": false}], "text": "IBM is still developing a 45-nanometer chip for the system and may produce something with eight or 16 cores -- or more -- for it.", "begin": 1202, "end": 1331, "id": "s16"}, {"tokens": [{"text": "Although", "begin": 1332, "end": 1340, "id": "s17-t0", "whiteSpace": false}, {"text": "the", "begin": 1341, "end": 1344, "id": "s17-t1", "whiteSpace": false}, {"text": "final", "begin": 1345, "end": 1350, "id": "s17-t2", "whiteSpace": false}, {"text": "chip", "begin": 1351, "end": 1355, "id": "s17-t3", "whiteSpace": false}, {"text": "configuration", "begin": 1356, "end": 1369, "id": "s17-t4", "whiteSpace": false}, {"text": "has", "begin": 1370, "end": 1373, "id": "s17-t5", "whiteSpace": false}, {"text": "yet", "begin": 1374, "end": 1377, "id": "s17-t6", "whiteSpace": false}, {"text": "to", "begin": 1378, "end": 1380, "id": "s17-t7", "whiteSpace": false}, {"text": "be", "begin": 1381, "end": 1383, "id": "s17-t8", "whiteSpace": false}, {"text": "determined", "begin": 1384, "end": 1394, "id": "s17-t9", "whiteSpace": false}, {"text": ",", "begin": 1394, "end": 1395, "id": "s17-t10", "whiteSpace": false}, {"text": "the", "begin": 1396, "end": 1399, "id": "s17-t11", "whiteSpace": false}, {"text": "system", "begin": 1400, "end": 1406, "id": "s17-t12", "whiteSpace": false}, {"text": "will", "begin": 1407, "end": 1411, "id": "s17-t13", "whiteSpace": false}, {"text": "have", "begin": 1412, "end": 1416, "id": "s17-t14", "whiteSpace": false}, {"text": "1", "begin": 1417, "end": 1418, "id": "s17-t15", "whiteSpace": false}, {"text": ".", "begin": 1418, "end": 1419, "id": "s17-t16", "whiteSpace": false}], "text": "Although the final chip configuration has yet to be determined, the system will have 1.", "begin": 1332, "end": 1419, "id": "s17"}, {"tokens": [{"text": "6TB", "begin": 1419, "end": 1422, "id": "s18-t0", "whiteSpace": false}, {"text": "of", "begin": 1423, "end": 1425, "id": "s18-t1", "whiteSpace": false}, {"text": "memory", "begin": 1426, "end": 1432, "id": "s18-t2", "whiteSpace": false}, {"text": "and", "begin": 1433, "end": 1436, "id": "s18-t3", "whiteSpace": false}, {"text": "be", "begin": 1437, "end": 1439, "id": "s18-t4", "whiteSpace": false}, {"text": "housed", "begin": 1440, "end": 1446, "id": "s18-t5", "whiteSpace": false}, {"text": "in", "begin": 1447, "end": 1449, "id": "s18-t6", "whiteSpace": false}, {"text": "96", "begin": 1450, "end": 1452, "id": "s18-t7", "whiteSpace": false}, {"text": "'refrigerator", "begin": 1453, "end": 1466, "id": "s18-t8", "whiteSpace": false}, {"text": "-", "begin": 1466, "end": 1467, "id": "s18-t9", "whiteSpace": false}, {"text": "size'", "begin": 1467, "end": 1472, "id": "s18-t10", "whiteSpace": false}, {"text": "racks", "begin": 1473, "end": 1478, "id": "s18-t11", "whiteSpace": false}, {"text": ".", "begin": 1478, "end": 1479, "id": "s18-t12", "whiteSpace": false}], "text": "6TB of memory and be housed in 96 'refrigerator-size' racks.", "begin": 1419, "end": 1479, "id": "s18"}, {"tokens": [{"text": "The", "begin": 1482, "end": 1485, "id": "s19-t0", "whiteSpace": false}, {"text": "cost", "begin": 1486, "end": 1490, "id": "s19-t1", "whiteSpace": false}, {"text": "of", "begin": 1491, "end": 1493, "id": "s19-t2", "whiteSpace": false}, {"text": "the", "begin": 1494, "end": 1497, "id": "s19-t3", "whiteSpace": false}, {"text": "system", "begin": 1498, "end": 1504, "id": "s19-t4", "whiteSpace": false}, {"text": "wasn't", "begin": 1505, "end": 1511, "id": "s19-t5", "whiteSpace": false}, {"text": "disclosed", "begin": 1512, "end": 1521, "id": "s19-t6", "whiteSpace": false}, {"text": ".", "begin": 1521, "end": 1522, "id": "s19-t7", "whiteSpace": false}], "text": "The cost of the system wasn't disclosed.", "begin": 1482, "end": 1522, "id": "s19"}, {"tokens": [{"text": "The", "begin": 1525, "end": 1528, "id": "s20-t0", "whiteSpace": false}, {"text": "supercomputer", "begin": 1529, "end": 1542, "id": "s20-t1", "whiteSpace": false}, {"text": "is", "begin": 1543, "end": 1545, "id": "s20-t2", "whiteSpace": false}, {"text": "also", "begin": 1546, "end": 1550, "id": "s20-t3", "whiteSpace": false}, {"text": "helping", "begin": 1551, "end": 1558, "id": "s20-t4", "whiteSpace": false}, {"text": "to", "begin": 1559, "end": 1561, "id": "s20-t5", "whiteSpace": false}, {"text": "drive", "begin": 1562, "end": 1567, "id": "s20-t6", "whiteSpace": false}, {"text": "a", "begin": 1568, "end": 1569, "id": "s20-t7", "whiteSpace": false}, {"text": "massive", "begin": 1570, "end": 1577, "id": "s20-t8", "whiteSpace": false}, {"text": "power", "begin": 1578, "end": 1583, "id": "s20-t9", "whiteSpace": false}, {"text": "upgrade", "begin": 1584, "end": 1591, "id": "s20-t10", "whiteSpace": false}, {"text": "at", "begin": 1592, "end": 1594, "id": "s20-t11", "whiteSpace": false}, {"text": "Lawrence", "begin": 1595, "end": 1603, "id": "s20-t12", "whiteSpace": false}, {"text": "Livermore", "begin": 1604, "end": 1613, "id": "s20-t13", "whiteSpace": false}, {"text": ",", "begin": 1613, "end": 1614, "id": "s20-t14", "whiteSpace": false}, {"text": "which", "begin": 1615, "end": 1620, "id": "s20-t15", "whiteSpace": false}, {"text": "is", "begin": 1621, "end": 1623, "id": "s20-t16", "whiteSpace": false}, {"text": "increasing", "begin": 1624, "end": 1634, "id": "s20-t17", "whiteSpace": false}, {"text": "the", "begin": 1635, "end": 1638, "id": "s20-t18", "whiteSpace": false}, {"text": "amount", "begin": 1639, "end": 1645, "id": "s20-t19", "whiteSpace": false}, {"text": "of", "begin": 1646, "end": 1648, "id": "s20-t20", "whiteSpace": false}, {"text": "electricity", "begin": 1649, "end": 1660, "id": "s20-t21", "whiteSpace": false}, {"text": "available", "begin": 1661, "end": 1670, "id": "s20-t22", "whiteSpace": false}, {"text": "for", "begin": 1671, "end": 1674, "id": "s20-t23", "whiteSpace": false}, {"text": "all", "begin": 1675, "end": 1678, "id": "s20-t24", "whiteSpace": false}, {"text": "its", "begin": 1679, "end": 1682, "id": "s20-t25", "whiteSpace": false}, {"text": "computing", "begin": 1683, "end": 1692, "id": "s20-t26", "whiteSpace": false}, {"text": "systems", "begin": 1693, "end": 1700, "id": "s20-t27", "whiteSpace": false}, {"text": "from", "begin": 1701, "end": 1705, "id": "s20-t28", "whiteSpace": false}, {"text": "12", "begin": 1706, "end": 1708, "id": "s20-t29", "whiteSpace": false}, {"text": ".", "begin": 1708, "end": 1709, "id": "s20-t30", "whiteSpace": false}], "text": "The supercomputer is also helping to drive a massive power upgrade at Lawrence Livermore, which is increasing the amount of electricity available for all its computing systems from 12.", "begin": 1525, "end": 1709, "id": "s20"}, {"tokens": [{"text": "5", "begin": 1709, "end": 1710, "id": "s21-t0", "whiteSpace": false}, {"text": "megawatts", "begin": 1711, "end": 1720, "id": "s21-t1", "whiteSpace": false}, {"text": "to", "begin": 1721, "end": 1723, "id": "s21-t2", "whiteSpace": false}, {"text": "30", "begin": 1724, "end": 1726, "id": "s21-t3", "whiteSpace": false}, {"text": "megawatts", "begin": 1727, "end": 1736, "id": "s21-t4", "whiteSpace": false}, {"text": ".", "begin": 1736, "end": 1737, "id": "s21-t5", "whiteSpace": false}], "text": "5 megawatts to 30 megawatts.", "begin": 1709, "end": 1737, "id": "s21"}, {"tokens": [{"text": "To", "begin": 1738, "end": 1740, "id": "s22-t0", "whiteSpace": false}, {"text": "achieve", "begin": 1741, "end": 1748, "id": "s22-t1", "whiteSpace": false}, {"text": "the", "begin": 1749, "end": 1752, "id": "s22-t2", "whiteSpace": false}, {"text": "upgrade", "begin": 1753, "end": 1760, "id": "s22-t3", "whiteSpace": false}, {"text": ",", "begin": 1760, "end": 1761, "id": "s22-t4", "whiteSpace": false}, {"text": "it", "begin": 1762, "end": 1764, "id": "s22-t5", "whiteSpace": false}, {"text": "will", "begin": 1765, "end": 1769, "id": "s22-t6", "whiteSpace": false}, {"text": "run", "begin": 1770, "end": 1773, "id": "s22-t7", "whiteSpace": false}, {"text": "more", "begin": 1774, "end": 1778, "id": "s22-t8", "whiteSpace": false}, {"text": "power", "begin": 1779, "end": 1784, "id": "s22-t9", "whiteSpace": false}, {"text": "lines", "begin": 1785, "end": 1790, "id": "s22-t10", "whiteSpace": false}, {"text": "to", "begin": 1791, "end": 1793, "id": "s22-t11", "whiteSpace": false}, {"text": "its", "begin": 1794, "end": 1797, "id": "s22-t12", "whiteSpace": false}, {"text": "facility", "begin": 1798, "end": 1806, "id": "s22-t13", "whiteSpace": false}, {"text": ".", "begin": 1806, "end": 1807, "id": "s22-t14", "whiteSpace": false}], "text": "To achieve the upgrade, it will run more power lines to its facility.", "begin": 1738, "end": 1807, "id": "s22"}, {"tokens": [{"text": "Sequoia", "begin": 1808, "end": 1815, "id": "s23-t0", "whiteSpace": false}, {"text": "alone", "begin": 1816, "end": 1821, "id": "s23-t1", "whiteSpace": false}, {"text": "is", "begin": 1822, "end": 1824, "id": "s23-t2", "whiteSpace": false}, {"text": "expected", "begin": 1825, "end": 1833, "id": "s23-t3", "whiteSpace": false}, {"text": "to", "begin": 1834, "end": 1836, "id": "s23-t4", "whiteSpace": false}, {"text": "use", "begin": 1837, "end": 1840, "id": "s23-t5", "whiteSpace": false}, {"text": "about", "begin": 1841, "end": 1846, "id": "s23-t6", "whiteSpace": false}, {"text": "6", "begin": 1847, "end": 1848, "id": "s23-t7", "whiteSpace": false}, {"text": "megawatts", "begin": 1849, "end": 1858, "id": "s23-t8", "whiteSpace": false}, {"text": ",", "begin": 1858, "end": 1859, "id": "s23-t9", "whiteSpace": false}, {"text": "according", "begin": 1860, "end": 1869, "id": "s23-t10", "whiteSpace": false}, {"text": "to", "begin": 1870, "end": 1872, "id": "s23-t11", "whiteSpace": false}, {"text": "Seager", "begin": 1873, "end": 1879, "id": "s23-t12", "whiteSpace": false}, {"text": ".", "begin": 1879, "end": 1880, "id": "s23-t13", "whiteSpace": false}], "text": "Sequoia alone is expected to use about 6 megawatts, according to Seager.", "begin": 1808, "end": 1880, "id": "s23"}, {"tokens": [{"text": "The", "begin": 1883, "end": 1886, "id": "s24-t0", "whiteSpace": false}, {"text": "world", "begin": 1887, "end": 1892, "id": "s24-t1", "whiteSpace": false}, {"text": "'s", "begin": 1892, "end": 1894, "id": "s24-t2", "whiteSpace": false}, {"text": "first", "begin": 1895, "end": 1900, "id": "s24-t3", "whiteSpace": false}, {"text": "computer", "begin": 1901, "end": 1909, "id": "s24-t4", "whiteSpace": false}, {"text": "to", "begin": 1910, "end": 1912, "id": "s24-t5", "whiteSpace": false}, {"text": "break", "begin": 1913, "end": 1918, "id": "s24-t6", "whiteSpace": false}, {"text": "the", "begin": 1919, "end": 1922, "id": "s24-t7", "whiteSpace": false}, {"text": "teraflop", "begin": 1923, "end": 1931, "id": "s24-t8", "whiteSpace": false}, {"text": "barrier", "begin": 1932, "end": 1939, "id": "s24-t9", "whiteSpace": false}, {"text": "was", "begin": 1940, "end": 1943, "id": "s24-t10", "whiteSpace": false}, {"text": "built", "begin": 1944, "end": 1949, "id": "s24-t11", "whiteSpace": false}, {"text": "at", "begin": 1950, "end": 1952, "id": "s24-t12", "whiteSpace": false}, {"text": "Sandia", "begin": 1953, "end": 1959, "id": "s24-t13", "whiteSpace": false}, {"text": "National", "begin": 1960, "end": 1968, "id": "s24-t14", "whiteSpace": false}, {"text": "Laboratories", "begin": 1969, "end": 1981, "id": "s24-t15", "whiteSpace": false}, {"text": "in", "begin": 1982, "end": 1984, "id": "s24-t16", "whiteSpace": false}, {"text": "1996", "begin": 1985, "end": 1989, "id": "s24-t17", "whiteSpace": false}, {"text": ".", "begin": 1989, "end": 1990, "id": "s24-t18", "whiteSpace": false}], "text": "The world's first computer to break the teraflop barrier was built at Sandia National Laboratories in 1996.", "begin": 1883, "end": 1990, "id": "s24"}, {"tokens": [{"text": "A", "begin": 1991, "end": 1992, "id": "s25-t0", "whiteSpace": false}, {"text": "teraflop", "begin": 1993, "end": 2001, "id": "s25-t1", "whiteSpace": false}, {"text": "equals", "begin": 2002, "end": 2008, "id": "s25-t2", "whiteSpace": false}, {"text": "a", "begin": 2009, "end": 2010, "id": "s25-t3", "whiteSpace": false}, {"text": "trillion", "begin": 2011, "end": 2019, "id": "s25-t4", "whiteSpace": false}, {"text": "floating", "begin": 2020, "end": 2028, "id": "s25-t5", "whiteSpace": false}, {"text": "points", "begin": 2029, "end": 2035, "id": "s25-t6", "whiteSpace": false}, {"text": "a", "begin": 2036, "end": 2037, "id": "s25-t7", "whiteSpace": false}, {"text": "second;", "begin": 2038, "end": 2045, "id": "s25-t8", "whiteSpace": false}, {"text": "a", "begin": 2046, "end": 2047, "id": "s25-t9", "whiteSpace": false}, {"text": "petaflop", "begin": 2048, "end": 2056, "id": "s25-t10", "whiteSpace": false}, {"text": "is", "begin": 2057, "end": 2059, "id": "s25-t11", "whiteSpace": false}, {"text": "1", "begin": 2060, "end": 2061, "id": "s25-t12", "whiteSpace": false}, {"text": ",", "begin": 2061, "end": 2062, "id": "s25-t13", "whiteSpace": false}, {"text": "000", "begin": 2062, "end": 2065, "id": "s25-t14", "whiteSpace": false}, {"text": "trillion", "begin": 2066, "end": 2074, "id": "s25-t15", "whiteSpace": false}, {"text": "(one", "begin": 2075, "end": 2079, "id": "s25-t16", "whiteSpace": false}, {"text": "quadrillion)", "begin": 2080, "end": 2092, "id": "s25-t17", "whiteSpace": false}, {"text": "sustained", "begin": 2093, "end": 2102, "id": "s25-t18", "whiteSpace": false}, {"text": "floating", "begin": 2103, "end": 2111, "id": "s25-t19", "whiteSpace": false}, {"text": "-", "begin": 2111, "end": 2112, "id": "s25-t20", "whiteSpace": false}, {"text": "point", "begin": 2112, "end": 2117, "id": "s25-t21", "whiteSpace": false}, {"text": "operations", "begin": 2118, "end": 2128, "id": "s25-t22", "whiteSpace": false}, {"text": "per", "begin": 2129, "end": 2132, "id": "s25-t23", "whiteSpace": false}, {"text": "second", "begin": 2133, "end": 2139, "id": "s25-t24", "whiteSpace": false}, {"text": ".", "begin": 2139, "end": 2140, "id": "s25-t25", "whiteSpace": false}], "text": "A teraflop equals a trillion floating points a second; a petaflop is 1,000 trillion (one quadrillion) sustained floating-point operations per second.", "begin": 1991, "end": 2140, "id": "s25"}, {"tokens": [{"text": "It", "begin": 2143, "end": 2145, "id": "s26-t0", "whiteSpace": false}, {"text": "takes", "begin": 2146, "end": 2151, "id": "s26-t1", "whiteSpace": false}, {"text": "government", "begin": 2152, "end": 2162, "id": "s26-t2", "whiteSpace": false}, {"text": "funding", "begin": 2163, "end": 2170, "id": "s26-t3", "whiteSpace": false}, {"text": "to", "begin": 2171, "end": 2173, "id": "s26-t4", "whiteSpace": false}, {"text": "build", "begin": 2174, "end": 2179, "id": "s26-t5", "whiteSpace": false}, {"text": "systems", "begin": 2180, "end": 2187, "id": "s26-t6", "whiteSpace": false}, {"text": "of", "begin": 2188, "end": 2190, "id": "s26-t7", "whiteSpace": false}, {"text": "this", "begin": 2191, "end": 2195, "id": "s26-t8", "whiteSpace": false}, {"text": "scale", "begin": 2196, "end": 2201, "id": "s26-t9", "whiteSpace": false}, {"text": "and", "begin": 2202, "end": 2205, "id": "s26-t10", "whiteSpace": false}, {"text": "size", "begin": 2206, "end": 2210, "id": "s26-t11", "whiteSpace": false}, {"text": ",", "begin": 2210, "end": 2211, "id": "s26-t12", "whiteSpace": false}, {"text": "but", "begin": 2212, "end": 2215, "id": "s26-t13", "whiteSpace": false}, {"text": "that", "begin": 2216, "end": 2220, "id": "s26-t14", "whiteSpace": false}, {"text": "also", "begin": 2221, "end": 2225, "id": "s26-t15", "whiteSpace": false}, {"text": "means", "begin": 2226, "end": 2231, "id": "s26-t16", "whiteSpace": false}, {"text": "that", "begin": 2232, "end": 2236, "id": "s26-t17", "whiteSpace": false}, {"text": "the", "begin": 2237, "end": 2240, "id": "s26-t18", "whiteSpace": false}, {"text": "U", "begin": 2241, "end": 2242, "id": "s26-t19", "whiteSpace": false}, {"text": ".", "begin": 2242, "end": 2243, "id": "s26-t20", "whiteSpace": false}], "text": "It takes government funding to build systems of this scale and size, but that also means that the U.", "begin": 2143, "end": 2243, "id": "s26"}, {"tokens": [{"text": "S", "begin": 2243, "end": 2244, "id": "s27-t0", "whiteSpace": false}, {"text": ".", "begin": 2244, "end": 2245, "id": "s27-t1", "whiteSpace": false}], "text": "S.", "begin": 2243, "end": 2245, "id": "s27"}, {"tokens": [{"text": "is", "begin": 2246, "end": 2248, "id": "s28-t0", "whiteSpace": false}, {"text": "paying", "begin": 2249, "end": 2255, "id": "s28-t1", "whiteSpace": false}, {"text": "for", "begin": 2256, "end": 2259, "id": "s28-t2", "whiteSpace": false}, {"text": "much", "begin": 2260, "end": 2264, "id": "s28-t3", "whiteSpace": false}, {"text": "of", "begin": 2265, "end": 2267, "id": "s28-t4", "whiteSpace": false}, {"text": "the", "begin": 2268, "end": 2271, "id": "s28-t5", "whiteSpace": false}, {"text": "problem", "begin": 2272, "end": 2279, "id": "s28-t6", "whiteSpace": false}, {"text": "-", "begin": 2279, "end": 2280, "id": "s28-t7", "whiteSpace": false}, {"text": "solving", "begin": 2280, "end": 2287, "id": "s28-t8", "whiteSpace": false}, {"text": "it", "begin": 2288, "end": 2290, "id": "s28-t9", "whiteSpace": false}, {"text": "takes", "begin": 2291, "end": 2296, "id": "s28-t10", "whiteSpace": false}, {"text": "to", "begin": 2297, "end": 2299, "id": "s28-t11", "whiteSpace": false}, {"text": "scale", "begin": 2300, "end": 2305, "id": "s28-t12", "whiteSpace": false}, {"text": "across", "begin": 2306, "end": 2312, "id": "s28-t13", "whiteSpace": false}, {"text": "more", "begin": 2313, "end": 2317, "id": "s28-t14", "whiteSpace": false}, {"text": "than", "begin": 2318, "end": 2322, "id": "s28-t15", "whiteSpace": false}, {"text": "a", "begin": 2323, "end": 2324, "id": "s28-t16", "whiteSpace": false}, {"text": "million", "begin": 2325, "end": 2332, "id": "s28-t17", "whiteSpace": false}, {"text": "cores", "begin": 2333, "end": 2338, "id": "s28-t18", "whiteSpace": false}, {"text": ".", "begin": 2338, "end": 2339, "id": "s28-t19", "whiteSpace": false}], "text": "is paying for much of the problem-solving it takes to scale across more than a million cores.", "begin": 2246, "end": 2339, "id": "s28"}, {"tokens": [{"text": "'This", "begin": 2340, "end": 2345, "id": "s29-t0", "whiteSpace": false}, {"text": "is", "begin": 2346, "end": 2348, "id": "s29-t1", "whiteSpace": false}, {"text": "what", "begin": 2349, "end": 2353, "id": "s29-t2", "whiteSpace": false}, {"text": "'s", "begin": 2353, "end": 2355, "id": "s29-t3", "whiteSpace": false}, {"text": "so", "begin": 2356, "end": 2358, "id": "s29-t4", "whiteSpace": false}, {"text": "good", "begin": 2359, "end": 2363, "id": "s29-t5", "whiteSpace": false}, {"text": "about", "begin": 2364, "end": 2369, "id": "s29-t6", "whiteSpace": false}, {"text": "it", "begin": 2370, "end": 2372, "id": "s29-t7", "whiteSpace": false}, {"text": ",", "begin": 2372, "end": 2373, "id": "s29-t8", "whiteSpace": false}, {"text": "'", "begin": 2373, "end": 2374, "id": "s29-t9", "whiteSpace": false}, {"text": "said", "begin": 2375, "end": 2379, "id": "s29-t10", "whiteSpace": false}, {"text": "Herb", "begin": 2380, "end": 2384, "id": "s29-t11", "whiteSpace": false}, {"text": "Schultz", "begin": 2385, "end": 2392, "id": "s29-t12", "whiteSpace": false}, {"text": ",", "begin": 2392, "end": 2393, "id": "s29-t13", "whiteSpace": false}, {"text": "manager", "begin": 2394, "end": 2401, "id": "s29-t14", "whiteSpace": false}, {"text": "of", "begin": 2402, "end": 2404, "id": "s29-t15", "whiteSpace": false}, {"text": "deep", "begin": 2405, "end": 2409, "id": "s29-t16", "whiteSpace": false}, {"text": "computing", "begin": 2410, "end": 2419, "id": "s29-t17", "whiteSpace": false}, {"text": "at", "begin": 2420, "end": 2422, "id": "s29-t18", "whiteSpace": false}, {"text": "IBM", "begin": 2423, "end": 2426, "id": "s29-t19", "whiteSpace": false}, {"text": ".", "begin": 2426, "end": 2427, "id": "s29-t20", "whiteSpace": false}], "text": "'This is what's so good about it,' said Herb Schultz, manager of deep computing at IBM.", "begin": 2340, "end": 2427, "id": "s29"}, {"tokens": [{"text": "'They", "begin": 2428, "end": 2433, "id": "s30-t0", "whiteSpace": false}, {"text": "[the", "begin": 2434, "end": 2438, "id": "s30-t1", "whiteSpace": false}, {"text": "national", "begin": 2439, "end": 2447, "id": "s30-t2", "whiteSpace": false}, {"text": "lab]", "begin": 2448, "end": 2452, "id": "s30-t3", "whiteSpace": false}, {"text": "end", "begin": 2453, "end": 2456, "id": "s30-t4", "whiteSpace": false}, {"text": "up", "begin": 2457, "end": 2459, "id": "s30-t5", "whiteSpace": false}, {"text": "proving", "begin": 2460, "end": 2467, "id": "s30-t6", "whiteSpace": false}, {"text": "that", "begin": 2468, "end": 2472, "id": "s30-t7", "whiteSpace": false}, {"text": "you", "begin": 2473, "end": 2476, "id": "s30-t8", "whiteSpace": false}, {"text": "can", "begin": 2477, "end": 2480, "id": "s30-t9", "whiteSpace": false}, {"text": "get", "begin": 2481, "end": 2484, "id": "s30-t10", "whiteSpace": false}, {"text": "codes", "begin": 2485, "end": 2490, "id": "s30-t11", "whiteSpace": false}, {"text": "to", "begin": 2491, "end": 2493, "id": "s30-t12", "whiteSpace": false}, {"text": "scale", "begin": 2494, "end": 2499, "id": "s30-t13", "whiteSpace": false}, {"text": "that", "begin": 2500, "end": 2504, "id": "s30-t14", "whiteSpace": false}, {"text": "high", "begin": 2505, "end": 2509, "id": "s30-t15", "whiteSpace": false}, {"text": ".", "begin": 2509, "end": 2510, "id": "s30-t16", "whiteSpace": false}], "text": "'They [the national lab] end up proving that you can get codes to scale that high.", "begin": 2428, "end": 2510, "id": "s30"}, {"tokens": [], "text": "'", "begin": 2510, "end": 2511, "id": "s31"}, {"tokens": [{"text": "In", "begin": 2514, "end": 2516, "id": "s32-t0", "whiteSpace": false}, {"text": "effect", "begin": 2517, "end": 2523, "id": "s32-t1", "whiteSpace": false}, {"text": ",", "begin": 2523, "end": 2524, "id": "s32-t2", "whiteSpace": false}, {"text": "by", "begin": 2525, "end": 2527, "id": "s32-t3", "whiteSpace": false}, {"text": "solving", "begin": 2528, "end": 2535, "id": "s32-t4", "whiteSpace": false}, {"text": "those", "begin": 2536, "end": 2541, "id": "s32-t5", "whiteSpace": false}, {"text": "problems", "begin": 2542, "end": 2550, "id": "s32-t6", "whiteSpace": false}, {"text": ",", "begin": 2550, "end": 2551, "id": "s32-t7", "whiteSpace": false}, {"text": "the", "begin": 2552, "end": 2555, "id": "s32-t8", "whiteSpace": false}, {"text": "national", "begin": 2556, "end": 2564, "id": "s32-t9", "whiteSpace": false}, {"text": "lab", "begin": 2565, "end": 2568, "id": "s32-t10", "whiteSpace": false}, {"text": "'s", "begin": 2568, "end": 2570, "id": "s32-t11", "whiteSpace": false}, {"text": "work", "begin": 2571, "end": 2575, "id": "s32-t12", "whiteSpace": false}, {"text": "will", "begin": 2576, "end": 2580, "id": "s32-t13", "whiteSpace": false}, {"text": "pave", "begin": 2581, "end": 2585, "id": "s32-t14", "whiteSpace": false}, {"text": "the", "begin": 2586, "end": 2589, "id": "s32-t15", "whiteSpace": false}, {"text": "way", "begin": 2590, "end": 2593, "id": "s32-t16", "whiteSpace": false}, {"text": "for", "begin": 2594, "end": 2597, "id": "s32-t17", "whiteSpace": false}, {"text": "broader", "begin": 2598, "end": 2605, "id": "s32-t18", "whiteSpace": false}, {"text": "adoption", "begin": 2606, "end": 2614, "id": "s32-t19", "whiteSpace": false}, {"text": "of", "begin": 2615, "end": 2617, "id": "s32-t20", "whiteSpace": false}, {"text": "massive", "begin": 2618, "end": 2625, "id": "s32-t21", "whiteSpace": false}, {"text": "systems", "begin": 2626, "end": 2633, "id": "s32-t22", "whiteSpace": false}, {"text": "that", "begin": 2634, "end": 2638, "id": "s32-t23", "whiteSpace": false}, {"text": "could", "begin": 2639, "end": 2644, "id": "s32-t24", "whiteSpace": false}, {"text": "improve", "begin": 2645, "end": 2652, "id": "s32-t25", "whiteSpace": false}, {"text": "weather", "begin": 2653, "end": 2660, "id": "s32-t26", "whiteSpace": false}, {"text": "research", "begin": 2661, "end": 2669, "id": "s32-t27", "whiteSpace": false}, {"text": ",", "begin": 2669, "end": 2670, "id": "s32-t28", "whiteSpace": false}, {"text": "forecasts", "begin": 2671, "end": 2680, "id": "s32-t29", "whiteSpace": false}, {"text": ",", "begin": 2680, "end": 2681, "id": "s32-t30", "whiteSpace": false}, {"text": "tornado", "begin": 2682, "end": 2689, "id": "s32-t31", "whiteSpace": false}, {"text": "tracking", "begin": 2690, "end": 2698, "id": "s32-t32", "whiteSpace": false}, {"text": ",", "begin": 2698, "end": 2699, "id": "s32-t33", "whiteSpace": false}, {"text": "and", "begin": 2700, "end": 2703, "id": "s32-t34", "whiteSpace": false}, {"text": "work", "begin": 2704, "end": 2708, "id": "s32-t35", "whiteSpace": false}, {"text": "on", "begin": 2709, "end": 2711, "id": "s32-t36", "whiteSpace": false}, {"text": "a", "begin": 2712, "end": 2713, "id": "s32-t37", "whiteSpace": false}, {"text": "variety", "begin": 2714, "end": 2721, "id": "s32-t38", "whiteSpace": false}, {"text": "of", "begin": 2722, "end": 2724, "id": "s32-t39", "whiteSpace": false}, {"text": "other", "begin": 2725, "end": 2730, "id": "s32-t40", "whiteSpace": false}, {"text": "research", "begin": 2731, "end": 2739, "id": "s32-t41", "whiteSpace": false}, {"text": "problems", "begin": 2740, "end": 2748, "id": "s32-t42", "whiteSpace": false}, {"text": ".", "begin": 2748, "end": 2749, "id": "s32-t43", "whiteSpace": false}], "text": "In effect, by solving those problems, the national lab's work will pave the way for broader adoption of massive systems that could improve weather research, forecasts, tornado tracking, and work on a variety of other research problems.", "begin": 2514, "end": 2749, "id": "s32"}, {"tokens": [{"text": "Large", "begin": 2750, "end": 2755, "id": "s33-t0", "whiteSpace": false}, {"text": "systems", "begin": 2756, "end": 2763, "id": "s33-t1", "whiteSpace": false}, {"text": "such", "begin": 2764, "end": 2768, "id": "s33-t2", "whiteSpace": false}, {"text": "as", "begin": 2769, "end": 2771, "id": "s33-t3", "whiteSpace": false}, {"text": "Sequoia", "begin": 2772, "end": 2779, "id": "s33-t4", "whiteSpace": false}, {"text": "help", "begin": 2780, "end": 2784, "id": "s33-t5", "whiteSpace": false}, {"text": "researchers", "begin": 2785, "end": 2796, "id": "s33-t6", "whiteSpace": false}, {"text": "reduce", "begin": 2797, "end": 2803, "id": "s33-t7", "whiteSpace": false}, {"text": "uncertainty", "begin": 2804, "end": 2815, "id": "s33-t8", "whiteSpace": false}, {"text": "and", "begin": 2816, "end": 2819, "id": "s33-t9", "whiteSpace": false}, {"text": "improve", "begin": 2820, "end": 2827, "id": "s33-t10", "whiteSpace": false}, {"text": "precision", "begin": 2828, "end": 2837, "id": "s33-t11", "whiteSpace": false}, {"text": "in", "begin": 2838, "end": 2840, "id": "s33-t12", "whiteSpace": false}, {"text": "simulations", "begin": 2841, "end": 2852, "id": "s33-t13", "whiteSpace": false}, {"text": "that", "begin": 2853, "end": 2857, "id": "s33-t14", "whiteSpace": false}, {"text": "can", "begin": 2858, "end": 2861, "id": "s33-t15", "whiteSpace": false}, {"text": ",", "begin": 2861, "end": 2862, "id": "s33-t16", "whiteSpace": false}, {"text": "for", "begin": 2863, "end": 2866, "id": "s33-t17", "whiteSpace": false}, {"text": "instance", "begin": 2867, "end": 2875, "id": "s33-t18", "whiteSpace": false}, {"text": ",", "begin": 2875, "end": 2876, "id": "s33-t19", "whiteSpace": false}, {"text": "predict", "begin": 2877, "end": 2884, "id": "s33-t20", "whiteSpace": false}, {"text": "tornado", "begin": 2885, "end": 2892, "id": "s33-t21", "whiteSpace": false}, {"text": "paths", "begin": 2893, "end": 2898, "id": "s33-t22", "whiteSpace": false}, {"text": ".", "begin": 2898, "end": 2899, "id": "s33-t23", "whiteSpace": false}], "text": "Large systems such as Sequoia help researchers reduce uncertainty and improve precision in simulations that can, for instance, predict tornado paths.", "begin": 2750, "end": 2899, "id": "s33"}, {"tokens": [{"text": "The", "begin": 2900, "end": 2903, "id": "s34-t0", "whiteSpace": false}, {"text": "more", "begin": 2904, "end": 2908, "id": "s34-t1", "whiteSpace": false}, {"text": "compute", "begin": 2909, "end": 2916, "id": "s34-t2", "whiteSpace": false}, {"text": "power", "begin": 2917, "end": 2922, "id": "s34-t3", "whiteSpace": false}, {"text": "available", "begin": 2923, "end": 2932, "id": "s34-t4", "whiteSpace": false}, {"text": ",", "begin": 2932, "end": 2933, "id": "s34-t5", "whiteSpace": false}, {"text": "the", "begin": 2934, "end": 2937, "id": "s34-t6", "whiteSpace": false}, {"text": "more", "begin": 2938, "end": 2942, "id": "s34-t7", "whiteSpace": false}, {"text": "fine", "begin": 2943, "end": 2947, "id": "s34-t8", "whiteSpace": false}, {"text": "tuned", "begin": 2948, "end": 2953, "id": "s34-t9", "whiteSpace": false}, {"text": "and", "begin": 2954, "end": 2957, "id": "s34-t10", "whiteSpace": false}, {"text": "accurate", "begin": 2958, "end": 2966, "id": "s34-t11", "whiteSpace": false}, {"text": "the", "begin": 2967, "end": 2970, "id": "s34-t12", "whiteSpace": false}, {"text": "simulation", "begin": 2971, "end": 2981, "id": "s34-t13", "whiteSpace": false}, {"text": ".", "begin": 2981, "end": 2982, "id": "s34-t14", "whiteSpace": false}], "text": "The more compute power available, the more fine tuned and accurate the simulation.", "begin": 2900, "end": 2982, "id": "s34"}, {"tokens": [{"text": "The", "begin": 2985, "end": 2988, "id": "s35-t0", "whiteSpace": false}, {"text": "major", "begin": 2989, "end": 2994, "id": "s35-t1", "whiteSpace": false}, {"text": "problem", "begin": 2995, "end": 3002, "id": "s35-t2", "whiteSpace": false}, {"text": "in", "begin": 3003, "end": 3005, "id": "s35-t3", "whiteSpace": false}, {"text": "running", "begin": 3006, "end": 3013, "id": "s35-t4", "whiteSpace": false}, {"text": "a", "begin": 3014, "end": 3015, "id": "s35-t5", "whiteSpace": false}, {"text": "system", "begin": 3016, "end": 3022, "id": "s35-t6", "whiteSpace": false}, {"text": "of", "begin": 3023, "end": 3025, "id": "s35-t7", "whiteSpace": false}, {"text": "this", "begin": 3026, "end": 3030, "id": "s35-t8", "whiteSpace": false}, {"text": "scale", "begin": 3031, "end": 3036, "id": "s35-t9", "whiteSpace": false}, {"text": "is", "begin": 3037, "end": 3039, "id": "s35-t10", "whiteSpace": false}, {"text": "'the", "begin": 3040, "end": 3044, "id": "s35-t11", "whiteSpace": false}, {"text": "applications", "begin": 3045, "end": 3057, "id": "s35-t12", "whiteSpace": false}, {"text": "-", "begin": 3058, "end": 3059, "id": "s35-t13", "whiteSpace": false}, {"text": "-", "begin": 3059, "end": 3060, "id": "s35-t14", "whiteSpace": false}, {"text": "porting", "begin": 3061, "end": 3068, "id": "s35-t15", "whiteSpace": false}, {"text": "the", "begin": 3069, "end": 3072, "id": "s35-t16", "whiteSpace": false}, {"text": "applications", "begin": 3073, "end": 3085, "id": "s35-t17", "whiteSpace": false}, {"text": "and", "begin": 3086, "end": 3089, "id": "s35-t18", "whiteSpace": false}, {"text": "scaling", "begin": 3090, "end": 3097, "id": "s35-t19", "whiteSpace": false}, {"text": "them", "begin": 3098, "end": 3102, "id": "s35-t20", "whiteSpace": false}, {"text": "up", "begin": 3103, "end": 3105, "id": "s35-t21", "whiteSpace": false}, {"text": "is", "begin": 3106, "end": 3108, "id": "s35-t22", "whiteSpace": false}, {"text": "a", "begin": 3109, "end": 3110, "id": "s35-t23", "whiteSpace": false}, {"text": "critical", "begin": 3111, "end": 3119, "id": "s35-t24", "whiteSpace": false}, {"text": "problem", "begin": 3120, "end": 3127, "id": "s35-t25", "whiteSpace": false}, {"text": "we", "begin": 3128, "end": 3130, "id": "s35-t26", "whiteSpace": false}, {"text": "are", "begin": 3131, "end": 3134, "id": "s35-t27", "whiteSpace": false}, {"text": "facing", "begin": 3135, "end": 3141, "id": "s35-t28", "whiteSpace": false}, {"text": ",", "begin": 3141, "end": 3142, "id": "s35-t29", "whiteSpace": false}, {"text": "'", "begin": 3142, "end": 3143, "id": "s35-t30", "whiteSpace": false}, {"text": "said", "begin": 3144, "end": 3148, "id": "s35-t31", "whiteSpace": false}, {"text": "Seager", "begin": 3149, "end": 3155, "id": "s35-t32", "whiteSpace": false}, {"text": ".", "begin": 3155, "end": 3156, "id": "s35-t33", "whiteSpace": false}], "text": "The major problem in running a system of this scale is 'the applications -- porting the applications and scaling them up is a critical problem we are facing,' said Seager.", "begin": 2985, "end": 3156, "id": "s35"}, {"tokens": [{"text": "There", "begin": 3159, "end": 3164, "id": "s36-t0", "whiteSpace": false}, {"text": "are", "begin": 3165, "end": 3168, "id": "s36-t1", "whiteSpace": false}, {"text": "two", "begin": 3169, "end": 3172, "id": "s36-t2", "whiteSpace": false}, {"text": "petaflop", "begin": 3173, "end": 3181, "id": "s36-t3", "whiteSpace": false}, {"text": "systems", "begin": 3182, "end": 3189, "id": "s36-t4", "whiteSpace": false}, {"text": "in", "begin": 3190, "end": 3192, "id": "s36-t5", "whiteSpace": false}, {"text": "the", "begin": 3193, "end": 3196, "id": "s36-t6", "whiteSpace": false}, {"text": "U", "begin": 3197, "end": 3198, "id": "s36-t7", "whiteSpace": false}, {"text": ".", "begin": 3198, "end": 3199, "id": "s36-t8", "whiteSpace": false}], "text": "There are two petaflop systems in the U.", "begin": 3159, "end": 3199, "id": "s36"}, {"tokens": [{"text": "S", "begin": 3199, "end": 3200, "id": "s37-t0", "whiteSpace": false}, {"text": ".", "begin": 3200, "end": 3201, "id": "s37-t1", "whiteSpace": false}], "text": "S.", "begin": 3199, "end": 3201, "id": "s37"}, {"tokens": [{"text": ",", "begin": 3201, "end": 3202, "id": "s38-t0", "whiteSpace": false}, {"text": "IBM", "begin": 3203, "end": 3206, "id": "s38-t1", "whiteSpace": false}, {"text": "'s", "begin": 3206, "end": 3208, "id": "s38-t2", "whiteSpace": false}, {"text": "Roadrunner", "begin": 3209, "end": 3219, "id": "s38-t3", "whiteSpace": false}, {"text": "at", "begin": 3220, "end": 3222, "id": "s38-t4", "whiteSpace": false}, {"text": "Los", "begin": 3223, "end": 3226, "id": "s38-t5", "whiteSpace": false}, {"text": "Alamos", "begin": 3227, "end": 3233, "id": "s38-t6", "whiteSpace": false}, {"text": "National", "begin": 3234, "end": 3242, "id": "s38-t7", "whiteSpace": false}, {"text": "Laboratory", "begin": 3243, "end": 3253, "id": "s38-t8", "whiteSpace": false}, {"text": ",", "begin": 3253, "end": 3254, "id": "s38-t9", "whiteSpace": false}, {"text": "which", "begin": 3255, "end": 3260, "id": "s38-t10", "whiteSpace": false}, {"text": "passed", "begin": 3261, "end": 3267, "id": "s38-t11", "whiteSpace": false}, {"text": "the", "begin": 3268, "end": 3271, "id": "s38-t12", "whiteSpace": false}, {"text": "petaflop", "begin": 3272, "end": 3280, "id": "s38-t13", "whiteSpace": false}, {"text": "barrier", "begin": 3281, "end": 3288, "id": "s38-t14", "whiteSpace": false}, {"text": "last", "begin": 3289, "end": 3293, "id": "s38-t15", "whiteSpace": false}, {"text": "May", "begin": 3294, "end": 3297, "id": "s38-t16", "whiteSpace": false}, {"text": ",", "begin": 3297, "end": 3298, "id": "s38-t17", "whiteSpace": false}, {"text": "and", "begin": 3299, "end": 3302, "id": "s38-t18", "whiteSpace": false}, {"text": "Cray", "begin": 3303, "end": 3307, "id": "s38-t19", "whiteSpace": false}, {"text": "Inc", "begin": 3308, "end": 3311, "id": "s38-t20", "whiteSpace": false}, {"text": ".", "begin": 3311, "end": 3312, "id": "s38-t21", "whiteSpace": false}], "text": ", IBM's Roadrunner at Los Alamos National Laboratory, which passed the petaflop barrier last May, and Cray Inc.", "begin": 3201, "end": 3312, "id": "s38"}, {"tokens": [{"text": "'s", "begin": 3312, "end": 3314, "id": "s39-t0", "whiteSpace": false}, {"text": "XT", "begin": 3315, "end": 3317, "id": "s39-t1", "whiteSpace": false}, {"text": "Jaguar", "begin": 3318, "end": 3324, "id": "s39-t2", "whiteSpace": false}, {"text": "at", "begin": 3325, "end": 3327, "id": "s39-t3", "whiteSpace": false}, {"text": "the", "begin": 3328, "end": 3331, "id": "s39-t4", "whiteSpace": false}, {"text": "Oak", "begin": 3332, "end": 3335, "id": "s39-t5", "whiteSpace": false}, {"text": "Ridge", "begin": 3336, "end": 3341, "id": "s39-t6", "whiteSpace": false}, {"text": "National", "begin": 3342, "end": 3350, "id": "s39-t7", "whiteSpace": false}, {"text": "Laboratory", "begin": 3351, "end": 3361, "id": "s39-t8", "whiteSpace": false}, {"text": ".", "begin": 3361, "end": 3362, "id": "s39-t9", "whiteSpace": false}], "text": "'s XT Jaguar at the Oak Ridge National Laboratory.", "begin": 3312, "end": 3362, "id": "s39"}, {"tokens": [{"text": "IBM", "begin": 3365, "end": 3368, "id": "s40-t0", "whiteSpace": false}, {"text": "plans", "begin": 3369, "end": 3374, "id": "s40-t1", "whiteSpace": false}, {"text": "to", "begin": 3375, "end": 3377, "id": "s40-t2", "whiteSpace": false}, {"text": "build", "begin": 3378, "end": 3383, "id": "s40-t3", "whiteSpace": false}, {"text": "Sequoia", "begin": 3384, "end": 3391, "id": "s40-t4", "whiteSpace": false}, {"text": "at", "begin": 3392, "end": 3394, "id": "s40-t5", "whiteSpace": false}, {"text": "its", "begin": 3395, "end": 3398, "id": "s40-t6", "whiteSpace": false}, {"text": "Rochester", "begin": 3399, "end": 3408, "id": "s40-t7", "whiteSpace": false}, {"text": ",", "begin": 3408, "end": 3409, "id": "s40-t8", "whiteSpace": false}, {"text": "Minn", "begin": 3410, "end": 3414, "id": "s40-t9", "whiteSpace": false}, {"text": ".", "begin": 3414, "end": 3415, "id": "s40-t10", "whiteSpace": false}], "text": "IBM plans to build Sequoia at its Rochester, Minn.", "begin": 3365, "end": 3415, "id": "s40"}, {"tokens": [{"text": ",", "begin": 3415, "end": 3416, "id": "s41-t0", "whiteSpace": false}, {"text": "plant", "begin": 3417, "end": 3422, "id": "s41-t1", "whiteSpace": false}, {"text": ".", "begin": 3422, "end": 3423, "id": "s41-t2", "whiteSpace": false}], "text": ", plant.", "begin": 3415, "end": 3423, "id": "s41"}], "mentions": [], "id": "44fb68b0-4429-11e7-9888-9883892c7164-4", "name": "\"The Commons\"\" community site. This package completely transforms the user experience at every \"\r\nTechnology - computerworld.com"}