{"relations": [], "userResolved": false, "corefs": [], "language": "EN", "text": "January 29, 2009 (Computerworld) Want to know if you're actually getting what you're paying your ISP for?\r\rIf you are, join the club. The problem is that it it's been far from easy to get a handle on how your ISP deals with various kinds of traffic. That may become an easier job now that Google Inc. is launching what it calls Measurement Lab (M-Lab), an open platform that researchers and consumers can use to access its new Internet performance measurement tools.\r\r'Researchers are already developing tools that allow users to, among other things, measure the speed of their connection, run diagnostics, and attempt to discern if their ISP is blocking or throttling particular applications,' said Vint Cerf, Google's chief Internet evangelist, and Stephen Stuart, Google's principal engineer, in a blog post. 'These tools generate and send some data back-and-forth between the user's computer and a server elsewhere on the Internet. Unfortunately, researchers lack widely-distributed servers with ample connectivity. This poses a barrier to the accuracy and scalability of these tools.'\r\rTo tackle the problem, Google announced late Wednesday that it will host the tools on 37 servers in the U.S. and Europe. The tools are designed to help users try to figure out what might be impairing their broadband speed, as well as find out if BitTorrent is being blocked or throttled by their ISPs.\r\r'Seems like the intention behind this is to give consumers a way to keep tabs on their provider and make sure that they're getting what they're paying for in terms of speed,' said Dan Olds, principal analyst with the Gabriel Consulting Group. 'Also, with these tools, consumers will supposedly be able to tell if particular high bandwidth applications, like BitTorrent, are being constrained by their ISP. So if an ISP is limiting video downloads, for example, consumers can use the Google tool, figure it out, and start a huge outcry, putting pressure on the ISP to stop.'\r\rJust last month, an analyst with ties to the telecom industry released a report calling Google a bandwidth hog. Scott Cleland, president of Precursor LLC, a research firm bankrolled by telecom heavyweights like AT&T Inc. and Verizon Communications Inc., reported that Google uses 21 times more bandwidth than it pays for. \r\rGoogle was quick to fire back. Richard Whitt, Google's Washington telecom and media counsel, noted in a blog post that Cleland is 'not exactly a neutral party.' Whitt also claimed that the analyst had made methodological and factual errors.\r\rOlds noted that the new measurement platform is another salvo in the war between content providers, like Google, and network providers.", "docLength": 0, "typeResolved": true, "documentSet": [], "preannotation": [], "version": 3, "modifiedDate": 1496065369973, "sentences": [{"tokens": [{"text": "January", "begin": 0, "end": 7, "id": "s0-t0", "whiteSpace": false}, {"text": "29", "begin": 8, "end": 10, "id": "s0-t1", "whiteSpace": false}, {"text": ",", "begin": 10, "end": 11, "id": "s0-t2", "whiteSpace": false}, {"text": "2009", "begin": 12, "end": 16, "id": "s0-t3", "whiteSpace": false}, {"text": "(Computerworld)", "begin": 17, "end": 32, "id": "s0-t4", "whiteSpace": false}, {"text": "Want", "begin": 33, "end": 37, "id": "s0-t5", "whiteSpace": false}, {"text": "to", "begin": 38, "end": 40, "id": "s0-t6", "whiteSpace": false}, {"text": "know", "begin": 41, "end": 45, "id": "s0-t7", "whiteSpace": false}, {"text": "if", "begin": 46, "end": 48, "id": "s0-t8", "whiteSpace": false}, {"text": "you're", "begin": 49, "end": 55, "id": "s0-t9", "whiteSpace": false}, {"text": "actually", "begin": 56, "end": 64, "id": "s0-t10", "whiteSpace": false}, {"text": "getting", "begin": 65, "end": 72, "id": "s0-t11", "whiteSpace": false}, {"text": "what", "begin": 73, "end": 77, "id": "s0-t12", "whiteSpace": false}, {"text": "you're", "begin": 78, "end": 84, "id": "s0-t13", "whiteSpace": false}, {"text": "paying", "begin": 85, "end": 91, "id": "s0-t14", "whiteSpace": false}, {"text": "your", "begin": 92, "end": 96, "id": "s0-t15", "whiteSpace": false}, {"text": "ISP", "begin": 97, "end": 100, "id": "s0-t16", "whiteSpace": false}], "text": "January 29, 2009 (Computerworld) Want to know if you're actually getting what you're paying your ISP for?", "begin": 0, "end": 105, "id": "s0"}, {"tokens": [{"text": "If", "begin": 107, "end": 109, "id": "s1-t0", "whiteSpace": false}, {"text": "you", "begin": 110, "end": 113, "id": "s1-t1", "whiteSpace": false}, {"text": "are", "begin": 114, "end": 117, "id": "s1-t2", "whiteSpace": false}, {"text": ",", "begin": 117, "end": 118, "id": "s1-t3", "whiteSpace": false}, {"text": "join", "begin": 119, "end": 123, "id": "s1-t4", "whiteSpace": false}, {"text": "the", "begin": 124, "end": 127, "id": "s1-t5", "whiteSpace": false}, {"text": "club", "begin": 128, "end": 132, "id": "s1-t6", "whiteSpace": false}, {"text": ".", "begin": 132, "end": 133, "id": "s1-t7", "whiteSpace": false}], "text": "If you are, join the club.", "begin": 107, "end": 133, "id": "s1"}, {"tokens": [{"text": "The", "begin": 134, "end": 137, "id": "s2-t0", "whiteSpace": false}, {"text": "problem", "begin": 138, "end": 145, "id": "s2-t1", "whiteSpace": false}, {"text": "is", "begin": 146, "end": 148, "id": "s2-t2", "whiteSpace": false}, {"text": "that", "begin": 149, "end": 153, "id": "s2-t3", "whiteSpace": false}, {"text": "it", "begin": 154, "end": 156, "id": "s2-t4", "whiteSpace": false}, {"text": "it", "begin": 157, "end": 159, "id": "s2-t5", "whiteSpace": false}, {"text": "'s", "begin": 159, "end": 161, "id": "s2-t6", "whiteSpace": false}, {"text": "been", "begin": 162, "end": 166, "id": "s2-t7", "whiteSpace": false}, {"text": "far", "begin": 167, "end": 170, "id": "s2-t8", "whiteSpace": false}, {"text": "from", "begin": 171, "end": 175, "id": "s2-t9", "whiteSpace": false}, {"text": "easy", "begin": 176, "end": 180, "id": "s2-t10", "whiteSpace": false}, {"text": "to", "begin": 181, "end": 183, "id": "s2-t11", "whiteSpace": false}, {"text": "get", "begin": 184, "end": 187, "id": "s2-t12", "whiteSpace": false}, {"text": "a", "begin": 188, "end": 189, "id": "s2-t13", "whiteSpace": false}, {"text": "handle", "begin": 190, "end": 196, "id": "s2-t14", "whiteSpace": false}, {"text": "on", "begin": 197, "end": 199, "id": "s2-t15", "whiteSpace": false}, {"text": "how", "begin": 200, "end": 203, "id": "s2-t16", "whiteSpace": false}, {"text": "your", "begin": 204, "end": 208, "id": "s2-t17", "whiteSpace": false}, {"text": "ISP", "begin": 209, "end": 212, "id": "s2-t18", "whiteSpace": false}, {"text": "deals", "begin": 213, "end": 218, "id": "s2-t19", "whiteSpace": false}, {"text": "with", "begin": 219, "end": 223, "id": "s2-t20", "whiteSpace": false}, {"text": "various", "begin": 224, "end": 231, "id": "s2-t21", "whiteSpace": false}, {"text": "kinds", "begin": 232, "end": 237, "id": "s2-t22", "whiteSpace": false}, {"text": "of", "begin": 238, "end": 240, "id": "s2-t23", "whiteSpace": false}, {"text": "traffic", "begin": 241, "end": 248, "id": "s2-t24", "whiteSpace": false}, {"text": ".", "begin": 248, "end": 249, "id": "s2-t25", "whiteSpace": false}], "text": "The problem is that it it's been far from easy to get a handle on how your ISP deals with various kinds of traffic.", "begin": 134, "end": 249, "id": "s2"}, {"tokens": [{"text": "That", "begin": 250, "end": 254, "id": "s3-t0", "whiteSpace": false}, {"text": "may", "begin": 255, "end": 258, "id": "s3-t1", "whiteSpace": false}, {"text": "become", "begin": 259, "end": 265, "id": "s3-t2", "whiteSpace": false}, {"text": "an", "begin": 266, "end": 268, "id": "s3-t3", "whiteSpace": false}, {"text": "easier", "begin": 269, "end": 275, "id": "s3-t4", "whiteSpace": false}, {"text": "job", "begin": 276, "end": 279, "id": "s3-t5", "whiteSpace": false}, {"text": "now", "begin": 280, "end": 283, "id": "s3-t6", "whiteSpace": false}, {"text": "that", "begin": 284, "end": 288, "id": "s3-t7", "whiteSpace": false}, {"text": "Google", "begin": 289, "end": 295, "id": "s3-t8", "whiteSpace": false}, {"text": "Inc", "begin": 296, "end": 299, "id": "s3-t9", "whiteSpace": false}, {"text": ".", "begin": 299, "end": 300, "id": "s3-t10", "whiteSpace": false}], "text": "That may become an easier job now that Google Inc.", "begin": 250, "end": 300, "id": "s3"}, {"tokens": [{"text": "is", "begin": 301, "end": 303, "id": "s4-t0", "whiteSpace": false}, {"text": "launching", "begin": 304, "end": 313, "id": "s4-t1", "whiteSpace": false}, {"text": "what", "begin": 314, "end": 318, "id": "s4-t2", "whiteSpace": false}, {"text": "it", "begin": 319, "end": 321, "id": "s4-t3", "whiteSpace": false}, {"text": "calls", "begin": 322, "end": 327, "id": "s4-t4", "whiteSpace": false}, {"text": "Measurement", "begin": 328, "end": 339, "id": "s4-t5", "whiteSpace": false}, {"text": "Lab", "begin": 340, "end": 343, "id": "s4-t6", "whiteSpace": false}, {"text": "(M", "begin": 344, "end": 346, "id": "s4-t7", "whiteSpace": false}, {"text": "-", "begin": 346, "end": 347, "id": "s4-t8", "whiteSpace": false}, {"text": "Lab)", "begin": 347, "end": 351, "id": "s4-t9", "whiteSpace": false}, {"text": ",", "begin": 351, "end": 352, "id": "s4-t10", "whiteSpace": false}, {"text": "an", "begin": 353, "end": 355, "id": "s4-t11", "whiteSpace": false}, {"text": "open", "begin": 356, "end": 360, "id": "s4-t12", "whiteSpace": false}, {"text": "platform", "begin": 361, "end": 369, "id": "s4-t13", "whiteSpace": false}, {"text": "that", "begin": 370, "end": 374, "id": "s4-t14", "whiteSpace": false}, {"text": "researchers", "begin": 375, "end": 386, "id": "s4-t15", "whiteSpace": false}, {"text": "and", "begin": 387, "end": 390, "id": "s4-t16", "whiteSpace": false}, {"text": "consumers", "begin": 391, "end": 400, "id": "s4-t17", "whiteSpace": false}, {"text": "can", "begin": 401, "end": 404, "id": "s4-t18", "whiteSpace": false}, {"text": "use", "begin": 405, "end": 408, "id": "s4-t19", "whiteSpace": false}, {"text": "to", "begin": 409, "end": 411, "id": "s4-t20", "whiteSpace": false}, {"text": "access", "begin": 412, "end": 418, "id": "s4-t21", "whiteSpace": false}, {"text": "its", "begin": 419, "end": 422, "id": "s4-t22", "whiteSpace": false}, {"text": "new", "begin": 423, "end": 426, "id": "s4-t23", "whiteSpace": false}, {"text": "Internet", "begin": 427, "end": 435, "id": "s4-t24", "whiteSpace": false}, {"text": "performance", "begin": 436, "end": 447, "id": "s4-t25", "whiteSpace": false}, {"text": "measurement", "begin": 448, "end": 459, "id": "s4-t26", "whiteSpace": false}, {"text": "tools", "begin": 460, "end": 465, "id": "s4-t27", "whiteSpace": false}, {"text": ".", "begin": 465, "end": 466, "id": "s4-t28", "whiteSpace": false}], "text": "is launching what it calls Measurement Lab (M-Lab), an open platform that researchers and consumers can use to access its new Internet performance measurement tools.", "begin": 301, "end": 466, "id": "s4"}, {"tokens": [{"text": "'Researchers", "begin": 468, "end": 480, "id": "s5-t0", "whiteSpace": false}, {"text": "are", "begin": 481, "end": 484, "id": "s5-t1", "whiteSpace": false}, {"text": "already", "begin": 485, "end": 492, "id": "s5-t2", "whiteSpace": false}, {"text": "developing", "begin": 493, "end": 503, "id": "s5-t3", "whiteSpace": false}, {"text": "tools", "begin": 504, "end": 509, "id": "s5-t4", "whiteSpace": false}, {"text": "that", "begin": 510, "end": 514, "id": "s5-t5", "whiteSpace": false}, {"text": "allow", "begin": 515, "end": 520, "id": "s5-t6", "whiteSpace": false}, {"text": "users", "begin": 521, "end": 526, "id": "s5-t7", "whiteSpace": false}, {"text": "to", "begin": 527, "end": 529, "id": "s5-t8", "whiteSpace": false}, {"text": ",", "begin": 529, "end": 530, "id": "s5-t9", "whiteSpace": false}, {"text": "among", "begin": 531, "end": 536, "id": "s5-t10", "whiteSpace": false}, {"text": "other", "begin": 537, "end": 542, "id": "s5-t11", "whiteSpace": false}, {"text": "things", "begin": 543, "end": 549, "id": "s5-t12", "whiteSpace": false}, {"text": ",", "begin": 549, "end": 550, "id": "s5-t13", "whiteSpace": false}, {"text": "measure", "begin": 551, "end": 558, "id": "s5-t14", "whiteSpace": false}, {"text": "the", "begin": 559, "end": 562, "id": "s5-t15", "whiteSpace": false}, {"text": "speed", "begin": 563, "end": 568, "id": "s5-t16", "whiteSpace": false}, {"text": "of", "begin": 569, "end": 571, "id": "s5-t17", "whiteSpace": false}, {"text": "their", "begin": 572, "end": 577, "id": "s5-t18", "whiteSpace": false}, {"text": "connection", "begin": 578, "end": 588, "id": "s5-t19", "whiteSpace": false}, {"text": ",", "begin": 588, "end": 589, "id": "s5-t20", "whiteSpace": false}, {"text": "run", "begin": 590, "end": 593, "id": "s5-t21", "whiteSpace": false}, {"text": "diagnostics", "begin": 594, "end": 605, "id": "s5-t22", "whiteSpace": false}, {"text": ",", "begin": 605, "end": 606, "id": "s5-t23", "whiteSpace": false}, {"text": "and", "begin": 607, "end": 610, "id": "s5-t24", "whiteSpace": false}, {"text": "attempt", "begin": 611, "end": 618, "id": "s5-t25", "whiteSpace": false}, {"text": "to", "begin": 619, "end": 621, "id": "s5-t26", "whiteSpace": false}, {"text": "discern", "begin": 622, "end": 629, "id": "s5-t27", "whiteSpace": false}, {"text": "if", "begin": 630, "end": 632, "id": "s5-t28", "whiteSpace": false}, {"text": "their", "begin": 633, "end": 638, "id": "s5-t29", "whiteSpace": false}, {"text": "ISP", "begin": 639, "end": 642, "id": "s5-t30", "whiteSpace": false}, {"text": "is", "begin": 643, "end": 645, "id": "s5-t31", "whiteSpace": false}, {"text": "blocking", "begin": 646, "end": 654, "id": "s5-t32", "whiteSpace": false}, {"text": "or", "begin": 655, "end": 657, "id": "s5-t33", "whiteSpace": false}, {"text": "throttling", "begin": 658, "end": 668, "id": "s5-t34", "whiteSpace": false}, {"text": "particular", "begin": 669, "end": 679, "id": "s5-t35", "whiteSpace": false}, {"text": "applications", "begin": 680, "end": 692, "id": "s5-t36", "whiteSpace": false}, {"text": ",", "begin": 692, "end": 693, "id": "s5-t37", "whiteSpace": false}, {"text": "'", "begin": 693, "end": 694, "id": "s5-t38", "whiteSpace": false}, {"text": "said", "begin": 695, "end": 699, "id": "s5-t39", "whiteSpace": false}, {"text": "Vint", "begin": 700, "end": 704, "id": "s5-t40", "whiteSpace": false}, {"text": "Cerf", "begin": 705, "end": 709, "id": "s5-t41", "whiteSpace": false}, {"text": ",", "begin": 709, "end": 710, "id": "s5-t42", "whiteSpace": false}, {"text": "Google", "begin": 711, "end": 717, "id": "s5-t43", "whiteSpace": false}, {"text": "'s", "begin": 717, "end": 719, "id": "s5-t44", "whiteSpace": false}, {"text": "chief", "begin": 720, "end": 725, "id": "s5-t45", "whiteSpace": false}, {"text": "Internet", "begin": 726, "end": 734, "id": "s5-t46", "whiteSpace": false}, {"text": "evangelist", "begin": 735, "end": 745, "id": "s5-t47", "whiteSpace": false}, {"text": ",", "begin": 745, "end": 746, "id": "s5-t48", "whiteSpace": false}, {"text": "and", "begin": 747, "end": 750, "id": "s5-t49", "whiteSpace": false}, {"text": "Stephen", "begin": 751, "end": 758, "id": "s5-t50", "whiteSpace": false}, {"text": "Stuart", "begin": 759, "end": 765, "id": "s5-t51", "whiteSpace": false}, {"text": ",", "begin": 765, "end": 766, "id": "s5-t52", "whiteSpace": false}, {"text": "Google", "begin": 767, "end": 773, "id": "s5-t53", "whiteSpace": false}, {"text": "'s", "begin": 773, "end": 775, "id": "s5-t54", "whiteSpace": false}, {"text": "principal", "begin": 776, "end": 785, "id": "s5-t55", "whiteSpace": false}, {"text": "engineer", "begin": 786, "end": 794, "id": "s5-t56", "whiteSpace": false}, {"text": ",", "begin": 794, "end": 795, "id": "s5-t57", "whiteSpace": false}, {"text": "in", "begin": 796, "end": 798, "id": "s5-t58", "whiteSpace": false}, {"text": "a", "begin": 799, "end": 800, "id": "s5-t59", "whiteSpace": false}, {"text": "blog", "begin": 801, "end": 805, "id": "s5-t60", "whiteSpace": false}, {"text": "post", "begin": 806, "end": 810, "id": "s5-t61", "whiteSpace": false}, {"text": ".", "begin": 810, "end": 811, "id": "s5-t62", "whiteSpace": false}], "text": "'Researchers are already developing tools that allow users to, among other things, measure the speed of their connection, run diagnostics, and attempt to discern if their ISP is blocking or throttling particular applications,' said Vint Cerf, Google's chief Internet evangelist, and Stephen Stuart, Google's principal engineer, in a blog post.", "begin": 468, "end": 811, "id": "s5"}, {"tokens": [{"text": "'These", "begin": 812, "end": 818, "id": "s6-t0", "whiteSpace": false}, {"text": "tools", "begin": 819, "end": 824, "id": "s6-t1", "whiteSpace": false}, {"text": "generate", "begin": 825, "end": 833, "id": "s6-t2", "whiteSpace": false}, {"text": "and", "begin": 834, "end": 837, "id": "s6-t3", "whiteSpace": false}, {"text": "send", "begin": 838, "end": 842, "id": "s6-t4", "whiteSpace": false}, {"text": "some", "begin": 843, "end": 847, "id": "s6-t5", "whiteSpace": false}, {"text": "data", "begin": 848, "end": 852, "id": "s6-t6", "whiteSpace": false}, {"text": "back", "begin": 853, "end": 857, "id": "s6-t7", "whiteSpace": false}, {"text": "-", "begin": 857, "end": 858, "id": "s6-t8", "whiteSpace": false}, {"text": "and", "begin": 858, "end": 861, "id": "s6-t9", "whiteSpace": false}, {"text": "-", "begin": 861, "end": 862, "id": "s6-t10", "whiteSpace": false}, {"text": "forth", "begin": 862, "end": 867, "id": "s6-t11", "whiteSpace": false}, {"text": "between", "begin": 868, "end": 875, "id": "s6-t12", "whiteSpace": false}, {"text": "the", "begin": 876, "end": 879, "id": "s6-t13", "whiteSpace": false}, {"text": "user", "begin": 880, "end": 884, "id": "s6-t14", "whiteSpace": false}, {"text": "'s", "begin": 884, "end": 886, "id": "s6-t15", "whiteSpace": false}, {"text": "computer", "begin": 887, "end": 895, "id": "s6-t16", "whiteSpace": false}, {"text": "and", "begin": 896, "end": 899, "id": "s6-t17", "whiteSpace": false}, {"text": "a", "begin": 900, "end": 901, "id": "s6-t18", "whiteSpace": false}, {"text": "server", "begin": 902, "end": 908, "id": "s6-t19", "whiteSpace": false}, {"text": "elsewhere", "begin": 909, "end": 918, "id": "s6-t20", "whiteSpace": false}, {"text": "on", "begin": 919, "end": 921, "id": "s6-t21", "whiteSpace": false}, {"text": "the", "begin": 922, "end": 925, "id": "s6-t22", "whiteSpace": false}, {"text": "Internet", "begin": 926, "end": 934, "id": "s6-t23", "whiteSpace": false}, {"text": ".", "begin": 934, "end": 935, "id": "s6-t24", "whiteSpace": false}], "text": "'These tools generate and send some data back-and-forth between the user's computer and a server elsewhere on the Internet.", "begin": 812, "end": 935, "id": "s6"}, {"tokens": [{"text": "Unfortunately", "begin": 936, "end": 949, "id": "s7-t0", "whiteSpace": false}, {"text": ",", "begin": 949, "end": 950, "id": "s7-t1", "whiteSpace": false}, {"text": "researchers", "begin": 951, "end": 962, "id": "s7-t2", "whiteSpace": false}, {"text": "lack", "begin": 963, "end": 967, "id": "s7-t3", "whiteSpace": false}, {"text": "widely", "begin": 968, "end": 974, "id": "s7-t4", "whiteSpace": false}, {"text": "-", "begin": 974, "end": 975, "id": "s7-t5", "whiteSpace": false}, {"text": "distributed", "begin": 975, "end": 986, "id": "s7-t6", "whiteSpace": false}, {"text": "servers", "begin": 987, "end": 994, "id": "s7-t7", "whiteSpace": false}, {"text": "with", "begin": 995, "end": 999, "id": "s7-t8", "whiteSpace": false}, {"text": "ample", "begin": 1000, "end": 1005, "id": "s7-t9", "whiteSpace": false}, {"text": "connectivity", "begin": 1006, "end": 1018, "id": "s7-t10", "whiteSpace": false}, {"text": ".", "begin": 1018, "end": 1019, "id": "s7-t11", "whiteSpace": false}], "text": "Unfortunately, researchers lack widely-distributed servers with ample connectivity.", "begin": 936, "end": 1019, "id": "s7"}, {"tokens": [{"text": "This", "begin": 1020, "end": 1024, "id": "s8-t0", "whiteSpace": false}, {"text": "poses", "begin": 1025, "end": 1030, "id": "s8-t1", "whiteSpace": false}, {"text": "a", "begin": 1031, "end": 1032, "id": "s8-t2", "whiteSpace": false}, {"text": "barrier", "begin": 1033, "end": 1040, "id": "s8-t3", "whiteSpace": false}, {"text": "to", "begin": 1041, "end": 1043, "id": "s8-t4", "whiteSpace": false}, {"text": "the", "begin": 1044, "end": 1047, "id": "s8-t5", "whiteSpace": false}, {"text": "accuracy", "begin": 1048, "end": 1056, "id": "s8-t6", "whiteSpace": false}, {"text": "and", "begin": 1057, "end": 1060, "id": "s8-t7", "whiteSpace": false}, {"text": "scalability", "begin": 1061, "end": 1072, "id": "s8-t8", "whiteSpace": false}, {"text": "of", "begin": 1073, "end": 1075, "id": "s8-t9", "whiteSpace": false}, {"text": "these", "begin": 1076, "end": 1081, "id": "s8-t10", "whiteSpace": false}, {"text": "tools", "begin": 1082, "end": 1087, "id": "s8-t11", "whiteSpace": false}, {"text": ".", "begin": 1087, "end": 1088, "id": "s8-t12", "whiteSpace": false}], "text": "This poses a barrier to the accuracy and scalability of these tools.", "begin": 1020, "end": 1088, "id": "s8"}, {"tokens": [], "text": "'", "begin": 1088, "end": 1089, "id": "s9"}, {"tokens": [{"text": "To", "begin": 1091, "end": 1093, "id": "s10-t0", "whiteSpace": false}, {"text": "tackle", "begin": 1094, "end": 1100, "id": "s10-t1", "whiteSpace": false}, {"text": "the", "begin": 1101, "end": 1104, "id": "s10-t2", "whiteSpace": false}, {"text": "problem", "begin": 1105, "end": 1112, "id": "s10-t3", "whiteSpace": false}, {"text": ",", "begin": 1112, "end": 1113, "id": "s10-t4", "whiteSpace": false}, {"text": "Google", "begin": 1114, "end": 1120, "id": "s10-t5", "whiteSpace": false}, {"text": "announced", "begin": 1121, "end": 1130, "id": "s10-t6", "whiteSpace": false}, {"text": "late", "begin": 1131, "end": 1135, "id": "s10-t7", "whiteSpace": false}, {"text": "Wednesday", "begin": 1136, "end": 1145, "id": "s10-t8", "whiteSpace": false}, {"text": "that", "begin": 1146, "end": 1150, "id": "s10-t9", "whiteSpace": false}, {"text": "it", "begin": 1151, "end": 1153, "id": "s10-t10", "whiteSpace": false}, {"text": "will", "begin": 1154, "end": 1158, "id": "s10-t11", "whiteSpace": false}, {"text": "host", "begin": 1159, "end": 1163, "id": "s10-t12", "whiteSpace": false}, {"text": "the", "begin": 1164, "end": 1167, "id": "s10-t13", "whiteSpace": false}, {"text": "tools", "begin": 1168, "end": 1173, "id": "s10-t14", "whiteSpace": false}, {"text": "on", "begin": 1174, "end": 1176, "id": "s10-t15", "whiteSpace": false}, {"text": "37", "begin": 1177, "end": 1179, "id": "s10-t16", "whiteSpace": false}, {"text": "servers", "begin": 1180, "end": 1187, "id": "s10-t17", "whiteSpace": false}, {"text": "in", "begin": 1188, "end": 1190, "id": "s10-t18", "whiteSpace": false}, {"text": "the", "begin": 1191, "end": 1194, "id": "s10-t19", "whiteSpace": false}, {"text": "U", "begin": 1195, "end": 1196, "id": "s10-t20", "whiteSpace": false}, {"text": ".", "begin": 1196, "end": 1197, "id": "s10-t21", "whiteSpace": false}], "text": "To tackle the problem, Google announced late Wednesday that it will host the tools on 37 servers in the U.", "begin": 1091, "end": 1197, "id": "s10"}, {"tokens": [{"text": "S", "begin": 1197, "end": 1198, "id": "s11-t0", "whiteSpace": false}, {"text": ".", "begin": 1198, "end": 1199, "id": "s11-t1", "whiteSpace": false}], "text": "S.", "begin": 1197, "end": 1199, "id": "s11"}, {"tokens": [{"text": "and", "begin": 1200, "end": 1203, "id": "s12-t0", "whiteSpace": false}, {"text": "Europe", "begin": 1204, "end": 1210, "id": "s12-t1", "whiteSpace": false}, {"text": ".", "begin": 1210, "end": 1211, "id": "s12-t2", "whiteSpace": false}], "text": "and Europe.", "begin": 1200, "end": 1211, "id": "s12"}, {"tokens": [{"text": "The", "begin": 1212, "end": 1215, "id": "s13-t0", "whiteSpace": false}, {"text": "tools", "begin": 1216, "end": 1221, "id": "s13-t1", "whiteSpace": false}, {"text": "are", "begin": 1222, "end": 1225, "id": "s13-t2", "whiteSpace": false}, {"text": "designed", "begin": 1226, "end": 1234, "id": "s13-t3", "whiteSpace": false}, {"text": "to", "begin": 1235, "end": 1237, "id": "s13-t4", "whiteSpace": false}, {"text": "help", "begin": 1238, "end": 1242, "id": "s13-t5", "whiteSpace": false}, {"text": "users", "begin": 1243, "end": 1248, "id": "s13-t6", "whiteSpace": false}, {"text": "try", "begin": 1249, "end": 1252, "id": "s13-t7", "whiteSpace": false}, {"text": "to", "begin": 1253, "end": 1255, "id": "s13-t8", "whiteSpace": false}, {"text": "figure", "begin": 1256, "end": 1262, "id": "s13-t9", "whiteSpace": false}, {"text": "out", "begin": 1263, "end": 1266, "id": "s13-t10", "whiteSpace": false}, {"text": "what", "begin": 1267, "end": 1271, "id": "s13-t11", "whiteSpace": false}, {"text": "might", "begin": 1272, "end": 1277, "id": "s13-t12", "whiteSpace": false}, {"text": "be", "begin": 1278, "end": 1280, "id": "s13-t13", "whiteSpace": false}, {"text": "impairing", "begin": 1281, "end": 1290, "id": "s13-t14", "whiteSpace": false}, {"text": "their", "begin": 1291, "end": 1296, "id": "s13-t15", "whiteSpace": false}, {"text": "broadband", "begin": 1297, "end": 1306, "id": "s13-t16", "whiteSpace": false}, {"text": "speed", "begin": 1307, "end": 1312, "id": "s13-t17", "whiteSpace": false}, {"text": ",", "begin": 1312, "end": 1313, "id": "s13-t18", "whiteSpace": false}, {"text": "as", "begin": 1314, "end": 1316, "id": "s13-t19", "whiteSpace": false}, {"text": "well", "begin": 1317, "end": 1321, "id": "s13-t20", "whiteSpace": false}, {"text": "as", "begin": 1322, "end": 1324, "id": "s13-t21", "whiteSpace": false}, {"text": "find", "begin": 1325, "end": 1329, "id": "s13-t22", "whiteSpace": false}, {"text": "out", "begin": 1330, "end": 1333, "id": "s13-t23", "whiteSpace": false}, {"text": "if", "begin": 1334, "end": 1336, "id": "s13-t24", "whiteSpace": false}, {"text": "BitTorrent", "begin": 1337, "end": 1347, "id": "s13-t25", "whiteSpace": false}, {"text": "is", "begin": 1348, "end": 1350, "id": "s13-t26", "whiteSpace": false}, {"text": "being", "begin": 1351, "end": 1356, "id": "s13-t27", "whiteSpace": false}, {"text": "blocked", "begin": 1357, "end": 1364, "id": "s13-t28", "whiteSpace": false}, {"text": "or", "begin": 1365, "end": 1367, "id": "s13-t29", "whiteSpace": false}, {"text": "throttled", "begin": 1368, "end": 1377, "id": "s13-t30", "whiteSpace": false}, {"text": "by", "begin": 1378, "end": 1380, "id": "s13-t31", "whiteSpace": false}, {"text": "their", "begin": 1381, "end": 1386, "id": "s13-t32", "whiteSpace": false}, {"text": "ISPs", "begin": 1387, "end": 1391, "id": "s13-t33", "whiteSpace": false}, {"text": ".", "begin": 1391, "end": 1392, "id": "s13-t34", "whiteSpace": false}], "text": "The tools are designed to help users try to figure out what might be impairing their broadband speed, as well as find out if BitTorrent is being blocked or throttled by their ISPs.", "begin": 1212, "end": 1392, "id": "s13"}, {"tokens": [{"text": "'Seems", "begin": 1394, "end": 1400, "id": "s14-t0", "whiteSpace": false}, {"text": "like", "begin": 1401, "end": 1405, "id": "s14-t1", "whiteSpace": false}, {"text": "the", "begin": 1406, "end": 1409, "id": "s14-t2", "whiteSpace": false}, {"text": "intention", "begin": 1410, "end": 1419, "id": "s14-t3", "whiteSpace": false}, {"text": "behind", "begin": 1420, "end": 1426, "id": "s14-t4", "whiteSpace": false}, {"text": "this", "begin": 1427, "end": 1431, "id": "s14-t5", "whiteSpace": false}, {"text": "is", "begin": 1432, "end": 1434, "id": "s14-t6", "whiteSpace": false}, {"text": "to", "begin": 1435, "end": 1437, "id": "s14-t7", "whiteSpace": false}, {"text": "give", "begin": 1438, "end": 1442, "id": "s14-t8", "whiteSpace": false}, {"text": "consumers", "begin": 1443, "end": 1452, "id": "s14-t9", "whiteSpace": false}, {"text": "a", "begin": 1453, "end": 1454, "id": "s14-t10", "whiteSpace": false}, {"text": "way", "begin": 1455, "end": 1458, "id": "s14-t11", "whiteSpace": false}, {"text": "to", "begin": 1459, "end": 1461, "id": "s14-t12", "whiteSpace": false}, {"text": "keep", "begin": 1462, "end": 1466, "id": "s14-t13", "whiteSpace": false}, {"text": "tabs", "begin": 1467, "end": 1471, "id": "s14-t14", "whiteSpace": false}, {"text": "on", "begin": 1472, "end": 1474, "id": "s14-t15", "whiteSpace": false}, {"text": "their", "begin": 1475, "end": 1480, "id": "s14-t16", "whiteSpace": false}, {"text": "provider", "begin": 1481, "end": 1489, "id": "s14-t17", "whiteSpace": false}, {"text": "and", "begin": 1490, "end": 1493, "id": "s14-t18", "whiteSpace": false}, {"text": "make", "begin": 1494, "end": 1498, "id": "s14-t19", "whiteSpace": false}, {"text": "sure", "begin": 1499, "end": 1503, "id": "s14-t20", "whiteSpace": false}, {"text": "that", "begin": 1504, "end": 1508, "id": "s14-t21", "whiteSpace": false}, {"text": "they're", "begin": 1509, "end": 1516, "id": "s14-t22", "whiteSpace": false}, {"text": "getting", "begin": 1517, "end": 1524, "id": "s14-t23", "whiteSpace": false}, {"text": "what", "begin": 1525, "end": 1529, "id": "s14-t24", "whiteSpace": false}, {"text": "they're", "begin": 1530, "end": 1537, "id": "s14-t25", "whiteSpace": false}, {"text": "paying", "begin": 1538, "end": 1544, "id": "s14-t26", "whiteSpace": false}, {"text": "for", "begin": 1545, "end": 1548, "id": "s14-t27", "whiteSpace": false}, {"text": "in", "begin": 1549, "end": 1551, "id": "s14-t28", "whiteSpace": false}, {"text": "terms", "begin": 1552, "end": 1557, "id": "s14-t29", "whiteSpace": false}, {"text": "of", "begin": 1558, "end": 1560, "id": "s14-t30", "whiteSpace": false}, {"text": "speed", "begin": 1561, "end": 1566, "id": "s14-t31", "whiteSpace": false}, {"text": ",", "begin": 1566, "end": 1567, "id": "s14-t32", "whiteSpace": false}, {"text": "'", "begin": 1567, "end": 1568, "id": "s14-t33", "whiteSpace": false}, {"text": "said", "begin": 1569, "end": 1573, "id": "s14-t34", "whiteSpace": false}, {"text": "Dan", "begin": 1574, "end": 1577, "id": "s14-t35", "whiteSpace": false}, {"text": "Olds", "begin": 1578, "end": 1582, "id": "s14-t36", "whiteSpace": false}, {"text": ",", "begin": 1582, "end": 1583, "id": "s14-t37", "whiteSpace": false}, {"text": "principal", "begin": 1584, "end": 1593, "id": "s14-t38", "whiteSpace": false}, {"text": "analyst", "begin": 1594, "end": 1601, "id": "s14-t39", "whiteSpace": false}, {"text": "with", "begin": 1602, "end": 1606, "id": "s14-t40", "whiteSpace": false}, {"text": "the", "begin": 1607, "end": 1610, "id": "s14-t41", "whiteSpace": false}, {"text": "Gabriel", "begin": 1611, "end": 1618, "id": "s14-t42", "whiteSpace": false}, {"text": "Consulting", "begin": 1619, "end": 1629, "id": "s14-t43", "whiteSpace": false}, {"text": "Group", "begin": 1630, "end": 1635, "id": "s14-t44", "whiteSpace": false}, {"text": ".", "begin": 1635, "end": 1636, "id": "s14-t45", "whiteSpace": false}], "text": "'Seems like the intention behind this is to give consumers a way to keep tabs on their provider and make sure that they're getting what they're paying for in terms of speed,' said Dan Olds, principal analyst with the Gabriel Consulting Group.", "begin": 1394, "end": 1636, "id": "s14"}, {"tokens": [{"text": "'Also", "begin": 1637, "end": 1642, "id": "s15-t0", "whiteSpace": false}, {"text": ",", "begin": 1642, "end": 1643, "id": "s15-t1", "whiteSpace": false}, {"text": "with", "begin": 1644, "end": 1648, "id": "s15-t2", "whiteSpace": false}, {"text": "these", "begin": 1649, "end": 1654, "id": "s15-t3", "whiteSpace": false}, {"text": "tools", "begin": 1655, "end": 1660, "id": "s15-t4", "whiteSpace": false}, {"text": ",", "begin": 1660, "end": 1661, "id": "s15-t5", "whiteSpace": false}, {"text": "consumers", "begin": 1662, "end": 1671, "id": "s15-t6", "whiteSpace": false}, {"text": "will", "begin": 1672, "end": 1676, "id": "s15-t7", "whiteSpace": false}, {"text": "supposedly", "begin": 1677, "end": 1687, "id": "s15-t8", "whiteSpace": false}, {"text": "be", "begin": 1688, "end": 1690, "id": "s15-t9", "whiteSpace": false}, {"text": "able", "begin": 1691, "end": 1695, "id": "s15-t10", "whiteSpace": false}, {"text": "to", "begin": 1696, "end": 1698, "id": "s15-t11", "whiteSpace": false}, {"text": "tell", "begin": 1699, "end": 1703, "id": "s15-t12", "whiteSpace": false}, {"text": "if", "begin": 1704, "end": 1706, "id": "s15-t13", "whiteSpace": false}, {"text": "particular", "begin": 1707, "end": 1717, "id": "s15-t14", "whiteSpace": false}, {"text": "high", "begin": 1718, "end": 1722, "id": "s15-t15", "whiteSpace": false}, {"text": "bandwidth", "begin": 1723, "end": 1732, "id": "s15-t16", "whiteSpace": false}, {"text": "applications", "begin": 1733, "end": 1745, "id": "s15-t17", "whiteSpace": false}, {"text": ",", "begin": 1745, "end": 1746, "id": "s15-t18", "whiteSpace": false}, {"text": "like", "begin": 1747, "end": 1751, "id": "s15-t19", "whiteSpace": false}, {"text": "BitTorrent", "begin": 1752, "end": 1762, "id": "s15-t20", "whiteSpace": false}, {"text": ",", "begin": 1762, "end": 1763, "id": "s15-t21", "whiteSpace": false}, {"text": "are", "begin": 1764, "end": 1767, "id": "s15-t22", "whiteSpace": false}, {"text": "being", "begin": 1768, "end": 1773, "id": "s15-t23", "whiteSpace": false}, {"text": "constrained", "begin": 1774, "end": 1785, "id": "s15-t24", "whiteSpace": false}, {"text": "by", "begin": 1786, "end": 1788, "id": "s15-t25", "whiteSpace": false}, {"text": "their", "begin": 1789, "end": 1794, "id": "s15-t26", "whiteSpace": false}, {"text": "ISP", "begin": 1795, "end": 1798, "id": "s15-t27", "whiteSpace": false}, {"text": ".", "begin": 1798, "end": 1799, "id": "s15-t28", "whiteSpace": false}], "text": "'Also, with these tools, consumers will supposedly be able to tell if particular high bandwidth applications, like BitTorrent, are being constrained by their ISP.", "begin": 1637, "end": 1799, "id": "s15"}, {"tokens": [{"text": "So", "begin": 1800, "end": 1802, "id": "s16-t0", "whiteSpace": false}, {"text": "if", "begin": 1803, "end": 1805, "id": "s16-t1", "whiteSpace": false}, {"text": "an", "begin": 1806, "end": 1808, "id": "s16-t2", "whiteSpace": false}, {"text": "ISP", "begin": 1809, "end": 1812, "id": "s16-t3", "whiteSpace": false}, {"text": "is", "begin": 1813, "end": 1815, "id": "s16-t4", "whiteSpace": false}, {"text": "limiting", "begin": 1816, "end": 1824, "id": "s16-t5", "whiteSpace": false}, {"text": "video", "begin": 1825, "end": 1830, "id": "s16-t6", "whiteSpace": false}, {"text": "downloads", "begin": 1831, "end": 1840, "id": "s16-t7", "whiteSpace": false}, {"text": ",", "begin": 1840, "end": 1841, "id": "s16-t8", "whiteSpace": false}, {"text": "for", "begin": 1842, "end": 1845, "id": "s16-t9", "whiteSpace": false}, {"text": "example", "begin": 1846, "end": 1853, "id": "s16-t10", "whiteSpace": false}, {"text": ",", "begin": 1853, "end": 1854, "id": "s16-t11", "whiteSpace": false}, {"text": "consumers", "begin": 1855, "end": 1864, "id": "s16-t12", "whiteSpace": false}, {"text": "can", "begin": 1865, "end": 1868, "id": "s16-t13", "whiteSpace": false}, {"text": "use", "begin": 1869, "end": 1872, "id": "s16-t14", "whiteSpace": false}, {"text": "the", "begin": 1873, "end": 1876, "id": "s16-t15", "whiteSpace": false}, {"text": "Google", "begin": 1877, "end": 1883, "id": "s16-t16", "whiteSpace": false}, {"text": "tool", "begin": 1884, "end": 1888, "id": "s16-t17", "whiteSpace": false}, {"text": ",", "begin": 1888, "end": 1889, "id": "s16-t18", "whiteSpace": false}, {"text": "figure", "begin": 1890, "end": 1896, "id": "s16-t19", "whiteSpace": false}, {"text": "it", "begin": 1897, "end": 1899, "id": "s16-t20", "whiteSpace": false}, {"text": "out", "begin": 1900, "end": 1903, "id": "s16-t21", "whiteSpace": false}, {"text": ",", "begin": 1903, "end": 1904, "id": "s16-t22", "whiteSpace": false}, {"text": "and", "begin": 1905, "end": 1908, "id": "s16-t23", "whiteSpace": false}, {"text": "start", "begin": 1909, "end": 1914, "id": "s16-t24", "whiteSpace": false}, {"text": "a", "begin": 1915, "end": 1916, "id": "s16-t25", "whiteSpace": false}, {"text": "huge", "begin": 1917, "end": 1921, "id": "s16-t26", "whiteSpace": false}, {"text": "outcry", "begin": 1922, "end": 1928, "id": "s16-t27", "whiteSpace": false}, {"text": ",", "begin": 1928, "end": 1929, "id": "s16-t28", "whiteSpace": false}, {"text": "putting", "begin": 1930, "end": 1937, "id": "s16-t29", "whiteSpace": false}, {"text": "pressure", "begin": 1938, "end": 1946, "id": "s16-t30", "whiteSpace": false}, {"text": "on", "begin": 1947, "end": 1949, "id": "s16-t31", "whiteSpace": false}, {"text": "the", "begin": 1950, "end": 1953, "id": "s16-t32", "whiteSpace": false}, {"text": "ISP", "begin": 1954, "end": 1957, "id": "s16-t33", "whiteSpace": false}, {"text": "to", "begin": 1958, "end": 1960, "id": "s16-t34", "whiteSpace": false}, {"text": "stop", "begin": 1961, "end": 1965, "id": "s16-t35", "whiteSpace": false}, {"text": ".", "begin": 1965, "end": 1966, "id": "s16-t36", "whiteSpace": false}], "text": "So if an ISP is limiting video downloads, for example, consumers can use the Google tool, figure it out, and start a huge outcry, putting pressure on the ISP to stop.", "begin": 1800, "end": 1966, "id": "s16"}, {"tokens": [], "text": "'", "begin": 1966, "end": 1967, "id": "s17"}, {"tokens": [{"text": "Just", "begin": 1969, "end": 1973, "id": "s18-t0", "whiteSpace": false}, {"text": "last", "begin": 1974, "end": 1978, "id": "s18-t1", "whiteSpace": false}, {"text": "month", "begin": 1979, "end": 1984, "id": "s18-t2", "whiteSpace": false}, {"text": ",", "begin": 1984, "end": 1985, "id": "s18-t3", "whiteSpace": false}, {"text": "an", "begin": 1986, "end": 1988, "id": "s18-t4", "whiteSpace": false}, {"text": "analyst", "begin": 1989, "end": 1996, "id": "s18-t5", "whiteSpace": false}, {"text": "with", "begin": 1997, "end": 2001, "id": "s18-t6", "whiteSpace": false}, {"text": "ties", "begin": 2002, "end": 2006, "id": "s18-t7", "whiteSpace": false}, {"text": "to", "begin": 2007, "end": 2009, "id": "s18-t8", "whiteSpace": false}, {"text": "the", "begin": 2010, "end": 2013, "id": "s18-t9", "whiteSpace": false}, {"text": "telecom", "begin": 2014, "end": 2021, "id": "s18-t10", "whiteSpace": false}, {"text": "industry", "begin": 2022, "end": 2030, "id": "s18-t11", "whiteSpace": false}, {"text": "released", "begin": 2031, "end": 2039, "id": "s18-t12", "whiteSpace": false}, {"text": "a", "begin": 2040, "end": 2041, "id": "s18-t13", "whiteSpace": false}, {"text": "report", "begin": 2042, "end": 2048, "id": "s18-t14", "whiteSpace": false}, {"text": "calling", "begin": 2049, "end": 2056, "id": "s18-t15", "whiteSpace": false}, {"text": "Google", "begin": 2057, "end": 2063, "id": "s18-t16", "whiteSpace": false}, {"text": "a", "begin": 2064, "end": 2065, "id": "s18-t17", "whiteSpace": false}, {"text": "bandwidth", "begin": 2066, "end": 2075, "id": "s18-t18", "whiteSpace": false}, {"text": "hog", "begin": 2076, "end": 2079, "id": "s18-t19", "whiteSpace": false}, {"text": ".", "begin": 2079, "end": 2080, "id": "s18-t20", "whiteSpace": false}], "text": "Just last month, an analyst with ties to the telecom industry released a report calling Google a bandwidth hog.", "begin": 1969, "end": 2080, "id": "s18"}, {"tokens": [{"text": "Scott", "begin": 2081, "end": 2086, "id": "s19-t0", "whiteSpace": false}, {"text": "Cleland", "begin": 2087, "end": 2094, "id": "s19-t1", "whiteSpace": false}, {"text": ",", "begin": 2094, "end": 2095, "id": "s19-t2", "whiteSpace": false}, {"text": "president", "begin": 2096, "end": 2105, "id": "s19-t3", "whiteSpace": false}, {"text": "of", "begin": 2106, "end": 2108, "id": "s19-t4", "whiteSpace": false}, {"text": "Precursor", "begin": 2109, "end": 2118, "id": "s19-t5", "whiteSpace": false}, {"text": "LLC", "begin": 2119, "end": 2122, "id": "s19-t6", "whiteSpace": false}, {"text": ",", "begin": 2122, "end": 2123, "id": "s19-t7", "whiteSpace": false}, {"text": "a", "begin": 2124, "end": 2125, "id": "s19-t8", "whiteSpace": false}, {"text": "research", "begin": 2126, "end": 2134, "id": "s19-t9", "whiteSpace": false}, {"text": "firm", "begin": 2135, "end": 2139, "id": "s19-t10", "whiteSpace": false}, {"text": "bankrolled", "begin": 2140, "end": 2150, "id": "s19-t11", "whiteSpace": false}, {"text": "by", "begin": 2151, "end": 2153, "id": "s19-t12", "whiteSpace": false}, {"text": "telecom", "begin": 2154, "end": 2161, "id": "s19-t13", "whiteSpace": false}, {"text": "heavyweights", "begin": 2162, "end": 2174, "id": "s19-t14", "whiteSpace": false}, {"text": "like", "begin": 2175, "end": 2179, "id": "s19-t15", "whiteSpace": false}, {"text": "AT&T", "begin": 2180, "end": 2184, "id": "s19-t16", "whiteSpace": false}, {"text": "Inc", "begin": 2185, "end": 2188, "id": "s19-t17", "whiteSpace": false}, {"text": ".", "begin": 2188, "end": 2189, "id": "s19-t18", "whiteSpace": false}], "text": "Scott Cleland, president of Precursor LLC, a research firm bankrolled by telecom heavyweights like AT&T Inc.", "begin": 2081, "end": 2189, "id": "s19"}, {"tokens": [{"text": "and", "begin": 2190, "end": 2193, "id": "s20-t0", "whiteSpace": false}, {"text": "Verizon", "begin": 2194, "end": 2201, "id": "s20-t1", "whiteSpace": false}, {"text": "Communications", "begin": 2202, "end": 2216, "id": "s20-t2", "whiteSpace": false}, {"text": "Inc", "begin": 2217, "end": 2220, "id": "s20-t3", "whiteSpace": false}, {"text": ".", "begin": 2220, "end": 2221, "id": "s20-t4", "whiteSpace": false}], "text": "and Verizon Communications Inc.", "begin": 2190, "end": 2221, "id": "s20"}, {"tokens": [{"text": ",", "begin": 2221, "end": 2222, "id": "s21-t0", "whiteSpace": false}, {"text": "reported", "begin": 2223, "end": 2231, "id": "s21-t1", "whiteSpace": false}, {"text": "that", "begin": 2232, "end": 2236, "id": "s21-t2", "whiteSpace": false}, {"text": "Google", "begin": 2237, "end": 2243, "id": "s21-t3", "whiteSpace": false}, {"text": "uses", "begin": 2244, "end": 2248, "id": "s21-t4", "whiteSpace": false}, {"text": "21", "begin": 2249, "end": 2251, "id": "s21-t5", "whiteSpace": false}, {"text": "times", "begin": 2252, "end": 2257, "id": "s21-t6", "whiteSpace": false}, {"text": "more", "begin": 2258, "end": 2262, "id": "s21-t7", "whiteSpace": false}, {"text": "bandwidth", "begin": 2263, "end": 2272, "id": "s21-t8", "whiteSpace": false}, {"text": "than", "begin": 2273, "end": 2277, "id": "s21-t9", "whiteSpace": false}, {"text": "it", "begin": 2278, "end": 2280, "id": "s21-t10", "whiteSpace": false}, {"text": "pays", "begin": 2281, "end": 2285, "id": "s21-t11", "whiteSpace": false}, {"text": "for", "begin": 2286, "end": 2289, "id": "s21-t12", "whiteSpace": false}, {"text": ".", "begin": 2289, "end": 2290, "id": "s21-t13", "whiteSpace": false}], "text": ", reported that Google uses 21 times more bandwidth than it pays for.", "begin": 2221, "end": 2290, "id": "s21"}, {"tokens": [{"text": "Google", "begin": 2293, "end": 2299, "id": "s22-t0", "whiteSpace": false}, {"text": "was", "begin": 2300, "end": 2303, "id": "s22-t1", "whiteSpace": false}, {"text": "quick", "begin": 2304, "end": 2309, "id": "s22-t2", "whiteSpace": false}, {"text": "to", "begin": 2310, "end": 2312, "id": "s22-t3", "whiteSpace": false}, {"text": "fire", "begin": 2313, "end": 2317, "id": "s22-t4", "whiteSpace": false}, {"text": "back", "begin": 2318, "end": 2322, "id": "s22-t5", "whiteSpace": false}, {"text": ".", "begin": 2322, "end": 2323, "id": "s22-t6", "whiteSpace": false}], "text": "Google was quick to fire back.", "begin": 2293, "end": 2323, "id": "s22"}, {"tokens": [{"text": "Richard", "begin": 2324, "end": 2331, "id": "s23-t0", "whiteSpace": false}, {"text": "Whitt", "begin": 2332, "end": 2337, "id": "s23-t1", "whiteSpace": false}, {"text": ",", "begin": 2337, "end": 2338, "id": "s23-t2", "whiteSpace": false}, {"text": "Google", "begin": 2339, "end": 2345, "id": "s23-t3", "whiteSpace": false}, {"text": "'s", "begin": 2345, "end": 2347, "id": "s23-t4", "whiteSpace": false}, {"text": "Washington", "begin": 2348, "end": 2358, "id": "s23-t5", "whiteSpace": false}, {"text": "telecom", "begin": 2359, "end": 2366, "id": "s23-t6", "whiteSpace": false}, {"text": "and", "begin": 2367, "end": 2370, "id": "s23-t7", "whiteSpace": false}, {"text": "media", "begin": 2371, "end": 2376, "id": "s23-t8", "whiteSpace": false}, {"text": "counsel", "begin": 2377, "end": 2384, "id": "s23-t9", "whiteSpace": false}, {"text": ",", "begin": 2384, "end": 2385, "id": "s23-t10", "whiteSpace": false}, {"text": "noted", "begin": 2386, "end": 2391, "id": "s23-t11", "whiteSpace": false}, {"text": "in", "begin": 2392, "end": 2394, "id": "s23-t12", "whiteSpace": false}, {"text": "a", "begin": 2395, "end": 2396, "id": "s23-t13", "whiteSpace": false}, {"text": "blog", "begin": 2397, "end": 2401, "id": "s23-t14", "whiteSpace": false}, {"text": "post", "begin": 2402, "end": 2406, "id": "s23-t15", "whiteSpace": false}, {"text": "that", "begin": 2407, "end": 2411, "id": "s23-t16", "whiteSpace": false}, {"text": "Cleland", "begin": 2412, "end": 2419, "id": "s23-t17", "whiteSpace": false}, {"text": "is", "begin": 2420, "end": 2422, "id": "s23-t18", "whiteSpace": false}, {"text": "'not", "begin": 2423, "end": 2427, "id": "s23-t19", "whiteSpace": false}, {"text": "exactly", "begin": 2428, "end": 2435, "id": "s23-t20", "whiteSpace": false}, {"text": "a", "begin": 2436, "end": 2437, "id": "s23-t21", "whiteSpace": false}, {"text": "neutral", "begin": 2438, "end": 2445, "id": "s23-t22", "whiteSpace": false}, {"text": "party", "begin": 2446, "end": 2451, "id": "s23-t23", "whiteSpace": false}, {"text": ".", "begin": 2451, "end": 2452, "id": "s23-t24", "whiteSpace": false}], "text": "Richard Whitt, Google's Washington telecom and media counsel, noted in a blog post that Cleland is 'not exactly a neutral party.", "begin": 2324, "end": 2452, "id": "s23"}, {"tokens": [{"text": "'", "begin": 2452, "end": 2453, "id": "s24-t0", "whiteSpace": false}, {"text": "Whitt", "begin": 2454, "end": 2459, "id": "s24-t1", "whiteSpace": false}, {"text": "also", "begin": 2460, "end": 2464, "id": "s24-t2", "whiteSpace": false}, {"text": "claimed", "begin": 2465, "end": 2472, "id": "s24-t3", "whiteSpace": false}, {"text": "that", "begin": 2473, "end": 2477, "id": "s24-t4", "whiteSpace": false}, {"text": "the", "begin": 2478, "end": 2481, "id": "s24-t5", "whiteSpace": false}, {"text": "analyst", "begin": 2482, "end": 2489, "id": "s24-t6", "whiteSpace": false}, {"text": "had", "begin": 2490, "end": 2493, "id": "s24-t7", "whiteSpace": false}, {"text": "made", "begin": 2494, "end": 2498, "id": "s24-t8", "whiteSpace": false}, {"text": "methodological", "begin": 2499, "end": 2513, "id": "s24-t9", "whiteSpace": false}, {"text": "and", "begin": 2514, "end": 2517, "id": "s24-t10", "whiteSpace": false}, {"text": "factual", "begin": 2518, "end": 2525, "id": "s24-t11", "whiteSpace": false}, {"text": "errors", "begin": 2526, "end": 2532, "id": "s24-t12", "whiteSpace": false}, {"text": ".", "begin": 2532, "end": 2533, "id": "s24-t13", "whiteSpace": false}], "text": "' Whitt also claimed that the analyst had made methodological and factual errors.", "begin": 2452, "end": 2533, "id": "s24"}, {"tokens": [{"text": "Olds", "begin": 2535, "end": 2539, "id": "s25-t0", "whiteSpace": false}, {"text": "noted", "begin": 2540, "end": 2545, "id": "s25-t1", "whiteSpace": false}, {"text": "that", "begin": 2546, "end": 2550, "id": "s25-t2", "whiteSpace": false}, {"text": "the", "begin": 2551, "end": 2554, "id": "s25-t3", "whiteSpace": false}, {"text": "new", "begin": 2555, "end": 2558, "id": "s25-t4", "whiteSpace": false}, {"text": "measurement", "begin": 2559, "end": 2570, "id": "s25-t5", "whiteSpace": false}, {"text": "platform", "begin": 2571, "end": 2579, "id": "s25-t6", "whiteSpace": false}, {"text": "is", "begin": 2580, "end": 2582, "id": "s25-t7", "whiteSpace": false}, {"text": "another", "begin": 2583, "end": 2590, "id": "s25-t8", "whiteSpace": false}, {"text": "salvo", "begin": 2591, "end": 2596, "id": "s25-t9", "whiteSpace": false}, {"text": "in", "begin": 2597, "end": 2599, "id": "s25-t10", "whiteSpace": false}, {"text": "the", "begin": 2600, "end": 2603, "id": "s25-t11", "whiteSpace": false}, {"text": "war", "begin": 2604, "end": 2607, "id": "s25-t12", "whiteSpace": false}, {"text": "between", "begin": 2608, "end": 2615, "id": "s25-t13", "whiteSpace": false}, {"text": "content", "begin": 2616, "end": 2623, "id": "s25-t14", "whiteSpace": false}, {"text": "providers", "begin": 2624, "end": 2633, "id": "s25-t15", "whiteSpace": false}, {"text": ",", "begin": 2633, "end": 2634, "id": "s25-t16", "whiteSpace": false}, {"text": "like", "begin": 2635, "end": 2639, "id": "s25-t17", "whiteSpace": false}, {"text": "Google", "begin": 2640, "end": 2646, "id": "s25-t18", "whiteSpace": false}, {"text": ",", "begin": 2646, "end": 2647, "id": "s25-t19", "whiteSpace": false}, {"text": "and", "begin": 2648, "end": 2651, "id": "s25-t20", "whiteSpace": false}, {"text": "network", "begin": 2652, "end": 2659, "id": "s25-t21", "whiteSpace": false}, {"text": "providers", "begin": 2660, "end": 2669, "id": "s25-t22", "whiteSpace": false}, {"text": ".", "begin": 2669, "end": 2670, "id": "s25-t23", "whiteSpace": false}], "text": "Olds noted that the new measurement platform is another salvo in the war between content providers, like Google, and network providers.", "begin": 2535, "end": 2670, "id": "s25"}], "mentions": [], "id": "44fb68b0-4429-11e7-9888-9883892c7164-5", "name": "Technology - computerworlds.com"}