{"relations": [], "userResolved": false, "corefs": [], "language": "EN", "text": "Satoko Inoue and Tomohiro Shibata were recently wed by I-Fairy, a four-foot tall pigtailed robot made by Sanrio subsidiary Kokoro. The I-Fairy, which costs ~$70,000, was the first robot to ever conduct a wedding. Is this cute or creepy?", "docLength": 0, "typeResolved": true, "documentSet": [], "preannotation": [], "version": 3, "modifiedDate": 1496065369973, "sentences": [{"tokens": [{"text": "Satoko", "begin": 0, "end": 6, "id": "s0-t0", "whiteSpace": false}, {"text": "Inoue", "begin": 7, "end": 12, "id": "s0-t1", "whiteSpace": false}, {"text": "and", "begin": 13, "end": 16, "id": "s0-t2", "whiteSpace": false}, {"text": "Tomohiro", "begin": 17, "end": 25, "id": "s0-t3", "whiteSpace": false}, {"text": "Shibata", "begin": 26, "end": 33, "id": "s0-t4", "whiteSpace": false}, {"text": "were", "begin": 34, "end": 38, "id": "s0-t5", "whiteSpace": false}, {"text": "recently", "begin": 39, "end": 47, "id": "s0-t6", "whiteSpace": false}, {"text": "wed", "begin": 48, "end": 51, "id": "s0-t7", "whiteSpace": false}, {"text": "by", "begin": 52, "end": 54, "id": "s0-t8", "whiteSpace": false}, {"text": "I", "begin": 55, "end": 56, "id": "s0-t9", "whiteSpace": false}, {"text": "-", "begin": 56, "end": 57, "id": "s0-t10", "whiteSpace": false}, {"text": "Fairy", "begin": 57, "end": 62, "id": "s0-t11", "whiteSpace": false}, {"text": ",", "begin": 62, "end": 63, "id": "s0-t12", "whiteSpace": false}, {"text": "a", "begin": 64, "end": 65, "id": "s0-t13", "whiteSpace": false}, {"text": "four", "begin": 66, "end": 70, "id": "s0-t14", "whiteSpace": false}, {"text": "-", "begin": 70, "end": 71, "id": "s0-t15", "whiteSpace": false}, {"text": "foot", "begin": 71, "end": 75, "id": "s0-t16", "whiteSpace": false}, {"text": "tall", "begin": 76, "end": 80, "id": "s0-t17", "whiteSpace": false}, {"text": "pigtailed", "begin": 81, "end": 90, "id": "s0-t18", "whiteSpace": false}, {"text": "robot", "begin": 91, "end": 96, "id": "s0-t19", "whiteSpace": false}, {"text": "made", "begin": 97, "end": 101, "id": "s0-t20", "whiteSpace": false}, {"text": "by", "begin": 102, "end": 104, "id": "s0-t21", "whiteSpace": false}, {"text": "Sanrio", "begin": 105, "end": 111, "id": "s0-t22", "whiteSpace": false}, {"text": "subsidiary", "begin": 112, "end": 122, "id": "s0-t23", "whiteSpace": false}, {"text": "Kokoro", "begin": 123, "end": 129, "id": "s0-t24", "whiteSpace": false}, {"text": ".", "begin": 129, "end": 130, "id": "s0-t25", "whiteSpace": false}], "text": "Satoko Inoue and Tomohiro Shibata were recently wed by I-Fairy, a four-foot tall pigtailed robot made by Sanrio subsidiary Kokoro.", "begin": 0, "end": 130, "id": "s0"}, {"tokens": [{"text": "The", "begin": 131, "end": 134, "id": "s1-t0", "whiteSpace": false}, {"text": "I", "begin": 135, "end": 136, "id": "s1-t1", "whiteSpace": false}, {"text": "-", "begin": 136, "end": 137, "id": "s1-t2", "whiteSpace": false}, {"text": "Fairy", "begin": 137, "end": 142, "id": "s1-t3", "whiteSpace": false}, {"text": ",", "begin": 142, "end": 143, "id": "s1-t4", "whiteSpace": false}, {"text": "which", "begin": 144, "end": 149, "id": "s1-t5", "whiteSpace": false}, {"text": "costs", "begin": 150, "end": 155, "id": "s1-t6", "whiteSpace": false}, {"text": "~$70", "begin": 156, "end": 160, "id": "s1-t7", "whiteSpace": false}, {"text": ",", "begin": 160, "end": 161, "id": "s1-t8", "whiteSpace": false}, {"text": "000", "begin": 161, "end": 164, "id": "s1-t9", "whiteSpace": false}, {"text": ",", "begin": 164, "end": 165, "id": "s1-t10", "whiteSpace": false}, {"text": "was", "begin": 166, "end": 169, "id": "s1-t11", "whiteSpace": false}, {"text": "the", "begin": 170, "end": 173, "id": "s1-t12", "whiteSpace": false}, {"text": "first", "begin": 174, "end": 179, "id": "s1-t13", "whiteSpace": false}, {"text": "robot", "begin": 180, "end": 185, "id": "s1-t14", "whiteSpace": false}, {"text": "to", "begin": 186, "end": 188, "id": "s1-t15", "whiteSpace": false}, {"text": "ever", "begin": 189, "end": 193, "id": "s1-t16", "whiteSpace": false}, {"text": "conduct", "begin": 194, "end": 201, "id": "s1-t17", "whiteSpace": false}, {"text": "a", "begin": 202, "end": 203, "id": "s1-t18", "whiteSpace": false}, {"text": "wedding", "begin": 204, "end": 211, "id": "s1-t19", "whiteSpace": false}, {"text": ".", "begin": 211, "end": 212, "id": "s1-t20", "whiteSpace": false}], "text": "The I-Fairy, which costs ~$70,000, was the first robot to ever conduct a wedding.", "begin": 131, "end": 212, "id": "s1"}, {"tokens": [{"text": "Is", "begin": 213, "end": 215, "id": "s2-t0", "whiteSpace": false}, {"text": "this", "begin": 216, "end": 220, "id": "s2-t1", "whiteSpace": false}, {"text": "cute", "begin": 221, "end": 225, "id": "s2-t2", "whiteSpace": false}, {"text": "or", "begin": 226, "end": 228, "id": "s2-t3", "whiteSpace": false}], "text": "Is this cute or creepy?", "begin": 213, "end": 236, "id": "s2"}], "mentions": [], "id": "44fb68b0-4429-11e7-9888-9883892c7164-13", "name": "Technology - io9.com"}