{"relations": [{"args": ["s0-m1", "s0-m3"], "type": "affiliatedWith", "id": "s0-r1", "properties": {}}, {"args": ["s0-m2", "s0-m1"], "type": "productOf", "id": "s0-r2", "properties": {}}, {"args": ["s0-m3", "s0-m1"], "type": "managerOf", "id": "s0-r3", "properties": {}}, {"args": ["s0-m3", "s0-m1"], "type": "ownerOf", "id": "s0-r4", "properties": {}}, {"args": ["s3-m6", "s3-m8"], "type": "affectedBy", "id": "s3-r5", "properties": {}}, {"args": ["s3-m7", "s3-m8"], "type": "affectedBy", "id": "s3-r6", "properties": {}}, {"args": ["s3-m8", "s3-m7"], "type": "near", "id": "s3-r7", "properties": {}}, {"args": ["s3-m8", "s3-m7"], "type": "locatedAt", "id": "s3-r8", "properties": {}}, {"args": ["s0-m1", "s0-m3"], "type": "clientOf", "id": "s0-r9", "properties": {}}], "userResolved": false, "corefs": [], "language": "EN", "text": "Thanks to an apparent slip-up, Microsoft has given the world a look at its upcoming online synchronization service for Windows Mobile called My Phone. \r\rThe web site for this service is live now, but not fully functional. Still, there's enough to give a complete overview of what it will offer.\r\rFor years, business users have been able to backup their address book and calendar data with a remote server thanks to Exchange ActiveSync. Consumers, on the other hand, haven't been able to do this without paying for an additional service. My Phone will change this.\r\rHowever, this upcoming service won't offer all the features of Exchange ActiveSync. It will only synchronize calendar and contacts, not email. However, it will allow users to synchronize photos and other files, not something offered by the business software.\r\rIn addition, My Phone users will be able to go to a web site and access their personal information. They will be able to make changes and these will be reflected on their smartphone the next time they synchronize. In another difference from Exchange ActiveSync, changes won't sync immediately, but only once per day.\r\rAs Microsoft's own words:\r\rMicrosoft My Phone syncs information on your mobile phone to a storage space on a web site hosted by Microsoft. If your phone is lost or stolen, or if you upgrade to a new phone, you can easily restore the contacts, calendar appointments, photos, and other information that you stored on My Phone to a compatible new or replacement phone.\r\rMicrosoft My Phone enables you to view and manage phone information by using a web browser. In your web account, you can add, edit, and delete contacts and calendar appointments, and the changes will appear on your phone the next time that you sync.\r\rThe service is going to be free, and will be compatible with most devices running Windows Mobile 6+.\r\rThis is apparently a confirmation of the earlier rumors about 'Skybox', as the URL for My Phone is getskybox.com.\r\rAccording to unconfirmed reports, the official announcement of this service will be at the Mobile World Congress (MWC) tradeshow later this month.\r\rMicrosoft My Phone vs. Apple MobileMe\r\rMy Phone immediately draws comparisons with Apple's MobileMe service, as both offer over-the-air data synchronization to consumers, and all the data to be accessed via a web portal.\r\rThis is a 'back to the future' comparison, as when MobileMe was launched it was compared to Exchange ActiveSync. The MobileMe service might actually be a slightly closer to Microsoft's sync service for businesses, though, as it allows users synchronize their emails, too.\r\rAdditional Details\r\rAs mentioned earlier, this is not a 'push' service. Instead, My Phone will automatically synchronize information between the smartphone and the online account once a day between 11:00 pm and 5:00 am.  However, user will be able to manually initiate a sync whenever they choose.\r\rThis upcoming service will apparently allow users to synchronize the contents of the My Documents folder on their smartphone with their online account. Microsoft will provide 200 MB of free storage for this. It's not clear at this point if this will include files stored on a removable memory card.\r\rThe web site for My Phone also reveals how this service will inter-operate with other synchronization services. When the user has an active connection with Microsoft Exchange server, My Phone will not synchronize contacts, calendar appointments, or tasks. Windows Live contacts will only be synced with the Windows Live web site, not My Phone.", "docLength": 0, "typeResolved": true, "documentSet": [], "preannotation": [], "version": 3, "modifiedDate": 1496065369973, "sentences": [{"tokens": [{"text": "Thanks", "begin": 0, "end": 6, "id": "s0-t0", "whiteSpace": false}, {"text": "to", "begin": 7, "end": 9, "id": "s0-t1", "whiteSpace": false}, {"text": "an", "begin": 10, "end": 12, "id": "s0-t2", "whiteSpace": false}, {"text": "apparent", "begin": 13, "end": 21, "id": "s0-t3", "whiteSpace": false}, {"text": "slip", "begin": 22, "end": 26, "id": "s0-t4", "whiteSpace": false}, {"text": "-", "begin": 26, "end": 27, "id": "s0-t5", "whiteSpace": false}, {"text": "up", "begin": 27, "end": 29, "id": "s0-t6", "whiteSpace": false}, {"text": ",", "begin": 29, "end": 30, "id": "s0-t7", "whiteSpace": false}, {"text": "Microsoft", "begin": 31, "end": 40, "id": "s0-t8", "whiteSpace": false}, {"text": "has", "begin": 41, "end": 44, "id": "s0-t9", "whiteSpace": false}, {"text": "given", "begin": 45, "end": 50, "id": "s0-t10", "whiteSpace": false}, {"text": "the", "begin": 51, "end": 54, "id": "s0-t11", "whiteSpace": false}, {"text": "world", "begin": 55, "end": 60, "id": "s0-t12", "whiteSpace": false}, {"text": "a", "begin": 61, "end": 62, "id": "s0-t13", "whiteSpace": false}, {"text": "look", "begin": 63, "end": 67, "id": "s0-t14", "whiteSpace": false}, {"text": "at", "begin": 68, "end": 70, "id": "s0-t15", "whiteSpace": false}, {"text": "its", "begin": 71, "end": 74, "id": "s0-t16", "whiteSpace": false}, {"text": "upcoming", "begin": 75, "end": 83, "id": "s0-t17", "whiteSpace": false}, {"text": "online", "begin": 84, "end": 90, "id": "s0-t18", "whiteSpace": false}, {"text": "synchronization", "begin": 91, "end": 106, "id": "s0-t19", "whiteSpace": false}, {"text": "service", "begin": 107, "end": 114, "id": "s0-t20", "whiteSpace": false}, {"text": "for", "begin": 115, "end": 118, "id": "s0-t21", "whiteSpace": false}, {"text": "Windows", "begin": 119, "end": 126, "id": "s0-t22", "whiteSpace": false}, {"text": "Mobile", "begin": 127, "end": 133, "id": "s0-t23", "whiteSpace": false}, {"text": "called", "begin": 134, "end": 140, "id": "s0-t24", "whiteSpace": false}, {"text": "My", "begin": 141, "end": 143, "id": "s0-t25", "whiteSpace": false}, {"text": "Phone", "begin": 144, "end": 149, "id": "s0-t26", "whiteSpace": false}, {"text": ".", "begin": 149, "end": 150, "id": "s0-t27", "whiteSpace": false}], "text": "Thanks to an apparent slip-up, Microsoft has given the world a look at its upcoming online synchronization service for Windows Mobile called My Phone.", "begin": 0, "end": 150, "id": "s0"}, {"tokens": [{"text": "The", "begin": 153, "end": 156, "id": "s1-t0", "whiteSpace": false}, {"text": "web", "begin": 157, "end": 160, "id": "s1-t1", "whiteSpace": false}, {"text": "site", "begin": 161, "end": 165, "id": "s1-t2", "whiteSpace": false}, {"text": "for", "begin": 166, "end": 169, "id": "s1-t3", "whiteSpace": false}, {"text": "this", "begin": 170, "end": 174, "id": "s1-t4", "whiteSpace": false}, {"text": "service", "begin": 175, "end": 182, "id": "s1-t5", "whiteSpace": false}, {"text": "is", "begin": 183, "end": 185, "id": "s1-t6", "whiteSpace": false}, {"text": "live", "begin": 186, "end": 190, "id": "s1-t7", "whiteSpace": false}, {"text": "now", "begin": 191, "end": 194, "id": "s1-t8", "whiteSpace": false}, {"text": ",", "begin": 194, "end": 195, "id": "s1-t9", "whiteSpace": false}, {"text": "but", "begin": 196, "end": 199, "id": "s1-t10", "whiteSpace": false}, {"text": "not", "begin": 200, "end": 203, "id": "s1-t11", "whiteSpace": false}, {"text": "fully", "begin": 204, "end": 209, "id": "s1-t12", "whiteSpace": false}, {"text": "functional", "begin": 210, "end": 220, "id": "s1-t13", "whiteSpace": false}, {"text": ".", "begin": 220, "end": 221, "id": "s1-t14", "whiteSpace": false}], "text": "The web site for this service is live now, but not fully functional.", "begin": 153, "end": 221, "id": "s1"}, {"tokens": [{"text": "Still", "begin": 222, "end": 227, "id": "s2-t0", "whiteSpace": false}, {"text": ",", "begin": 227, "end": 228, "id": "s2-t1", "whiteSpace": false}, {"text": "there", "begin": 229, "end": 234, "id": "s2-t2", "whiteSpace": false}, {"text": "'s", "begin": 234, "end": 236, "id": "s2-t3", "whiteSpace": false}, {"text": "enough", "begin": 237, "end": 243, "id": "s2-t4", "whiteSpace": false}, {"text": "to", "begin": 244, "end": 246, "id": "s2-t5", "whiteSpace": false}, {"text": "give", "begin": 247, "end": 251, "id": "s2-t6", "whiteSpace": false}, {"text": "a", "begin": 252, "end": 253, "id": "s2-t7", "whiteSpace": false}, {"text": "complete", "begin": 254, "end": 262, "id": "s2-t8", "whiteSpace": false}, {"text": "overview", "begin": 263, "end": 271, "id": "s2-t9", "whiteSpace": false}, {"text": "of", "begin": 272, "end": 274, "id": "s2-t10", "whiteSpace": false}, {"text": "what", "begin": 275, "end": 279, "id": "s2-t11", "whiteSpace": false}, {"text": "it", "begin": 280, "end": 282, "id": "s2-t12", "whiteSpace": false}, {"text": "will", "begin": 283, "end": 287, "id": "s2-t13", "whiteSpace": false}, {"text": "offer", "begin": 288, "end": 293, "id": "s2-t14", "whiteSpace": false}, {"text": ".", "begin": 293, "end": 294, "id": "s2-t15", "whiteSpace": false}], "text": "Still, there's enough to give a complete overview of what it will offer.", "begin": 222, "end": 294, "id": "s2"}, {"tokens": [{"text": "For", "begin": 296, "end": 299, "id": "s3-t0", "whiteSpace": false}, {"text": "years", "begin": 300, "end": 305, "id": "s3-t1", "whiteSpace": false}, {"text": ",", "begin": 305, "end": 306, "id": "s3-t2", "whiteSpace": false}, {"text": "business", "begin": 307, "end": 315, "id": "s3-t3", "whiteSpace": false}, {"text": "users", "begin": 316, "end": 321, "id": "s3-t4", "whiteSpace": false}, {"text": "have", "begin": 322, "end": 326, "id": "s3-t5", "whiteSpace": false}, {"text": "been", "begin": 327, "end": 331, "id": "s3-t6", "whiteSpace": false}, {"text": "able", "begin": 332, "end": 336, "id": "s3-t7", "whiteSpace": false}, {"text": "to", "begin": 337, "end": 339, "id": "s3-t8", "whiteSpace": false}, {"text": "backup", "begin": 340, "end": 346, "id": "s3-t9", "whiteSpace": false}, {"text": "their", "begin": 347, "end": 352, "id": "s3-t10", "whiteSpace": false}, {"text": "address", "begin": 353, "end": 360, "id": "s3-t11", "whiteSpace": false}, {"text": "book", "begin": 361, "end": 365, "id": "s3-t12", "whiteSpace": false}, {"text": "and", "begin": 366, "end": 369, "id": "s3-t13", "whiteSpace": false}, {"text": "calendar", "begin": 370, "end": 378, "id": "s3-t14", "whiteSpace": false}, {"text": "data", "begin": 379, "end": 383, "id": "s3-t15", "whiteSpace": false}, {"text": "with", "begin": 384, "end": 388, "id": "s3-t16", "whiteSpace": false}, {"text": "a", "begin": 389, "end": 390, "id": "s3-t17", "whiteSpace": false}, {"text": "remote", "begin": 391, "end": 397, "id": "s3-t18", "whiteSpace": false}, {"text": "server", "begin": 398, "end": 404, "id": "s3-t19", "whiteSpace": false}, {"text": "thanks", "begin": 405, "end": 411, "id": "s3-t20", "whiteSpace": false}, {"text": "to", "begin": 412, "end": 414, "id": "s3-t21", "whiteSpace": false}, {"text": "Exchange", "begin": 415, "end": 423, "id": "s3-t22", "whiteSpace": false}, {"text": "ActiveSync", "begin": 424, "end": 434, "id": "s3-t23", "whiteSpace": false}, {"text": ".", "begin": 434, "end": 435, "id": "s3-t24", "whiteSpace": false}], "text": "For years, business users have been able to backup their address book and calendar data with a remote server thanks to Exchange ActiveSync.", "begin": 296, "end": 435, "id": "s3"}, {"tokens": [{"text": "Consumers", "begin": 436, "end": 445, "id": "s4-t0", "whiteSpace": false}, {"text": ",", "begin": 445, "end": 446, "id": "s4-t1", "whiteSpace": false}, {"text": "on", "begin": 447, "end": 449, "id": "s4-t2", "whiteSpace": false}, {"text": "the", "begin": 450, "end": 453, "id": "s4-t3", "whiteSpace": false}, {"text": "other", "begin": 454, "end": 459, "id": "s4-t4", "whiteSpace": false}, {"text": "hand", "begin": 460, "end": 464, "id": "s4-t5", "whiteSpace": false}, {"text": ",", "begin": 464, "end": 465, "id": "s4-t6", "whiteSpace": false}, {"text": "haven't", "begin": 466, "end": 473, "id": "s4-t7", "whiteSpace": false}, {"text": "been", "begin": 474, "end": 478, "id": "s4-t8", "whiteSpace": false}, {"text": "able", "begin": 479, "end": 483, "id": "s4-t9", "whiteSpace": false}, {"text": "to", "begin": 484, "end": 486, "id": "s4-t10", "whiteSpace": false}, {"text": "do", "begin": 487, "end": 489, "id": "s4-t11", "whiteSpace": false}, {"text": "this", "begin": 490, "end": 494, "id": "s4-t12", "whiteSpace": false}, {"text": "without", "begin": 495, "end": 502, "id": "s4-t13", "whiteSpace": false}, {"text": "paying", "begin": 503, "end": 509, "id": "s4-t14", "whiteSpace": false}, {"text": "for", "begin": 510, "end": 513, "id": "s4-t15", "whiteSpace": false}, {"text": "an", "begin": 514, "end": 516, "id": "s4-t16", "whiteSpace": false}, {"text": "additional", "begin": 517, "end": 527, "id": "s4-t17", "whiteSpace": false}, {"text": "service", "begin": 528, "end": 535, "id": "s4-t18", "whiteSpace": false}, {"text": ".", "begin": 535, "end": 536, "id": "s4-t19", "whiteSpace": false}], "text": "Consumers, on the other hand, haven't been able to do this without paying for an additional service.", "begin": 436, "end": 536, "id": "s4"}, {"tokens": [{"text": "My", "begin": 537, "end": 539, "id": "s5-t0", "whiteSpace": false}, {"text": "Phone", "begin": 540, "end": 545, "id": "s5-t1", "whiteSpace": false}, {"text": "will", "begin": 546, "end": 550, "id": "s5-t2", "whiteSpace": false}, {"text": "change", "begin": 551, "end": 557, "id": "s5-t3", "whiteSpace": false}, {"text": "this", "begin": 558, "end": 562, "id": "s5-t4", "whiteSpace": false}, {"text": ".", "begin": 562, "end": 563, "id": "s5-t5", "whiteSpace": false}], "text": "My Phone will change this.", "begin": 537, "end": 563, "id": "s5"}, {"tokens": [{"text": "However", "begin": 565, "end": 572, "id": "s6-t0", "whiteSpace": false}, {"text": ",", "begin": 572, "end": 573, "id": "s6-t1", "whiteSpace": false}, {"text": "this", "begin": 574, "end": 578, "id": "s6-t2", "whiteSpace": false}, {"text": "upcoming", "begin": 579, "end": 587, "id": "s6-t3", "whiteSpace": false}, {"text": "service", "begin": 588, "end": 595, "id": "s6-t4", "whiteSpace": false}, {"text": "won't", "begin": 596, "end": 601, "id": "s6-t5", "whiteSpace": false}, {"text": "offer", "begin": 602, "end": 607, "id": "s6-t6", "whiteSpace": false}, {"text": "all", "begin": 608, "end": 611, "id": "s6-t7", "whiteSpace": false}, {"text": "the", "begin": 612, "end": 615, "id": "s6-t8", "whiteSpace": false}, {"text": "features", "begin": 616, "end": 624, "id": "s6-t9", "whiteSpace": false}, {"text": "of", "begin": 625, "end": 627, "id": "s6-t10", "whiteSpace": false}, {"text": "Exchange", "begin": 628, "end": 636, "id": "s6-t11", "whiteSpace": false}, {"text": "ActiveSync", "begin": 637, "end": 647, "id": "s6-t12", "whiteSpace": false}, {"text": ".", "begin": 647, "end": 648, "id": "s6-t13", "whiteSpace": false}], "text": "However, this upcoming service won't offer all the features of Exchange ActiveSync.", "begin": 565, "end": 648, "id": "s6"}, {"tokens": [{"text": "It", "begin": 649, "end": 651, "id": "s7-t0", "whiteSpace": false}, {"text": "will", "begin": 652, "end": 656, "id": "s7-t1", "whiteSpace": false}, {"text": "only", "begin": 657, "end": 661, "id": "s7-t2", "whiteSpace": false}, {"text": "synchronize", "begin": 662, "end": 673, "id": "s7-t3", "whiteSpace": false}, {"text": "calendar", "begin": 674, "end": 682, "id": "s7-t4", "whiteSpace": false}, {"text": "and", "begin": 683, "end": 686, "id": "s7-t5", "whiteSpace": false}, {"text": "contacts", "begin": 687, "end": 695, "id": "s7-t6", "whiteSpace": false}, {"text": ",", "begin": 695, "end": 696, "id": "s7-t7", "whiteSpace": false}, {"text": "not", "begin": 697, "end": 700, "id": "s7-t8", "whiteSpace": false}, {"text": "email", "begin": 701, "end": 706, "id": "s7-t9", "whiteSpace": false}, {"text": ".", "begin": 706, "end": 707, "id": "s7-t10", "whiteSpace": false}], "text": "It will only synchronize calendar and contacts, not email.", "begin": 649, "end": 707, "id": "s7"}, {"tokens": [{"text": "However", "begin": 708, "end": 715, "id": "s8-t0", "whiteSpace": false}, {"text": ",", "begin": 715, "end": 716, "id": "s8-t1", "whiteSpace": false}, {"text": "it", "begin": 717, "end": 719, "id": "s8-t2", "whiteSpace": false}, {"text": "will", "begin": 720, "end": 724, "id": "s8-t3", "whiteSpace": false}, {"text": "allow", "begin": 725, "end": 730, "id": "s8-t4", "whiteSpace": false}, {"text": "users", "begin": 731, "end": 736, "id": "s8-t5", "whiteSpace": false}, {"text": "to", "begin": 737, "end": 739, "id": "s8-t6", "whiteSpace": false}, {"text": "synchronize", "begin": 740, "end": 751, "id": "s8-t7", "whiteSpace": false}, {"text": "photos", "begin": 752, "end": 758, "id": "s8-t8", "whiteSpace": false}, {"text": "and", "begin": 759, "end": 762, "id": "s8-t9", "whiteSpace": false}, {"text": "other", "begin": 763, "end": 768, "id": "s8-t10", "whiteSpace": false}, {"text": "files", "begin": 769, "end": 774, "id": "s8-t11", "whiteSpace": false}, {"text": ",", "begin": 774, "end": 775, "id": "s8-t12", "whiteSpace": false}, {"text": "not", "begin": 776, "end": 779, "id": "s8-t13", "whiteSpace": false}, {"text": "something", "begin": 780, "end": 789, "id": "s8-t14", "whiteSpace": false}, {"text": "offered", "begin": 790, "end": 797, "id": "s8-t15", "whiteSpace": false}, {"text": "by", "begin": 798, "end": 800, "id": "s8-t16", "whiteSpace": false}, {"text": "the", "begin": 801, "end": 804, "id": "s8-t17", "whiteSpace": false}, {"text": "business", "begin": 805, "end": 813, "id": "s8-t18", "whiteSpace": false}, {"text": "software", "begin": 814, "end": 822, "id": "s8-t19", "whiteSpace": false}, {"text": ".", "begin": 822, "end": 823, "id": "s8-t20", "whiteSpace": false}], "text": "However, it will allow users to synchronize photos and other files, not something offered by the business software.", "begin": 708, "end": 823, "id": "s8"}, {"tokens": [{"text": "In", "begin": 825, "end": 827, "id": "s9-t0", "whiteSpace": false}, {"text": "addition", "begin": 828, "end": 836, "id": "s9-t1", "whiteSpace": false}, {"text": ",", "begin": 836, "end": 837, "id": "s9-t2", "whiteSpace": false}, {"text": "My", "begin": 838, "end": 840, "id": "s9-t3", "whiteSpace": false}, {"text": "Phone", "begin": 841, "end": 846, "id": "s9-t4", "whiteSpace": false}, {"text": "users", "begin": 847, "end": 852, "id": "s9-t5", "whiteSpace": false}, {"text": "will", "begin": 853, "end": 857, "id": "s9-t6", "whiteSpace": false}, {"text": "be", "begin": 858, "end": 860, "id": "s9-t7", "whiteSpace": false}, {"text": "able", "begin": 861, "end": 865, "id": "s9-t8", "whiteSpace": false}, {"text": "to", "begin": 866, "end": 868, "id": "s9-t9", "whiteSpace": false}, {"text": "go", "begin": 869, "end": 871, "id": "s9-t10", "whiteSpace": false}, {"text": "to", "begin": 872, "end": 874, "id": "s9-t11", "whiteSpace": false}, {"text": "a", "begin": 875, "end": 876, "id": "s9-t12", "whiteSpace": false}, {"text": "web", "begin": 877, "end": 880, "id": "s9-t13", "whiteSpace": false}, {"text": "site", "begin": 881, "end": 885, "id": "s9-t14", "whiteSpace": false}, {"text": "and", "begin": 886, "end": 889, "id": "s9-t15", "whiteSpace": false}, {"text": "access", "begin": 890, "end": 896, "id": "s9-t16", "whiteSpace": false}, {"text": "their", "begin": 897, "end": 902, "id": "s9-t17", "whiteSpace": false}, {"text": "personal", "begin": 903, "end": 911, "id": "s9-t18", "whiteSpace": false}, {"text": "information", "begin": 912, "end": 923, "id": "s9-t19", "whiteSpace": false}, {"text": ".", "begin": 923, "end": 924, "id": "s9-t20", "whiteSpace": false}], "text": "In addition, My Phone users will be able to go to a web site and access their personal information.", "begin": 825, "end": 924, "id": "s9"}, {"tokens": [{"text": "They", "begin": 925, "end": 929, "id": "s10-t0", "whiteSpace": false}, {"text": "will", "begin": 930, "end": 934, "id": "s10-t1", "whiteSpace": false}, {"text": "be", "begin": 935, "end": 937, "id": "s10-t2", "whiteSpace": false}, {"text": "able", "begin": 938, "end": 942, "id": "s10-t3", "whiteSpace": false}, {"text": "to", "begin": 943, "end": 945, "id": "s10-t4", "whiteSpace": false}, {"text": "make", "begin": 946, "end": 950, "id": "s10-t5", "whiteSpace": false}, {"text": "changes", "begin": 951, "end": 958, "id": "s10-t6", "whiteSpace": false}, {"text": "and", "begin": 959, "end": 962, "id": "s10-t7", "whiteSpace": false}, {"text": "these", "begin": 963, "end": 968, "id": "s10-t8", "whiteSpace": false}, {"text": "will", "begin": 969, "end": 973, "id": "s10-t9", "whiteSpace": false}, {"text": "be", "begin": 974, "end": 976, "id": "s10-t10", "whiteSpace": false}, {"text": "reflected", "begin": 977, "end": 986, "id": "s10-t11", "whiteSpace": false}, {"text": "on", "begin": 987, "end": 989, "id": "s10-t12", "whiteSpace": false}, {"text": "their", "begin": 990, "end": 995, "id": "s10-t13", "whiteSpace": false}, {"text": "smartphone", "begin": 996, "end": 1006, "id": "s10-t14", "whiteSpace": false}, {"text": "the", "begin": 1007, "end": 1010, "id": "s10-t15", "whiteSpace": false}, {"text": "next", "begin": 1011, "end": 1015, "id": "s10-t16", "whiteSpace": false}, {"text": "time", "begin": 1016, "end": 1020, "id": "s10-t17", "whiteSpace": false}, {"text": "they", "begin": 1021, "end": 1025, "id": "s10-t18", "whiteSpace": false}, {"text": "synchronize", "begin": 1026, "end": 1037, "id": "s10-t19", "whiteSpace": false}, {"text": ".", "begin": 1037, "end": 1038, "id": "s10-t20", "whiteSpace": false}], "text": "They will be able to make changes and these will be reflected on their smartphone the next time they synchronize.", "begin": 925, "end": 1038, "id": "s10"}, {"tokens": [{"text": "In", "begin": 1039, "end": 1041, "id": "s11-t0", "whiteSpace": false}, {"text": "another", "begin": 1042, "end": 1049, "id": "s11-t1", "whiteSpace": false}, {"text": "difference", "begin": 1050, "end": 1060, "id": "s11-t2", "whiteSpace": false}, {"text": "from", "begin": 1061, "end": 1065, "id": "s11-t3", "whiteSpace": false}, {"text": "Exchange", "begin": 1066, "end": 1074, "id": "s11-t4", "whiteSpace": false}, {"text": "ActiveSync", "begin": 1075, "end": 1085, "id": "s11-t5", "whiteSpace": false}, {"text": ",", "begin": 1085, "end": 1086, "id": "s11-t6", "whiteSpace": false}, {"text": "changes", "begin": 1087, "end": 1094, "id": "s11-t7", "whiteSpace": false}, {"text": "won't", "begin": 1095, "end": 1100, "id": "s11-t8", "whiteSpace": false}, {"text": "sync", "begin": 1101, "end": 1105, "id": "s11-t9", "whiteSpace": false}, {"text": "immediately", "begin": 1106, "end": 1117, "id": "s11-t10", "whiteSpace": false}, {"text": ",", "begin": 1117, "end": 1118, "id": "s11-t11", "whiteSpace": false}, {"text": "but", "begin": 1119, "end": 1122, "id": "s11-t12", "whiteSpace": false}, {"text": "only", "begin": 1123, "end": 1127, "id": "s11-t13", "whiteSpace": false}, {"text": "once", "begin": 1128, "end": 1132, "id": "s11-t14", "whiteSpace": false}, {"text": "per", "begin": 1133, "end": 1136, "id": "s11-t15", "whiteSpace": false}, {"text": "day", "begin": 1137, "end": 1140, "id": "s11-t16", "whiteSpace": false}, {"text": ".", "begin": 1140, "end": 1141, "id": "s11-t17", "whiteSpace": false}], "text": "In another difference from Exchange ActiveSync, changes won't sync immediately, but only once per day.", "begin": 1039, "end": 1141, "id": "s11"}, {"tokens": [{"text": "As", "begin": 1143, "end": 1145, "id": "s12-t0", "whiteSpace": false}, {"text": "Microsoft", "begin": 1146, "end": 1155, "id": "s12-t1", "whiteSpace": false}, {"text": "'s", "begin": 1155, "end": 1157, "id": "s12-t2", "whiteSpace": false}, {"text": "own", "begin": 1158, "end": 1161, "id": "s12-t3", "whiteSpace": false}], "text": "As Microsoft's own words:", "begin": 1143, "end": 1168, "id": "s12"}, {"tokens": [{"text": "Microsoft", "begin": 1170, "end": 1179, "id": "s13-t0", "whiteSpace": false}, {"text": "My", "begin": 1180, "end": 1182, "id": "s13-t1", "whiteSpace": false}, {"text": "Phone", "begin": 1183, "end": 1188, "id": "s13-t2", "whiteSpace": false}, {"text": "syncs", "begin": 1189, "end": 1194, "id": "s13-t3", "whiteSpace": false}, {"text": "information", "begin": 1195, "end": 1206, "id": "s13-t4", "whiteSpace": false}, {"text": "on", "begin": 1207, "end": 1209, "id": "s13-t5", "whiteSpace": false}, {"text": "your", "begin": 1210, "end": 1214, "id": "s13-t6", "whiteSpace": false}, {"text": "mobile", "begin": 1215, "end": 1221, "id": "s13-t7", "whiteSpace": false}, {"text": "phone", "begin": 1222, "end": 1227, "id": "s13-t8", "whiteSpace": false}, {"text": "to", "begin": 1228, "end": 1230, "id": "s13-t9", "whiteSpace": false}, {"text": "a", "begin": 1231, "end": 1232, "id": "s13-t10", "whiteSpace": false}, {"text": "storage", "begin": 1233, "end": 1240, "id": "s13-t11", "whiteSpace": false}, {"text": "space", "begin": 1241, "end": 1246, "id": "s13-t12", "whiteSpace": false}, {"text": "on", "begin": 1247, "end": 1249, "id": "s13-t13", "whiteSpace": false}, {"text": "a", "begin": 1250, "end": 1251, "id": "s13-t14", "whiteSpace": false}, {"text": "web", "begin": 1252, "end": 1255, "id": "s13-t15", "whiteSpace": false}, {"text": "site", "begin": 1256, "end": 1260, "id": "s13-t16", "whiteSpace": false}, {"text": "hosted", "begin": 1261, "end": 1267, "id": "s13-t17", "whiteSpace": false}, {"text": "by", "begin": 1268, "end": 1270, "id": "s13-t18", "whiteSpace": false}, {"text": "Microsoft", "begin": 1271, "end": 1280, "id": "s13-t19", "whiteSpace": false}, {"text": ".", "begin": 1280, "end": 1281, "id": "s13-t20", "whiteSpace": false}], "text": "Microsoft My Phone syncs information on your mobile phone to a storage space on a web site hosted by Microsoft.", "begin": 1170, "end": 1281, "id": "s13"}, {"tokens": [{"text": "If", "begin": 1282, "end": 1284, "id": "s14-t0", "whiteSpace": false}, {"text": "your", "begin": 1285, "end": 1289, "id": "s14-t1", "whiteSpace": false}, {"text": "phone", "begin": 1290, "end": 1295, "id": "s14-t2", "whiteSpace": false}, {"text": "is", "begin": 1296, "end": 1298, "id": "s14-t3", "whiteSpace": false}, {"text": "lost", "begin": 1299, "end": 1303, "id": "s14-t4", "whiteSpace": false}, {"text": "or", "begin": 1304, "end": 1306, "id": "s14-t5", "whiteSpace": false}, {"text": "stolen", "begin": 1307, "end": 1313, "id": "s14-t6", "whiteSpace": false}, {"text": ",", "begin": 1313, "end": 1314, "id": "s14-t7", "whiteSpace": false}, {"text": "or", "begin": 1315, "end": 1317, "id": "s14-t8", "whiteSpace": false}, {"text": "if", "begin": 1318, "end": 1320, "id": "s14-t9", "whiteSpace": false}, {"text": "you", "begin": 1321, "end": 1324, "id": "s14-t10", "whiteSpace": false}, {"text": "upgrade", "begin": 1325, "end": 1332, "id": "s14-t11", "whiteSpace": false}, {"text": "to", "begin": 1333, "end": 1335, "id": "s14-t12", "whiteSpace": false}, {"text": "a", "begin": 1336, "end": 1337, "id": "s14-t13", "whiteSpace": false}, {"text": "new", "begin": 1338, "end": 1341, "id": "s14-t14", "whiteSpace": false}, {"text": "phone", "begin": 1342, "end": 1347, "id": "s14-t15", "whiteSpace": false}, {"text": ",", "begin": 1347, "end": 1348, "id": "s14-t16", "whiteSpace": false}, {"text": "you", "begin": 1349, "end": 1352, "id": "s14-t17", "whiteSpace": false}, {"text": "can", "begin": 1353, "end": 1356, "id": "s14-t18", "whiteSpace": false}, {"text": "easily", "begin": 1357, "end": 1363, "id": "s14-t19", "whiteSpace": false}, {"text": "restore", "begin": 1364, "end": 1371, "id": "s14-t20", "whiteSpace": false}, {"text": "the", "begin": 1372, "end": 1375, "id": "s14-t21", "whiteSpace": false}, {"text": "contacts", "begin": 1376, "end": 1384, "id": "s14-t22", "whiteSpace": false}, {"text": ",", "begin": 1384, "end": 1385, "id": "s14-t23", "whiteSpace": false}, {"text": "calendar", "begin": 1386, "end": 1394, "id": "s14-t24", "whiteSpace": false}, {"text": "appointments", "begin": 1395, "end": 1407, "id": "s14-t25", "whiteSpace": false}, {"text": ",", "begin": 1407, "end": 1408, "id": "s14-t26", "whiteSpace": false}, {"text": "photos", "begin": 1409, "end": 1415, "id": "s14-t27", "whiteSpace": false}, {"text": ",", "begin": 1415, "end": 1416, "id": "s14-t28", "whiteSpace": false}, {"text": "and", "begin": 1417, "end": 1420, "id": "s14-t29", "whiteSpace": false}, {"text": "other", "begin": 1421, "end": 1426, "id": "s14-t30", "whiteSpace": false}, {"text": "information", "begin": 1427, "end": 1438, "id": "s14-t31", "whiteSpace": false}, {"text": "that", "begin": 1439, "end": 1443, "id": "s14-t32", "whiteSpace": false}, {"text": "you", "begin": 1444, "end": 1447, "id": "s14-t33", "whiteSpace": false}, {"text": "stored", "begin": 1448, "end": 1454, "id": "s14-t34", "whiteSpace": false}, {"text": "on", "begin": 1455, "end": 1457, "id": "s14-t35", "whiteSpace": false}, {"text": "My", "begin": 1458, "end": 1460, "id": "s14-t36", "whiteSpace": false}, {"text": "Phone", "begin": 1461, "end": 1466, "id": "s14-t37", "whiteSpace": false}, {"text": "to", "begin": 1467, "end": 1469, "id": "s14-t38", "whiteSpace": false}, {"text": "a", "begin": 1470, "end": 1471, "id": "s14-t39", "whiteSpace": false}, {"text": "compatible", "begin": 1472, "end": 1482, "id": "s14-t40", "whiteSpace": false}, {"text": "new", "begin": 1483, "end": 1486, "id": "s14-t41", "whiteSpace": false}, {"text": "or", "begin": 1487, "end": 1489, "id": "s14-t42", "whiteSpace": false}, {"text": "replacement", "begin": 1490, "end": 1501, "id": "s14-t43", "whiteSpace": false}, {"text": "phone", "begin": 1502, "end": 1507, "id": "s14-t44", "whiteSpace": false}, {"text": ".", "begin": 1507, "end": 1508, "id": "s14-t45", "whiteSpace": false}], "text": "If your phone is lost or stolen, or if you upgrade to a new phone, you can easily restore the contacts, calendar appointments, photos, and other information that you stored on My Phone to a compatible new or replacement phone.", "begin": 1282, "end": 1508, "id": "s14"}, {"tokens": [{"text": "Microsoft", "begin": 1510, "end": 1519, "id": "s15-t0", "whiteSpace": false}, {"text": "My", "begin": 1520, "end": 1522, "id": "s15-t1", "whiteSpace": false}, {"text": "Phone", "begin": 1523, "end": 1528, "id": "s15-t2", "whiteSpace": false}, {"text": "enables", "begin": 1529, "end": 1536, "id": "s15-t3", "whiteSpace": false}, {"text": "you", "begin": 1537, "end": 1540, "id": "s15-t4", "whiteSpace": false}, {"text": "to", "begin": 1541, "end": 1543, "id": "s15-t5", "whiteSpace": false}, {"text": "view", "begin": 1544, "end": 1548, "id": "s15-t6", "whiteSpace": false}, {"text": "and", "begin": 1549, "end": 1552, "id": "s15-t7", "whiteSpace": false}, {"text": "manage", "begin": 1553, "end": 1559, "id": "s15-t8", "whiteSpace": false}, {"text": "phone", "begin": 1560, "end": 1565, "id": "s15-t9", "whiteSpace": false}, {"text": "information", "begin": 1566, "end": 1577, "id": "s15-t10", "whiteSpace": false}, {"text": "by", "begin": 1578, "end": 1580, "id": "s15-t11", "whiteSpace": false}, {"text": "using", "begin": 1581, "end": 1586, "id": "s15-t12", "whiteSpace": false}, {"text": "a", "begin": 1587, "end": 1588, "id": "s15-t13", "whiteSpace": false}, {"text": "web", "begin": 1589, "end": 1592, "id": "s15-t14", "whiteSpace": false}, {"text": "browser", "begin": 1593, "end": 1600, "id": "s15-t15", "whiteSpace": false}, {"text": ".", "begin": 1600, "end": 1601, "id": "s15-t16", "whiteSpace": false}], "text": "Microsoft My Phone enables you to view and manage phone information by using a web browser.", "begin": 1510, "end": 1601, "id": "s15"}, {"tokens": [{"text": "In", "begin": 1602, "end": 1604, "id": "s16-t0", "whiteSpace": false}, {"text": "your", "begin": 1605, "end": 1609, "id": "s16-t1", "whiteSpace": false}, {"text": "web", "begin": 1610, "end": 1613, "id": "s16-t2", "whiteSpace": false}, {"text": "account", "begin": 1614, "end": 1621, "id": "s16-t3", "whiteSpace": false}, {"text": ",", "begin": 1621, "end": 1622, "id": "s16-t4", "whiteSpace": false}, {"text": "you", "begin": 1623, "end": 1626, "id": "s16-t5", "whiteSpace": false}, {"text": "can", "begin": 1627, "end": 1630, "id": "s16-t6", "whiteSpace": false}, {"text": "add", "begin": 1631, "end": 1634, "id": "s16-t7", "whiteSpace": false}, {"text": ",", "begin": 1634, "end": 1635, "id": "s16-t8", "whiteSpace": false}, {"text": "edit", "begin": 1636, "end": 1640, "id": "s16-t9", "whiteSpace": false}, {"text": ",", "begin": 1640, "end": 1641, "id": "s16-t10", "whiteSpace": false}, {"text": "and", "begin": 1642, "end": 1645, "id": "s16-t11", "whiteSpace": false}, {"text": "delete", "begin": 1646, "end": 1652, "id": "s16-t12", "whiteSpace": false}, {"text": "contacts", "begin": 1653, "end": 1661, "id": "s16-t13", "whiteSpace": false}, {"text": "and", "begin": 1662, "end": 1665, "id": "s16-t14", "whiteSpace": false}, {"text": "calendar", "begin": 1666, "end": 1674, "id": "s16-t15", "whiteSpace": false}, {"text": "appointments", "begin": 1675, "end": 1687, "id": "s16-t16", "whiteSpace": false}, {"text": ",", "begin": 1687, "end": 1688, "id": "s16-t17", "whiteSpace": false}, {"text": "and", "begin": 1689, "end": 1692, "id": "s16-t18", "whiteSpace": false}, {"text": "the", "begin": 1693, "end": 1696, "id": "s16-t19", "whiteSpace": false}, {"text": "changes", "begin": 1697, "end": 1704, "id": "s16-t20", "whiteSpace": false}, {"text": "will", "begin": 1705, "end": 1709, "id": "s16-t21", "whiteSpace": false}, {"text": "appear", "begin": 1710, "end": 1716, "id": "s16-t22", "whiteSpace": false}, {"text": "on", "begin": 1717, "end": 1719, "id": "s16-t23", "whiteSpace": false}, {"text": "your", "begin": 1720, "end": 1724, "id": "s16-t24", "whiteSpace": false}, {"text": "phone", "begin": 1725, "end": 1730, "id": "s16-t25", "whiteSpace": false}, {"text": "the", "begin": 1731, "end": 1734, "id": "s16-t26", "whiteSpace": false}, {"text": "next", "begin": 1735, "end": 1739, "id": "s16-t27", "whiteSpace": false}, {"text": "time", "begin": 1740, "end": 1744, "id": "s16-t28", "whiteSpace": false}, {"text": "that", "begin": 1745, "end": 1749, "id": "s16-t29", "whiteSpace": false}, {"text": "you", "begin": 1750, "end": 1753, "id": "s16-t30", "whiteSpace": false}, {"text": "sync", "begin": 1754, "end": 1758, "id": "s16-t31", "whiteSpace": false}, {"text": ".", "begin": 1758, "end": 1759, "id": "s16-t32", "whiteSpace": false}], "text": "In your web account, you can add, edit, and delete contacts and calendar appointments, and the changes will appear on your phone the next time that you sync.", "begin": 1602, "end": 1759, "id": "s16"}, {"tokens": [{"text": "The", "begin": 1761, "end": 1764, "id": "s17-t0", "whiteSpace": false}, {"text": "service", "begin": 1765, "end": 1772, "id": "s17-t1", "whiteSpace": false}, {"text": "is", "begin": 1773, "end": 1775, "id": "s17-t2", "whiteSpace": false}, {"text": "going", "begin": 1776, "end": 1781, "id": "s17-t3", "whiteSpace": false}, {"text": "to", "begin": 1782, "end": 1784, "id": "s17-t4", "whiteSpace": false}, {"text": "be", "begin": 1785, "end": 1787, "id": "s17-t5", "whiteSpace": false}, {"text": "free", "begin": 1788, "end": 1792, "id": "s17-t6", "whiteSpace": false}, {"text": ",", "begin": 1792, "end": 1793, "id": "s17-t7", "whiteSpace": false}, {"text": "and", "begin": 1794, "end": 1797, "id": "s17-t8", "whiteSpace": false}, {"text": "will", "begin": 1798, "end": 1802, "id": "s17-t9", "whiteSpace": false}, {"text": "be", "begin": 1803, "end": 1805, "id": "s17-t10", "whiteSpace": false}, {"text": "compatible", "begin": 1806, "end": 1816, "id": "s17-t11", "whiteSpace": false}, {"text": "with", "begin": 1817, "end": 1821, "id": "s17-t12", "whiteSpace": false}, {"text": "most", "begin": 1822, "end": 1826, "id": "s17-t13", "whiteSpace": false}, {"text": "devices", "begin": 1827, "end": 1834, "id": "s17-t14", "whiteSpace": false}, {"text": "running", "begin": 1835, "end": 1842, "id": "s17-t15", "whiteSpace": false}, {"text": "Windows", "begin": 1843, "end": 1850, "id": "s17-t16", "whiteSpace": false}, {"text": "Mobile", "begin": 1851, "end": 1857, "id": "s17-t17", "whiteSpace": false}, {"text": "6+", "begin": 1858, "end": 1860, "id": "s17-t18", "whiteSpace": false}, {"text": ".", "begin": 1860, "end": 1861, "id": "s17-t19", "whiteSpace": false}], "text": "The service is going to be free, and will be compatible with most devices running Windows Mobile 6+.", "begin": 1761, "end": 1861, "id": "s17"}, {"tokens": [{"text": "This", "begin": 1863, "end": 1867, "id": "s18-t0", "whiteSpace": false}, {"text": "is", "begin": 1868, "end": 1870, "id": "s18-t1", "whiteSpace": false}, {"text": "apparently", "begin": 1871, "end": 1881, "id": "s18-t2", "whiteSpace": false}, {"text": "a", "begin": 1882, "end": 1883, "id": "s18-t3", "whiteSpace": false}, {"text": "confirmation", "begin": 1884, "end": 1896, "id": "s18-t4", "whiteSpace": false}, {"text": "of", "begin": 1897, "end": 1899, "id": "s18-t5", "whiteSpace": false}, {"text": "the", "begin": 1900, "end": 1903, "id": "s18-t6", "whiteSpace": false}, {"text": "earlier", "begin": 1904, "end": 1911, "id": "s18-t7", "whiteSpace": false}, {"text": "rumors", "begin": 1912, "end": 1918, "id": "s18-t8", "whiteSpace": false}, {"text": "about", "begin": 1919, "end": 1924, "id": "s18-t9", "whiteSpace": false}, {"text": "'Skybox'", "begin": 1925, "end": 1933, "id": "s18-t10", "whiteSpace": false}, {"text": ",", "begin": 1933, "end": 1934, "id": "s18-t11", "whiteSpace": false}, {"text": "as", "begin": 1935, "end": 1937, "id": "s18-t12", "whiteSpace": false}, {"text": "the", "begin": 1938, "end": 1941, "id": "s18-t13", "whiteSpace": false}, {"text": "URL", "begin": 1942, "end": 1945, "id": "s18-t14", "whiteSpace": false}, {"text": "for", "begin": 1946, "end": 1949, "id": "s18-t15", "whiteSpace": false}, {"text": "My", "begin": 1950, "end": 1952, "id": "s18-t16", "whiteSpace": false}, {"text": "Phone", "begin": 1953, "end": 1958, "id": "s18-t17", "whiteSpace": false}, {"text": "is", "begin": 1959, "end": 1961, "id": "s18-t18", "whiteSpace": false}, {"text": "getskybox", "begin": 1962, "end": 1971, "id": "s18-t19", "whiteSpace": false}, {"text": ".", "begin": 1971, "end": 1972, "id": "s18-t20", "whiteSpace": false}], "text": "This is apparently a confirmation of the earlier rumors about 'Skybox', as the URL for My Phone is getskybox.", "begin": 1863, "end": 1972, "id": "s18"}, {"tokens": [{"text": "com", "begin": 1972, "end": 1975, "id": "s19-t0", "whiteSpace": false}, {"text": ".", "begin": 1975, "end": 1976, "id": "s19-t1", "whiteSpace": false}], "text": "com.", "begin": 1972, "end": 1976, "id": "s19"}, {"tokens": [{"text": "According", "begin": 1978, "end": 1987, "id": "s20-t0", "whiteSpace": false}, {"text": "to", "begin": 1988, "end": 1990, "id": "s20-t1", "whiteSpace": false}, {"text": "unconfirmed", "begin": 1991, "end": 2002, "id": "s20-t2", "whiteSpace": false}, {"text": "reports", "begin": 2003, "end": 2010, "id": "s20-t3", "whiteSpace": false}, {"text": ",", "begin": 2010, "end": 2011, "id": "s20-t4", "whiteSpace": false}, {"text": "the", "begin": 2012, "end": 2015, "id": "s20-t5", "whiteSpace": false}, {"text": "official", "begin": 2016, "end": 2024, "id": "s20-t6", "whiteSpace": false}, {"text": "announcement", "begin": 2025, "end": 2037, "id": "s20-t7", "whiteSpace": false}, {"text": "of", "begin": 2038, "end": 2040, "id": "s20-t8", "whiteSpace": false}, {"text": "this", "begin": 2041, "end": 2045, "id": "s20-t9", "whiteSpace": false}, {"text": "service", "begin": 2046, "end": 2053, "id": "s20-t10", "whiteSpace": false}, {"text": "will", "begin": 2054, "end": 2058, "id": "s20-t11", "whiteSpace": false}, {"text": "be", "begin": 2059, "end": 2061, "id": "s20-t12", "whiteSpace": false}, {"text": "at", "begin": 2062, "end": 2064, "id": "s20-t13", "whiteSpace": false}, {"text": "the", "begin": 2065, "end": 2068, "id": "s20-t14", "whiteSpace": false}, {"text": "Mobile", "begin": 2069, "end": 2075, "id": "s20-t15", "whiteSpace": false}, {"text": "World", "begin": 2076, "end": 2081, "id": "s20-t16", "whiteSpace": false}, {"text": "Congress", "begin": 2082, "end": 2090, "id": "s20-t17", "whiteSpace": false}, {"text": "(MWC)", "begin": 2091, "end": 2096, "id": "s20-t18", "whiteSpace": false}, {"text": "tradeshow", "begin": 2097, "end": 2106, "id": "s20-t19", "whiteSpace": false}, {"text": "later", "begin": 2107, "end": 2112, "id": "s20-t20", "whiteSpace": false}, {"text": "this", "begin": 2113, "end": 2117, "id": "s20-t21", "whiteSpace": false}, {"text": "month", "begin": 2118, "end": 2123, "id": "s20-t22", "whiteSpace": false}, {"text": ".", "begin": 2123, "end": 2124, "id": "s20-t23", "whiteSpace": false}], "text": "According to unconfirmed reports, the official announcement of this service will be at the Mobile World Congress (MWC) tradeshow later this month.", "begin": 1978, "end": 2124, "id": "s20"}, {"tokens": [{"text": "Microsoft", "begin": 2126, "end": 2135, "id": "s21-t0", "whiteSpace": false}, {"text": "My", "begin": 2136, "end": 2138, "id": "s21-t1", "whiteSpace": false}, {"text": "Phone", "begin": 2139, "end": 2144, "id": "s21-t2", "whiteSpace": false}, {"text": "vs", "begin": 2145, "end": 2147, "id": "s21-t3", "whiteSpace": false}, {"text": ".", "begin": 2147, "end": 2148, "id": "s21-t4", "whiteSpace": false}], "text": "Microsoft My Phone vs.", "begin": 2126, "end": 2148, "id": "s21"}, {"tokens": [{"text": "Apple", "begin": 2149, "end": 2154, "id": "s22-t0", "whiteSpace": false}], "text": "Apple MobileMe", "begin": 2149, "end": 2163, "id": "s22"}, {"tokens": [{"text": "My", "begin": 2165, "end": 2167, "id": "s23-t0", "whiteSpace": false}, {"text": "Phone", "begin": 2168, "end": 2173, "id": "s23-t1", "whiteSpace": false}, {"text": "immediately", "begin": 2174, "end": 2185, "id": "s23-t2", "whiteSpace": false}, {"text": "draws", "begin": 2186, "end": 2191, "id": "s23-t3", "whiteSpace": false}, {"text": "comparisons", "begin": 2192, "end": 2203, "id": "s23-t4", "whiteSpace": false}, {"text": "with", "begin": 2204, "end": 2208, "id": "s23-t5", "whiteSpace": false}, {"text": "Apple", "begin": 2209, "end": 2214, "id": "s23-t6", "whiteSpace": false}, {"text": "'s", "begin": 2214, "end": 2216, "id": "s23-t7", "whiteSpace": false}, {"text": "MobileMe", "begin": 2217, "end": 2225, "id": "s23-t8", "whiteSpace": false}, {"text": "service", "begin": 2226, "end": 2233, "id": "s23-t9", "whiteSpace": false}, {"text": ",", "begin": 2233, "end": 2234, "id": "s23-t10", "whiteSpace": false}, {"text": "as", "begin": 2235, "end": 2237, "id": "s23-t11", "whiteSpace": false}, {"text": "both", "begin": 2238, "end": 2242, "id": "s23-t12", "whiteSpace": false}, {"text": "offer", "begin": 2243, "end": 2248, "id": "s23-t13", "whiteSpace": false}, {"text": "over", "begin": 2249, "end": 2253, "id": "s23-t14", "whiteSpace": false}, {"text": "-", "begin": 2253, "end": 2254, "id": "s23-t15", "whiteSpace": false}, {"text": "the", "begin": 2254, "end": 2257, "id": "s23-t16", "whiteSpace": false}, {"text": "-", "begin": 2257, "end": 2258, "id": "s23-t17", "whiteSpace": false}, {"text": "air", "begin": 2258, "end": 2261, "id": "s23-t18", "whiteSpace": false}, {"text": "data", "begin": 2262, "end": 2266, "id": "s23-t19", "whiteSpace": false}, {"text": "synchronization", "begin": 2267, "end": 2282, "id": "s23-t20", "whiteSpace": false}, {"text": "to", "begin": 2283, "end": 2285, "id": "s23-t21", "whiteSpace": false}, {"text": "consumers", "begin": 2286, "end": 2295, "id": "s23-t22", "whiteSpace": false}, {"text": ",", "begin": 2295, "end": 2296, "id": "s23-t23", "whiteSpace": false}, {"text": "and", "begin": 2297, "end": 2300, "id": "s23-t24", "whiteSpace": false}, {"text": "all", "begin": 2301, "end": 2304, "id": "s23-t25", "whiteSpace": false}, {"text": "the", "begin": 2305, "end": 2308, "id": "s23-t26", "whiteSpace": false}, {"text": "data", "begin": 2309, "end": 2313, "id": "s23-t27", "whiteSpace": false}, {"text": "to", "begin": 2314, "end": 2316, "id": "s23-t28", "whiteSpace": false}, {"text": "be", "begin": 2317, "end": 2319, "id": "s23-t29", "whiteSpace": false}, {"text": "accessed", "begin": 2320, "end": 2328, "id": "s23-t30", "whiteSpace": false}, {"text": "via", "begin": 2329, "end": 2332, "id": "s23-t31", "whiteSpace": false}, {"text": "a", "begin": 2333, "end": 2334, "id": "s23-t32", "whiteSpace": false}, {"text": "web", "begin": 2335, "end": 2338, "id": "s23-t33", "whiteSpace": false}, {"text": "portal", "begin": 2339, "end": 2345, "id": "s23-t34", "whiteSpace": false}, {"text": ".", "begin": 2345, "end": 2346, "id": "s23-t35", "whiteSpace": false}], "text": "My Phone immediately draws comparisons with Apple's MobileMe service, as both offer over-the-air data synchronization to consumers, and all the data to be accessed via a web portal.", "begin": 2165, "end": 2346, "id": "s23"}, {"tokens": [{"text": "This", "begin": 2348, "end": 2352, "id": "s24-t0", "whiteSpace": false}, {"text": "is", "begin": 2353, "end": 2355, "id": "s24-t1", "whiteSpace": false}, {"text": "a", "begin": 2356, "end": 2357, "id": "s24-t2", "whiteSpace": false}, {"text": "'back", "begin": 2358, "end": 2363, "id": "s24-t3", "whiteSpace": false}, {"text": "to", "begin": 2364, "end": 2366, "id": "s24-t4", "whiteSpace": false}, {"text": "the", "begin": 2367, "end": 2370, "id": "s24-t5", "whiteSpace": false}, {"text": "future'", "begin": 2371, "end": 2378, "id": "s24-t6", "whiteSpace": false}, {"text": "comparison", "begin": 2379, "end": 2389, "id": "s24-t7", "whiteSpace": false}, {"text": ",", "begin": 2389, "end": 2390, "id": "s24-t8", "whiteSpace": false}, {"text": "as", "begin": 2391, "end": 2393, "id": "s24-t9", "whiteSpace": false}, {"text": "when", "begin": 2394, "end": 2398, "id": "s24-t10", "whiteSpace": false}, {"text": "MobileMe", "begin": 2399, "end": 2407, "id": "s24-t11", "whiteSpace": false}, {"text": "was", "begin": 2408, "end": 2411, "id": "s24-t12", "whiteSpace": false}, {"text": "launched", "begin": 2412, "end": 2420, "id": "s24-t13", "whiteSpace": false}, {"text": "it", "begin": 2421, "end": 2423, "id": "s24-t14", "whiteSpace": false}, {"text": "was", "begin": 2424, "end": 2427, "id": "s24-t15", "whiteSpace": false}, {"text": "compared", "begin": 2428, "end": 2436, "id": "s24-t16", "whiteSpace": false}, {"text": "to", "begin": 2437, "end": 2439, "id": "s24-t17", "whiteSpace": false}, {"text": "Exchange", "begin": 2440, "end": 2448, "id": "s24-t18", "whiteSpace": false}, {"text": "ActiveSync", "begin": 2449, "end": 2459, "id": "s24-t19", "whiteSpace": false}, {"text": ".", "begin": 2459, "end": 2460, "id": "s24-t20", "whiteSpace": false}], "text": "This is a 'back to the future' comparison, as when MobileMe was launched it was compared to Exchange ActiveSync.", "begin": 2348, "end": 2460, "id": "s24"}, {"tokens": [{"text": "The", "begin": 2461, "end": 2464, "id": "s25-t0", "whiteSpace": false}, {"text": "MobileMe", "begin": 2465, "end": 2473, "id": "s25-t1", "whiteSpace": false}, {"text": "service", "begin": 2474, "end": 2481, "id": "s25-t2", "whiteSpace": false}, {"text": "might", "begin": 2482, "end": 2487, "id": "s25-t3", "whiteSpace": false}, {"text": "actually", "begin": 2488, "end": 2496, "id": "s25-t4", "whiteSpace": false}, {"text": "be", "begin": 2497, "end": 2499, "id": "s25-t5", "whiteSpace": false}, {"text": "a", "begin": 2500, "end": 2501, "id": "s25-t6", "whiteSpace": false}, {"text": "slightly", "begin": 2502, "end": 2510, "id": "s25-t7", "whiteSpace": false}, {"text": "closer", "begin": 2511, "end": 2517, "id": "s25-t8", "whiteSpace": false}, {"text": "to", "begin": 2518, "end": 2520, "id": "s25-t9", "whiteSpace": false}, {"text": "Microsoft", "begin": 2521, "end": 2530, "id": "s25-t10", "whiteSpace": false}, {"text": "'s", "begin": 2530, "end": 2532, "id": "s25-t11", "whiteSpace": false}, {"text": "sync", "begin": 2533, "end": 2537, "id": "s25-t12", "whiteSpace": false}, {"text": "service", "begin": 2538, "end": 2545, "id": "s25-t13", "whiteSpace": false}, {"text": "for", "begin": 2546, "end": 2549, "id": "s25-t14", "whiteSpace": false}, {"text": "businesses", "begin": 2550, "end": 2560, "id": "s25-t15", "whiteSpace": false}, {"text": ",", "begin": 2560, "end": 2561, "id": "s25-t16", "whiteSpace": false}, {"text": "though", "begin": 2562, "end": 2568, "id": "s25-t17", "whiteSpace": false}, {"text": ",", "begin": 2568, "end": 2569, "id": "s25-t18", "whiteSpace": false}, {"text": "as", "begin": 2570, "end": 2572, "id": "s25-t19", "whiteSpace": false}, {"text": "it", "begin": 2573, "end": 2575, "id": "s25-t20", "whiteSpace": false}, {"text": "allows", "begin": 2576, "end": 2582, "id": "s25-t21", "whiteSpace": false}, {"text": "users", "begin": 2583, "end": 2588, "id": "s25-t22", "whiteSpace": false}, {"text": "synchronize", "begin": 2589, "end": 2600, "id": "s25-t23", "whiteSpace": false}, {"text": "their", "begin": 2601, "end": 2606, "id": "s25-t24", "whiteSpace": false}, {"text": "emails", "begin": 2607, "end": 2613, "id": "s25-t25", "whiteSpace": false}, {"text": ",", "begin": 2613, "end": 2614, "id": "s25-t26", "whiteSpace": false}, {"text": "too", "begin": 2615, "end": 2618, "id": "s25-t27", "whiteSpace": false}, {"text": ".", "begin": 2618, "end": 2619, "id": "s25-t28", "whiteSpace": false}], "text": "The MobileMe service might actually be a slightly closer to Microsoft's sync service for businesses, though, as it allows users synchronize their emails, too.", "begin": 2461, "end": 2619, "id": "s25"}, {"tokens": [{"text": "Additional", "begin": 2621, "end": 2631, "id": "s26-t0", "whiteSpace": false}], "text": "Additional Details", "begin": 2621, "end": 2639, "id": "s26"}, {"tokens": [{"text": "As", "begin": 2641, "end": 2643, "id": "s27-t0", "whiteSpace": false}, {"text": "mentioned", "begin": 2644, "end": 2653, "id": "s27-t1", "whiteSpace": false}, {"text": "earlier", "begin": 2654, "end": 2661, "id": "s27-t2", "whiteSpace": false}, {"text": ",", "begin": 2661, "end": 2662, "id": "s27-t3", "whiteSpace": false}, {"text": "this", "begin": 2663, "end": 2667, "id": "s27-t4", "whiteSpace": false}, {"text": "is", "begin": 2668, "end": 2670, "id": "s27-t5", "whiteSpace": false}, {"text": "not", "begin": 2671, "end": 2674, "id": "s27-t6", "whiteSpace": false}, {"text": "a", "begin": 2675, "end": 2676, "id": "s27-t7", "whiteSpace": false}, {"text": "'push'", "begin": 2677, "end": 2683, "id": "s27-t8", "whiteSpace": false}, {"text": "service", "begin": 2684, "end": 2691, "id": "s27-t9", "whiteSpace": false}, {"text": ".", "begin": 2691, "end": 2692, "id": "s27-t10", "whiteSpace": false}], "text": "As mentioned earlier, this is not a 'push' service.", "begin": 2641, "end": 2692, "id": "s27"}, {"tokens": [{"text": "Instead", "begin": 2693, "end": 2700, "id": "s28-t0", "whiteSpace": false}, {"text": ",", "begin": 2700, "end": 2701, "id": "s28-t1", "whiteSpace": false}, {"text": "My", "begin": 2702, "end": 2704, "id": "s28-t2", "whiteSpace": false}, {"text": "Phone", "begin": 2705, "end": 2710, "id": "s28-t3", "whiteSpace": false}, {"text": "will", "begin": 2711, "end": 2715, "id": "s28-t4", "whiteSpace": false}, {"text": "automatically", "begin": 2716, "end": 2729, "id": "s28-t5", "whiteSpace": false}, {"text": "synchronize", "begin": 2730, "end": 2741, "id": "s28-t6", "whiteSpace": false}, {"text": "information", "begin": 2742, "end": 2753, "id": "s28-t7", "whiteSpace": false}, {"text": "between", "begin": 2754, "end": 2761, "id": "s28-t8", "whiteSpace": false}, {"text": "the", "begin": 2762, "end": 2765, "id": "s28-t9", "whiteSpace": false}, {"text": "smartphone", "begin": 2766, "end": 2776, "id": "s28-t10", "whiteSpace": false}, {"text": "and", "begin": 2777, "end": 2780, "id": "s28-t11", "whiteSpace": false}, {"text": "the", "begin": 2781, "end": 2784, "id": "s28-t12", "whiteSpace": false}, {"text": "online", "begin": 2785, "end": 2791, "id": "s28-t13", "whiteSpace": false}, {"text": "account", "begin": 2792, "end": 2799, "id": "s28-t14", "whiteSpace": false}, {"text": "once", "begin": 2800, "end": 2804, "id": "s28-t15", "whiteSpace": false}, {"text": "a", "begin": 2805, "end": 2806, "id": "s28-t16", "whiteSpace": false}, {"text": "day", "begin": 2807, "end": 2810, "id": "s28-t17", "whiteSpace": false}, {"text": "between", "begin": 2811, "end": 2818, "id": "s28-t18", "whiteSpace": false}, {"text": "11:00", "begin": 2819, "end": 2824, "id": "s28-t19", "whiteSpace": false}, {"text": "pm", "begin": 2825, "end": 2827, "id": "s28-t20", "whiteSpace": false}, {"text": "and", "begin": 2828, "end": 2831, "id": "s28-t21", "whiteSpace": false}, {"text": "5:00", "begin": 2832, "end": 2836, "id": "s28-t22", "whiteSpace": false}, {"text": "am", "begin": 2837, "end": 2839, "id": "s28-t23", "whiteSpace": false}, {"text": ".", "begin": 2839, "end": 2840, "id": "s28-t24", "whiteSpace": false}], "text": "Instead, My Phone will automatically synchronize information between the smartphone and the online account once a day between 11:00 pm and 5:00 am.", "begin": 2693, "end": 2840, "id": "s28"}, {"tokens": [{"text": "However", "begin": 2842, "end": 2849, "id": "s29-t0", "whiteSpace": false}, {"text": ",", "begin": 2849, "end": 2850, "id": "s29-t1", "whiteSpace": false}, {"text": "user", "begin": 2851, "end": 2855, "id": "s29-t2", "whiteSpace": false}, {"text": "will", "begin": 2856, "end": 2860, "id": "s29-t3", "whiteSpace": false}, {"text": "be", "begin": 2861, "end": 2863, "id": "s29-t4", "whiteSpace": false}, {"text": "able", "begin": 2864, "end": 2868, "id": "s29-t5", "whiteSpace": false}, {"text": "to", "begin": 2869, "end": 2871, "id": "s29-t6", "whiteSpace": false}, {"text": "manually", "begin": 2872, "end": 2880, "id": "s29-t7", "whiteSpace": false}, {"text": "initiate", "begin": 2881, "end": 2889, "id": "s29-t8", "whiteSpace": false}, {"text": "a", "begin": 2890, "end": 2891, "id": "s29-t9", "whiteSpace": false}, {"text": "sync", "begin": 2892, "end": 2896, "id": "s29-t10", "whiteSpace": false}, {"text": "whenever", "begin": 2897, "end": 2905, "id": "s29-t11", "whiteSpace": false}, {"text": "they", "begin": 2906, "end": 2910, "id": "s29-t12", "whiteSpace": false}, {"text": "choose", "begin": 2911, "end": 2917, "id": "s29-t13", "whiteSpace": false}, {"text": ".", "begin": 2917, "end": 2918, "id": "s29-t14", "whiteSpace": false}], "text": "However, user will be able to manually initiate a sync whenever they choose.", "begin": 2842, "end": 2918, "id": "s29"}, {"tokens": [{"text": "This", "begin": 2920, "end": 2924, "id": "s30-t0", "whiteSpace": false}, {"text": "upcoming", "begin": 2925, "end": 2933, "id": "s30-t1", "whiteSpace": false}, {"text": "service", "begin": 2934, "end": 2941, "id": "s30-t2", "whiteSpace": false}, {"text": "will", "begin": 2942, "end": 2946, "id": "s30-t3", "whiteSpace": false}, {"text": "apparently", "begin": 2947, "end": 2957, "id": "s30-t4", "whiteSpace": false}, {"text": "allow", "begin": 2958, "end": 2963, "id": "s30-t5", "whiteSpace": false}, {"text": "users", "begin": 2964, "end": 2969, "id": "s30-t6", "whiteSpace": false}, {"text": "to", "begin": 2970, "end": 2972, "id": "s30-t7", "whiteSpace": false}, {"text": "synchronize", "begin": 2973, "end": 2984, "id": "s30-t8", "whiteSpace": false}, {"text": "the", "begin": 2985, "end": 2988, "id": "s30-t9", "whiteSpace": false}, {"text": "contents", "begin": 2989, "end": 2997, "id": "s30-t10", "whiteSpace": false}, {"text": "of", "begin": 2998, "end": 3000, "id": "s30-t11", "whiteSpace": false}, {"text": "the", "begin": 3001, "end": 3004, "id": "s30-t12", "whiteSpace": false}, {"text": "My", "begin": 3005, "end": 3007, "id": "s30-t13", "whiteSpace": false}, {"text": "Documents", "begin": 3008, "end": 3017, "id": "s30-t14", "whiteSpace": false}, {"text": "folder", "begin": 3018, "end": 3024, "id": "s30-t15", "whiteSpace": false}, {"text": "on", "begin": 3025, "end": 3027, "id": "s30-t16", "whiteSpace": false}, {"text": "their", "begin": 3028, "end": 3033, "id": "s30-t17", "whiteSpace": false}, {"text": "smartphone", "begin": 3034, "end": 3044, "id": "s30-t18", "whiteSpace": false}, {"text": "with", "begin": 3045, "end": 3049, "id": "s30-t19", "whiteSpace": false}, {"text": "their", "begin": 3050, "end": 3055, "id": "s30-t20", "whiteSpace": false}, {"text": "online", "begin": 3056, "end": 3062, "id": "s30-t21", "whiteSpace": false}, {"text": "account", "begin": 3063, "end": 3070, "id": "s30-t22", "whiteSpace": false}, {"text": ".", "begin": 3070, "end": 3071, "id": "s30-t23", "whiteSpace": false}], "text": "This upcoming service will apparently allow users to synchronize the contents of the My Documents folder on their smartphone with their online account.", "begin": 2920, "end": 3071, "id": "s30"}, {"tokens": [{"text": "Microsoft", "begin": 3072, "end": 3081, "id": "s31-t0", "whiteSpace": false}, {"text": "will", "begin": 3082, "end": 3086, "id": "s31-t1", "whiteSpace": false}, {"text": "provide", "begin": 3087, "end": 3094, "id": "s31-t2", "whiteSpace": false}, {"text": "200", "begin": 3095, "end": 3098, "id": "s31-t3", "whiteSpace": false}, {"text": "MB", "begin": 3099, "end": 3101, "id": "s31-t4", "whiteSpace": false}, {"text": "of", "begin": 3102, "end": 3104, "id": "s31-t5", "whiteSpace": false}, {"text": "free", "begin": 3105, "end": 3109, "id": "s31-t6", "whiteSpace": false}, {"text": "storage", "begin": 3110, "end": 3117, "id": "s31-t7", "whiteSpace": false}, {"text": "for", "begin": 3118, "end": 3121, "id": "s31-t8", "whiteSpace": false}, {"text": "this", "begin": 3122, "end": 3126, "id": "s31-t9", "whiteSpace": false}, {"text": ".", "begin": 3126, "end": 3127, "id": "s31-t10", "whiteSpace": false}], "text": "Microsoft will provide 200 MB of free storage for this.", "begin": 3072, "end": 3127, "id": "s31"}, {"tokens": [{"text": "It", "begin": 3128, "end": 3130, "id": "s32-t0", "whiteSpace": false}, {"text": "'s", "begin": 3130, "end": 3132, "id": "s32-t1", "whiteSpace": false}, {"text": "not", "begin": 3133, "end": 3136, "id": "s32-t2", "whiteSpace": false}, {"text": "clear", "begin": 3137, "end": 3142, "id": "s32-t3", "whiteSpace": false}, {"text": "at", "begin": 3143, "end": 3145, "id": "s32-t4", "whiteSpace": false}, {"text": "this", "begin": 3146, "end": 3150, "id": "s32-t5", "whiteSpace": false}, {"text": "point", "begin": 3151, "end": 3156, "id": "s32-t6", "whiteSpace": false}, {"text": "if", "begin": 3157, "end": 3159, "id": "s32-t7", "whiteSpace": false}, {"text": "this", "begin": 3160, "end": 3164, "id": "s32-t8", "whiteSpace": false}, {"text": "will", "begin": 3165, "end": 3169, "id": "s32-t9", "whiteSpace": false}, {"text": "include", "begin": 3170, "end": 3177, "id": "s32-t10", "whiteSpace": false}, {"text": "files", "begin": 3178, "end": 3183, "id": "s32-t11", "whiteSpace": false}, {"text": "stored", "begin": 3184, "end": 3190, "id": "s32-t12", "whiteSpace": false}, {"text": "on", "begin": 3191, "end": 3193, "id": "s32-t13", "whiteSpace": false}, {"text": "a", "begin": 3194, "end": 3195, "id": "s32-t14", "whiteSpace": false}, {"text": "removable", "begin": 3196, "end": 3205, "id": "s32-t15", "whiteSpace": false}, {"text": "memory", "begin": 3206, "end": 3212, "id": "s32-t16", "whiteSpace": false}, {"text": "card", "begin": 3213, "end": 3217, "id": "s32-t17", "whiteSpace": false}, {"text": ".", "begin": 3217, "end": 3218, "id": "s32-t18", "whiteSpace": false}], "text": "It's not clear at this point if this will include files stored on a removable memory card.", "begin": 3128, "end": 3218, "id": "s32"}, {"tokens": [{"text": "The", "begin": 3220, "end": 3223, "id": "s33-t0", "whiteSpace": false}, {"text": "web", "begin": 3224, "end": 3227, "id": "s33-t1", "whiteSpace": false}, {"text": "site", "begin": 3228, "end": 3232, "id": "s33-t2", "whiteSpace": false}, {"text": "for", "begin": 3233, "end": 3236, "id": "s33-t3", "whiteSpace": false}, {"text": "My", "begin": 3237, "end": 3239, "id": "s33-t4", "whiteSpace": false}, {"text": "Phone", "begin": 3240, "end": 3245, "id": "s33-t5", "whiteSpace": false}, {"text": "also", "begin": 3246, "end": 3250, "id": "s33-t6", "whiteSpace": false}, {"text": "reveals", "begin": 3251, "end": 3258, "id": "s33-t7", "whiteSpace": false}, {"text": "how", "begin": 3259, "end": 3262, "id": "s33-t8", "whiteSpace": false}, {"text": "this", "begin": 3263, "end": 3267, "id": "s33-t9", "whiteSpace": false}, {"text": "service", "begin": 3268, "end": 3275, "id": "s33-t10", "whiteSpace": false}, {"text": "will", "begin": 3276, "end": 3280, "id": "s33-t11", "whiteSpace": false}, {"text": "inter", "begin": 3281, "end": 3286, "id": "s33-t12", "whiteSpace": false}, {"text": "-", "begin": 3286, "end": 3287, "id": "s33-t13", "whiteSpace": false}, {"text": "operate", "begin": 3287, "end": 3294, "id": "s33-t14", "whiteSpace": false}, {"text": "with", "begin": 3295, "end": 3299, "id": "s33-t15", "whiteSpace": false}, {"text": "other", "begin": 3300, "end": 3305, "id": "s33-t16", "whiteSpace": false}, {"text": "synchronization", "begin": 3306, "end": 3321, "id": "s33-t17", "whiteSpace": false}, {"text": "services", "begin": 3322, "end": 3330, "id": "s33-t18", "whiteSpace": false}, {"text": ".", "begin": 3330, "end": 3331, "id": "s33-t19", "whiteSpace": false}], "text": "The web site for My Phone also reveals how this service will inter-operate with other synchronization services.", "begin": 3220, "end": 3331, "id": "s33"}, {"tokens": [{"text": "When", "begin": 3332, "end": 3336, "id": "s34-t0", "whiteSpace": false}, {"text": "the", "begin": 3337, "end": 3340, "id": "s34-t1", "whiteSpace": false}, {"text": "user", "begin": 3341, "end": 3345, "id": "s34-t2", "whiteSpace": false}, {"text": "has", "begin": 3346, "end": 3349, "id": "s34-t3", "whiteSpace": false}, {"text": "an", "begin": 3350, "end": 3352, "id": "s34-t4", "whiteSpace": false}, {"text": "active", "begin": 3353, "end": 3359, "id": "s34-t5", "whiteSpace": false}, {"text": "connection", "begin": 3360, "end": 3370, "id": "s34-t6", "whiteSpace": false}, {"text": "with", "begin": 3371, "end": 3375, "id": "s34-t7", "whiteSpace": false}, {"text": "Microsoft", "begin": 3376, "end": 3385, "id": "s34-t8", "whiteSpace": false}, {"text": "Exchange", "begin": 3386, "end": 3394, "id": "s34-t9", "whiteSpace": false}, {"text": "server", "begin": 3395, "end": 3401, "id": "s34-t10", "whiteSpace": false}, {"text": ",", "begin": 3401, "end": 3402, "id": "s34-t11", "whiteSpace": false}, {"text": "My", "begin": 3403, "end": 3405, "id": "s34-t12", "whiteSpace": false}, {"text": "Phone", "begin": 3406, "end": 3411, "id": "s34-t13", "whiteSpace": false}, {"text": "will", "begin": 3412, "end": 3416, "id": "s34-t14", "whiteSpace": false}, {"text": "not", "begin": 3417, "end": 3420, "id": "s34-t15", "whiteSpace": false}, {"text": "synchronize", "begin": 3421, "end": 3432, "id": "s34-t16", "whiteSpace": false}, {"text": "contacts", "begin": 3433, "end": 3441, "id": "s34-t17", "whiteSpace": false}, {"text": ",", "begin": 3441, "end": 3442, "id": "s34-t18", "whiteSpace": false}, {"text": "calendar", "begin": 3443, "end": 3451, "id": "s34-t19", "whiteSpace": false}, {"text": "appointments", "begin": 3452, "end": 3464, "id": "s34-t20", "whiteSpace": false}, {"text": ",", "begin": 3464, "end": 3465, "id": "s34-t21", "whiteSpace": false}, {"text": "or", "begin": 3466, "end": 3468, "id": "s34-t22", "whiteSpace": false}, {"text": "tasks", "begin": 3469, "end": 3474, "id": "s34-t23", "whiteSpace": false}, {"text": ".", "begin": 3474, "end": 3475, "id": "s34-t24", "whiteSpace": false}], "text": "When the user has an active connection with Microsoft Exchange server, My Phone will not synchronize contacts, calendar appointments, or tasks.", "begin": 3332, "end": 3475, "id": "s34"}, {"tokens": [{"text": "Windows", "begin": 3476, "end": 3483, "id": "s35-t0", "whiteSpace": false}, {"text": "Live", "begin": 3484, "end": 3488, "id": "s35-t1", "whiteSpace": false}, {"text": "contacts", "begin": 3489, "end": 3497, "id": "s35-t2", "whiteSpace": false}, {"text": "will", "begin": 3498, "end": 3502, "id": "s35-t3", "whiteSpace": false}, {"text": "only", "begin": 3503, "end": 3507, "id": "s35-t4", "whiteSpace": false}, {"text": "be", "begin": 3508, "end": 3510, "id": "s35-t5", "whiteSpace": false}, {"text": "synced", "begin": 3511, "end": 3517, "id": "s35-t6", "whiteSpace": false}, {"text": "with", "begin": 3518, "end": 3522, "id": "s35-t7", "whiteSpace": false}, {"text": "the", "begin": 3523, "end": 3526, "id": "s35-t8", "whiteSpace": false}, {"text": "Windows", "begin": 3527, "end": 3534, "id": "s35-t9", "whiteSpace": false}, {"text": "Live", "begin": 3535, "end": 3539, "id": "s35-t10", "whiteSpace": false}, {"text": "web", "begin": 3540, "end": 3543, "id": "s35-t11", "whiteSpace": false}, {"text": "site", "begin": 3544, "end": 3548, "id": "s35-t12", "whiteSpace": false}, {"text": ",", "begin": 3548, "end": 3549, "id": "s35-t13", "whiteSpace": false}, {"text": "not", "begin": 3550, "end": 3553, "id": "s35-t14", "whiteSpace": false}, {"text": "My", "begin": 3554, "end": 3556, "id": "s35-t15", "whiteSpace": false}, {"text": "Phone", "begin": 3557, "end": 3562, "id": "s35-t16", "whiteSpace": false}, {"text": ".", "begin": 3562, "end": 3563, "id": "s35-t17", "whiteSpace": false}], "text": "Windows Live contacts will only be synced with the Windows Live web site, not My Phone.", "begin": 3476, "end": 3563, "id": "s35"}], "mentions": [{"begin": 31, "end": 40, "inCoref": false, "properties": {"SIRE_ENTITY_SUBTYPE": "NONE", "SIRE_MENTION_TYPE": "NONE", "SIRE_MENTION_CLASS": "NONE", "SIRE_MENTION_ROLE": "NONE"}, "type": "ORGANIZATION", "id": "s0-m1"}, {"begin": 119, "end": 126, "inCoref": false, "properties": {"SIRE_ENTITY_SUBTYPE": "NONE", "SIRE_MENTION_TYPE": "NONE", "SIRE_MENTION_CLASS": "NONE", "SIRE_MENTION_ROLE": "NONE"}, "type": "PRODUCT", "id": "s0-m2"}, {"begin": 55, "end": 60, "inCoref": false, "properties": {"SIRE_ENTITY_SUBTYPE": "NONE", "SIRE_MENTION_TYPE": "NONE", "SIRE_MENTION_CLASS": "NONE", "SIRE_MENTION_ROLE": "NONE"}, "type": "PEOPLE", "id": "s0-m3"}, {"begin": 157, "end": 160, "inCoref": false, "properties": {"SIRE_ENTITY_SUBTYPE": "NONE", "SIRE_MENTION_TYPE": "NONE", "SIRE_MENTION_CLASS": "NONE", "SIRE_MENTION_ROLE": "NONE"}, "type": "WEB", "id": "s1-m4"}, {"begin": 175, "end": 182, "inCoref": false, "properties": {"SIRE_ENTITY_SUBTYPE": "NONE", "SIRE_MENTION_TYPE": "NONE", "SIRE_MENTION_CLASS": "NONE", "SIRE_MENTION_ROLE": "NONE"}, "type": "PRODUCT", "id": "s1-m5"}, {"begin": 307, "end": 315, "inCoref": false, "properties": {"SIRE_ENTITY_SUBTYPE": "NONE", "SIRE_MENTION_TYPE": "NONE", "SIRE_MENTION_CLASS": "NONE", "SIRE_MENTION_ROLE": "NONE"}, "type": "WEB", "id": "s3-m6"}, {"begin": 327, "end": 331, "inCoref": false, "properties": {"SIRE_ENTITY_SUBTYPE": "NONE", "SIRE_MENTION_TYPE": "NONE", "SIRE_MENTION_CLASS": "NONE", "SIRE_MENTION_ROLE": "NONE"}, "type": "FACILITY", "id": "s3-m7"}, {"begin": 340, "end": 346, "inCoref": false, "properties": {"SIRE_ENTITY_SUBTYPE": "NONE", "SIRE_MENTION_TYPE": "NONE", "SIRE_MENTION_CLASS": "NONE", "SIRE_MENTION_ROLE": "NONE"}, "type": "EVENT", "id": "s3-m8"}], "id": "44fb68b0-4429-11e7-9888-9883892c7164-1", "name": "Technology - brighthand.com"}