[ {
  "id" : "id-all",
  "name" : "All",
  "documents" : [ "d50741c4-37d4-11e7-915e-02429bdaaeaf-1", "d50741c4-37d4-11e7-915e-02429bdaaeaf-2" ],
  "count" : 2,
  "type" : "ALL",
  "modifiedDate" : 0
}, {
  "id" : "d50741c4-37d4-11e7-915e-02429bdaaeaf",
  "name" : "documents-reduced.csv",
  "documents" : [ "d50741c4-37d4-11e7-915e-02429bdaaeaf-1", "d50741c4-37d4-11e7-915e-02429bdaaeaf-2" ],
  "count" : 2,
  "type" : "SOURCE",
  "modifiedDate" : 1494709690470
}, {
  "id" : "be702490-37dd-11e7-a3f1-776101951b06",
  "name" : "set1",
  "documents" : [ "d50741c4-37d4-11e7-915e-02429bdaaeaf-1", "d50741c4-37d4-11e7-915e-02429bdaaeaf-2" ],
  "count" : 2,
  "type" : "ASSIGNMENT",
  "annotator" : "chazzy1@gmail.com",
  "modifiedDate" : 1494681118041
} ]