{
  "id" : "d50741c4-37d4-11e7-915e-02429bdaaeaf-2",
  "name" : "Technology - businessweek.com",
  "version" : 3,
  "text" : "Vekiarides was previously general manager of HP's storage virtualization business, and most recently vice president of product strategy and technology at Incipient, where he worked on a storage virtualization technology embedded in the Cisco switch fabric. Vekiarides founded TwinStrata with CTO John Bates, who was previously a distinguished technologist with HP's storage division and an executive at Incipient.",
  "docLength" : 0,
  "language" : "EN",
  "status" : "SUBMITTED",
  "modifiedDate" : 1494709690470,
  "documentSet" : [ ],
  "preannotation" : [ ],
  "sentences" : [ {
    "id" : "s0",
    "begin" : 0,
    "end" : 256,
    "text" : "Vekiarides was previously general manager of HP's storage virtualization business, and most recently vice president of product strategy and technology at Incipient, where he worked on a storage virtualization technology embedded in the Cisco switch fabric.",
    "tokens" : [ {
      "id" : "s0-t0",
      "begin" : 0,
      "end" : 10,
      "text" : "Vekiarides",
      "whiteSpace" : false
    }, {
      "id" : "s0-t1",
      "begin" : 11,
      "end" : 14,
      "text" : "was",
      "whiteSpace" : false
    }, {
      "id" : "s0-t2",
      "begin" : 15,
      "end" : 25,
      "text" : "previously",
      "whiteSpace" : false
    }, {
      "id" : "s0-t3",
      "begin" : 26,
      "end" : 33,
      "text" : "general",
      "whiteSpace" : false
    }, {
      "id" : "s0-t4",
      "begin" : 34,
      "end" : 41,
      "text" : "manager",
      "whiteSpace" : false
    }, {
      "id" : "s0-t5",
      "begin" : 42,
      "end" : 44,
      "text" : "of",
      "whiteSpace" : false
    }, {
      "id" : "s0-t6",
      "begin" : 45,
      "end" : 47,
      "text" : "HP",
      "whiteSpace" : false
    }, {
      "id" : "s0-t7",
      "begin" : 47,
      "end" : 49,
      "text" : "'s",
      "whiteSpace" : false
    }, {
      "id" : "s0-t8",
      "begin" : 50,
      "end" : 57,
      "text" : "storage",
      "whiteSpace" : false
    }, {
      "id" : "s0-t9",
      "begin" : 58,
      "end" : 72,
      "text" : "virtualization",
      "whiteSpace" : false
    }, {
      "id" : "s0-t10",
      "begin" : 73,
      "end" : 81,
      "text" : "business",
      "whiteSpace" : false
    }, {
      "id" : "s0-t11",
      "begin" : 81,
      "end" : 82,
      "text" : ",",
      "whiteSpace" : false
    }, {
      "id" : "s0-t12",
      "begin" : 83,
      "end" : 86,
      "text" : "and",
      "whiteSpace" : false
    }, {
      "id" : "s0-t13",
      "begin" : 87,
      "end" : 91,
      "text" : "most",
      "whiteSpace" : false
    }, {
      "id" : "s0-t14",
      "begin" : 92,
      "end" : 100,
      "text" : "recently",
      "whiteSpace" : false
    }, {
      "id" : "s0-t15",
      "begin" : 101,
      "end" : 105,
      "text" : "vice",
      "whiteSpace" : false
    }, {
      "id" : "s0-t16",
      "begin" : 106,
      "end" : 115,
      "text" : "president",
      "whiteSpace" : false
    }, {
      "id" : "s0-t17",
      "begin" : 116,
      "end" : 118,
      "text" : "of",
      "whiteSpace" : false
    }, {
      "id" : "s0-t18",
      "begin" : 119,
      "end" : 126,
      "text" : "product",
      "whiteSpace" : false
    }, {
      "id" : "s0-t19",
      "begin" : 127,
      "end" : 135,
      "text" : "strategy",
      "whiteSpace" : false
    }, {
      "id" : "s0-t20",
      "begin" : 136,
      "end" : 139,
      "text" : "and",
      "whiteSpace" : false
    }, {
      "id" : "s0-t21",
      "begin" : 140,
      "end" : 150,
      "text" : "technology",
      "whiteSpace" : false
    }, {
      "id" : "s0-t22",
      "begin" : 151,
      "end" : 153,
      "text" : "at",
      "whiteSpace" : false
    }, {
      "id" : "s0-t23",
      "begin" : 154,
      "end" : 163,
      "text" : "Incipient",
      "whiteSpace" : false
    }, {
      "id" : "s0-t24",
      "begin" : 163,
      "end" : 164,
      "text" : ",",
      "whiteSpace" : false
    }, {
      "id" : "s0-t25",
      "begin" : 165,
      "end" : 170,
      "text" : "where",
      "whiteSpace" : false
    }, {
      "id" : "s0-t26",
      "begin" : 171,
      "end" : 173,
      "text" : "he",
      "whiteSpace" : false
    }, {
      "id" : "s0-t27",
      "begin" : 174,
      "end" : 180,
      "text" : "worked",
      "whiteSpace" : false
    }, {
      "id" : "s0-t28",
      "begin" : 181,
      "end" : 183,
      "text" : "on",
      "whiteSpace" : false
    }, {
      "id" : "s0-t29",
      "begin" : 184,
      "end" : 185,
      "text" : "a",
      "whiteSpace" : false
    }, {
      "id" : "s0-t30",
      "begin" : 186,
      "end" : 193,
      "text" : "storage",
      "whiteSpace" : false
    }, {
      "id" : "s0-t31",
      "begin" : 194,
      "end" : 208,
      "text" : "virtualization",
      "whiteSpace" : false
    }, {
      "id" : "s0-t32",
      "begin" : 209,
      "end" : 219,
      "text" : "technology",
      "whiteSpace" : false
    }, {
      "id" : "s0-t33",
      "begin" : 220,
      "end" : 228,
      "text" : "embedded",
      "whiteSpace" : false
    }, {
      "id" : "s0-t34",
      "begin" : 229,
      "end" : 231,
      "text" : "in",
      "whiteSpace" : false
    }, {
      "id" : "s0-t35",
      "begin" : 232,
      "end" : 235,
      "text" : "the",
      "whiteSpace" : false
    }, {
      "id" : "s0-t36",
      "begin" : 236,
      "end" : 241,
      "text" : "Cisco",
      "whiteSpace" : false
    }, {
      "id" : "s0-t37",
      "begin" : 242,
      "end" : 248,
      "text" : "switch",
      "whiteSpace" : false
    }, {
      "id" : "s0-t38",
      "begin" : 249,
      "end" : 255,
      "text" : "fabric",
      "whiteSpace" : false
    }, {
      "id" : "s0-t39",
      "begin" : 255,
      "end" : 256,
      "text" : ".",
      "whiteSpace" : false
    } ]
  }, {
    "id" : "s1",
    "begin" : 257,
    "end" : 413,
    "text" : "Vekiarides founded TwinStrata with CTO John Bates, who was previously a distinguished technologist with HP's storage division and an executive at Incipient.",
    "tokens" : [ {
      "id" : "s1-t0",
      "begin" : 257,
      "end" : 267,
      "text" : "Vekiarides",
      "whiteSpace" : false
    }, {
      "id" : "s1-t1",
      "begin" : 268,
      "end" : 275,
      "text" : "founded",
      "whiteSpace" : false
    }, {
      "id" : "s1-t2",
      "begin" : 276,
      "end" : 286,
      "text" : "TwinStrata",
      "whiteSpace" : false
    }, {
      "id" : "s1-t3",
      "begin" : 287,
      "end" : 291,
      "text" : "with",
      "whiteSpace" : false
    }, {
      "id" : "s1-t4",
      "begin" : 292,
      "end" : 295,
      "text" : "CTO",
      "whiteSpace" : false
    }, {
      "id" : "s1-t5",
      "begin" : 296,
      "end" : 300,
      "text" : "John",
      "whiteSpace" : false
    }, {
      "id" : "s1-t6",
      "begin" : 301,
      "end" : 306,
      "text" : "Bates",
      "whiteSpace" : false
    }, {
      "id" : "s1-t7",
      "begin" : 306,
      "end" : 307,
      "text" : ",",
      "whiteSpace" : false
    }, {
      "id" : "s1-t8",
      "begin" : 308,
      "end" : 311,
      "text" : "who",
      "whiteSpace" : false
    }, {
      "id" : "s1-t9",
      "begin" : 312,
      "end" : 315,
      "text" : "was",
      "whiteSpace" : false
    }, {
      "id" : "s1-t10",
      "begin" : 316,
      "end" : 326,
      "text" : "previously",
      "whiteSpace" : false
    }, {
      "id" : "s1-t11",
      "begin" : 327,
      "end" : 328,
      "text" : "a",
      "whiteSpace" : false
    }, {
      "id" : "s1-t12",
      "begin" : 329,
      "end" : 342,
      "text" : "distinguished",
      "whiteSpace" : false
    }, {
      "id" : "s1-t13",
      "begin" : 343,
      "end" : 355,
      "text" : "technologist",
      "whiteSpace" : false
    }, {
      "id" : "s1-t14",
      "begin" : 356,
      "end" : 360,
      "text" : "with",
      "whiteSpace" : false
    }, {
      "id" : "s1-t15",
      "begin" : 361,
      "end" : 363,
      "text" : "HP",
      "whiteSpace" : false
    }, {
      "id" : "s1-t16",
      "begin" : 363,
      "end" : 365,
      "text" : "'s",
      "whiteSpace" : false
    }, {
      "id" : "s1-t17",
      "begin" : 366,
      "end" : 373,
      "text" : "storage",
      "whiteSpace" : false
    }, {
      "id" : "s1-t18",
      "begin" : 374,
      "end" : 382,
      "text" : "division",
      "whiteSpace" : false
    }, {
      "id" : "s1-t19",
      "begin" : 383,
      "end" : 386,
      "text" : "and",
      "whiteSpace" : false
    }, {
      "id" : "s1-t20",
      "begin" : 387,
      "end" : 389,
      "text" : "an",
      "whiteSpace" : false
    }, {
      "id" : "s1-t21",
      "begin" : 390,
      "end" : 399,
      "text" : "executive",
      "whiteSpace" : false
    }, {
      "id" : "s1-t22",
      "begin" : 400,
      "end" : 402,
      "text" : "at",
      "whiteSpace" : false
    }, {
      "id" : "s1-t23",
      "begin" : 403,
      "end" : 412,
      "text" : "Incipient",
      "whiteSpace" : false
    }, {
      "id" : "s1-t24",
      "begin" : 412,
      "end" : 413,
      "text" : ".",
      "whiteSpace" : false
    } ]
  } ],
  "mentions" : [ ],
  "relations" : [ ],
  "corefs" : [ ],
  "typeResolved" : true,
  "userResolved" : false
}