{"relations": [], "userResolved": false, "corefs": [], "language": "EN", "text": "LAS VEGAS '  Microsoft Corp.'s next version of the Windows operating system is almost ready for prime time. That's one message Chief Executive Steve Ballmer delivered on the eve of the official opening of the International Consumer Electronics Show.\r\rThe world's largest software maker also disclosed deals to make its Live Search programs the default search engines on more personal computers and mobile phones.\r\rAnd it announced a new version of its Ford Sync in-car technology that folds in the voice-operated directory service TellMe, which Microsoft bought in 2007.\r\rFor years, the opening keynote at CES belonged to Microsoft Chairman Bill Gates, whose status as industry pioneer justified the sweeping visions of the future he'd build into his speech.\r\rGates passed the mantle on when he stepped down from day-to-day operations at Microsoft last summer, and Wednesday marked Ballmer's first time making the high-profile address.\r\r'It feels like we've entered a period of reduced expectations, a time when we may be tempted to temper our optimism and scale back our ambitions,' Ballmer said, in a nod to the recession. 'But no matter what happens with the economy or how long this recession lasts, I believe our digital lives will only continue to get richer.'\r\rBallmer said Microsoft would continue to invest more in research and development than its technology peers.\r\rThe CEO announced that a nearly final 'beta' test version of Windows 7 will be available Friday for regular PC users to download and tinker with.\r\rThe new operating system which could be available for purchase on PCs within a year uses much of the same underlying technology as its predecessor, the much-maligned Vista.\r\rBut Windows 7 aims to resolve many problems PC users had with Vista. For instance, Microsoft pledges to make it easier to install peripheral devices and to have the software pump out fewer annoying warnings and notifications.\r\rBallmer also", "docLength": 0, "typeResolved": true, "documentSet": [], "preannotation": [], "version": 3, "modifiedDate": 1496065369973, "sentences": [{"tokens": [{"text": "LAS", "begin": 0, "end": 3, "id": "s0-t0", "whiteSpace": false}, {"text": "VEGAS", "begin": 4, "end": 9, "id": "s0-t1", "whiteSpace": false}, {"text": "'", "begin": 10, "end": 11, "id": "s0-t2", "whiteSpace": false}, {"text": "Microsoft", "begin": 13, "end": 22, "id": "s0-t3", "whiteSpace": false}, {"text": "Corp", "begin": 23, "end": 27, "id": "s0-t4", "whiteSpace": false}, {"text": ".", "begin": 27, "end": 28, "id": "s0-t5", "whiteSpace": false}], "text": "LAS VEGAS '  Microsoft Corp.", "begin": 0, "end": 28, "id": "s0"}, {"tokens": [{"text": "'s", "begin": 28, "end": 30, "id": "s1-t0", "whiteSpace": false}, {"text": "next", "begin": 31, "end": 35, "id": "s1-t1", "whiteSpace": false}, {"text": "version", "begin": 36, "end": 43, "id": "s1-t2", "whiteSpace": false}, {"text": "of", "begin": 44, "end": 46, "id": "s1-t3", "whiteSpace": false}, {"text": "the", "begin": 47, "end": 50, "id": "s1-t4", "whiteSpace": false}, {"text": "Windows", "begin": 51, "end": 58, "id": "s1-t5", "whiteSpace": false}, {"text": "operating", "begin": 59, "end": 68, "id": "s1-t6", "whiteSpace": false}, {"text": "system", "begin": 69, "end": 75, "id": "s1-t7", "whiteSpace": false}, {"text": "is", "begin": 76, "end": 78, "id": "s1-t8", "whiteSpace": false}, {"text": "almost", "begin": 79, "end": 85, "id": "s1-t9", "whiteSpace": false}, {"text": "ready", "begin": 86, "end": 91, "id": "s1-t10", "whiteSpace": false}, {"text": "for", "begin": 92, "end": 95, "id": "s1-t11", "whiteSpace": false}, {"text": "prime", "begin": 96, "end": 101, "id": "s1-t12", "whiteSpace": false}, {"text": "time", "begin": 102, "end": 106, "id": "s1-t13", "whiteSpace": false}, {"text": ".", "begin": 106, "end": 107, "id": "s1-t14", "whiteSpace": false}], "text": "'s next version of the Windows operating system is almost ready for prime time.", "begin": 28, "end": 107, "id": "s1"}, {"tokens": [{"text": "That", "begin": 108, "end": 112, "id": "s2-t0", "whiteSpace": false}, {"text": "'s", "begin": 112, "end": 114, "id": "s2-t1", "whiteSpace": false}, {"text": "one", "begin": 115, "end": 118, "id": "s2-t2", "whiteSpace": false}, {"text": "message", "begin": 119, "end": 126, "id": "s2-t3", "whiteSpace": false}, {"text": "Chief", "begin": 127, "end": 132, "id": "s2-t4", "whiteSpace": false}, {"text": "Executive", "begin": 133, "end": 142, "id": "s2-t5", "whiteSpace": false}, {"text": "Steve", "begin": 143, "end": 148, "id": "s2-t6", "whiteSpace": false}, {"text": "Ballmer", "begin": 149, "end": 156, "id": "s2-t7", "whiteSpace": false}, {"text": "delivered", "begin": 157, "end": 166, "id": "s2-t8", "whiteSpace": false}, {"text": "on", "begin": 167, "end": 169, "id": "s2-t9", "whiteSpace": false}, {"text": "the", "begin": 170, "end": 173, "id": "s2-t10", "whiteSpace": false}, {"text": "eve", "begin": 174, "end": 177, "id": "s2-t11", "whiteSpace": false}, {"text": "of", "begin": 178, "end": 180, "id": "s2-t12", "whiteSpace": false}, {"text": "the", "begin": 181, "end": 184, "id": "s2-t13", "whiteSpace": false}, {"text": "official", "begin": 185, "end": 193, "id": "s2-t14", "whiteSpace": false}, {"text": "opening", "begin": 194, "end": 201, "id": "s2-t15", "whiteSpace": false}, {"text": "of", "begin": 202, "end": 204, "id": "s2-t16", "whiteSpace": false}, {"text": "the", "begin": 205, "end": 208, "id": "s2-t17", "whiteSpace": false}, {"text": "International", "begin": 209, "end": 222, "id": "s2-t18", "whiteSpace": false}, {"text": "Consumer", "begin": 223, "end": 231, "id": "s2-t19", "whiteSpace": false}, {"text": "Electronics", "begin": 232, "end": 243, "id": "s2-t20", "whiteSpace": false}, {"text": "Show", "begin": 244, "end": 248, "id": "s2-t21", "whiteSpace": false}, {"text": ".", "begin": 248, "end": 249, "id": "s2-t22", "whiteSpace": false}], "text": "That's one message Chief Executive Steve Ballmer delivered on the eve of the official opening of the International Consumer Electronics Show.", "begin": 108, "end": 249, "id": "s2"}, {"tokens": [{"text": "The", "begin": 251, "end": 254, "id": "s3-t0", "whiteSpace": false}, {"text": "world", "begin": 255, "end": 260, "id": "s3-t1", "whiteSpace": false}, {"text": "'s", "begin": 260, "end": 262, "id": "s3-t2", "whiteSpace": false}, {"text": "largest", "begin": 263, "end": 270, "id": "s3-t3", "whiteSpace": false}, {"text": "software", "begin": 271, "end": 279, "id": "s3-t4", "whiteSpace": false}, {"text": "maker", "begin": 280, "end": 285, "id": "s3-t5", "whiteSpace": false}, {"text": "also", "begin": 286, "end": 290, "id": "s3-t6", "whiteSpace": false}, {"text": "disclosed", "begin": 291, "end": 300, "id": "s3-t7", "whiteSpace": false}, {"text": "deals", "begin": 301, "end": 306, "id": "s3-t8", "whiteSpace": false}, {"text": "to", "begin": 307, "end": 309, "id": "s3-t9", "whiteSpace": false}, {"text": "make", "begin": 310, "end": 314, "id": "s3-t10", "whiteSpace": false}, {"text": "its", "begin": 315, "end": 318, "id": "s3-t11", "whiteSpace": false}, {"text": "Live", "begin": 319, "end": 323, "id": "s3-t12", "whiteSpace": false}, {"text": "Search", "begin": 324, "end": 330, "id": "s3-t13", "whiteSpace": false}, {"text": "programs", "begin": 331, "end": 339, "id": "s3-t14", "whiteSpace": false}, {"text": "the", "begin": 340, "end": 343, "id": "s3-t15", "whiteSpace": false}, {"text": "default", "begin": 344, "end": 351, "id": "s3-t16", "whiteSpace": false}, {"text": "search", "begin": 352, "end": 358, "id": "s3-t17", "whiteSpace": false}, {"text": "engines", "begin": 359, "end": 366, "id": "s3-t18", "whiteSpace": false}, {"text": "on", "begin": 367, "end": 369, "id": "s3-t19", "whiteSpace": false}, {"text": "more", "begin": 370, "end": 374, "id": "s3-t20", "whiteSpace": false}, {"text": "personal", "begin": 375, "end": 383, "id": "s3-t21", "whiteSpace": false}, {"text": "computers", "begin": 384, "end": 393, "id": "s3-t22", "whiteSpace": false}, {"text": "and", "begin": 394, "end": 397, "id": "s3-t23", "whiteSpace": false}, {"text": "mobile", "begin": 398, "end": 404, "id": "s3-t24", "whiteSpace": false}, {"text": "phones", "begin": 405, "end": 411, "id": "s3-t25", "whiteSpace": false}, {"text": ".", "begin": 411, "end": 412, "id": "s3-t26", "whiteSpace": false}], "text": "The world's largest software maker also disclosed deals to make its Live Search programs the default search engines on more personal computers and mobile phones.", "begin": 251, "end": 412, "id": "s3"}, {"tokens": [{"text": "And", "begin": 414, "end": 417, "id": "s4-t0", "whiteSpace": false}, {"text": "it", "begin": 418, "end": 420, "id": "s4-t1", "whiteSpace": false}, {"text": "announced", "begin": 421, "end": 430, "id": "s4-t2", "whiteSpace": false}, {"text": "a", "begin": 431, "end": 432, "id": "s4-t3", "whiteSpace": false}, {"text": "new", "begin": 433, "end": 436, "id": "s4-t4", "whiteSpace": false}, {"text": "version", "begin": 437, "end": 444, "id": "s4-t5", "whiteSpace": false}, {"text": "of", "begin": 445, "end": 447, "id": "s4-t6", "whiteSpace": false}, {"text": "its", "begin": 448, "end": 451, "id": "s4-t7", "whiteSpace": false}, {"text": "Ford", "begin": 452, "end": 456, "id": "s4-t8", "whiteSpace": false}, {"text": "Sync", "begin": 457, "end": 461, "id": "s4-t9", "whiteSpace": false}, {"text": "in", "begin": 462, "end": 464, "id": "s4-t10", "whiteSpace": false}, {"text": "-", "begin": 464, "end": 465, "id": "s4-t11", "whiteSpace": false}, {"text": "car", "begin": 465, "end": 468, "id": "s4-t12", "whiteSpace": false}, {"text": "technology", "begin": 469, "end": 479, "id": "s4-t13", "whiteSpace": false}, {"text": "that", "begin": 480, "end": 484, "id": "s4-t14", "whiteSpace": false}, {"text": "folds", "begin": 485, "end": 490, "id": "s4-t15", "whiteSpace": false}, {"text": "in", "begin": 491, "end": 493, "id": "s4-t16", "whiteSpace": false}, {"text": "the", "begin": 494, "end": 497, "id": "s4-t17", "whiteSpace": false}, {"text": "voice", "begin": 498, "end": 503, "id": "s4-t18", "whiteSpace": false}, {"text": "-", "begin": 503, "end": 504, "id": "s4-t19", "whiteSpace": false}, {"text": "operated", "begin": 504, "end": 512, "id": "s4-t20", "whiteSpace": false}, {"text": "directory", "begin": 513, "end": 522, "id": "s4-t21", "whiteSpace": false}, {"text": "service", "begin": 523, "end": 530, "id": "s4-t22", "whiteSpace": false}, {"text": "TellMe", "begin": 531, "end": 537, "id": "s4-t23", "whiteSpace": false}, {"text": ",", "begin": 537, "end": 538, "id": "s4-t24", "whiteSpace": false}, {"text": "which", "begin": 539, "end": 544, "id": "s4-t25", "whiteSpace": false}, {"text": "Microsoft", "begin": 545, "end": 554, "id": "s4-t26", "whiteSpace": false}, {"text": "bought", "begin": 555, "end": 561, "id": "s4-t27", "whiteSpace": false}, {"text": "in", "begin": 562, "end": 564, "id": "s4-t28", "whiteSpace": false}, {"text": "2007", "begin": 565, "end": 569, "id": "s4-t29", "whiteSpace": false}, {"text": ".", "begin": 569, "end": 570, "id": "s4-t30", "whiteSpace": false}], "text": "And it announced a new version of its Ford Sync in-car technology that folds in the voice-operated directory service TellMe, which Microsoft bought in 2007.", "begin": 414, "end": 570, "id": "s4"}, {"tokens": [{"text": "For", "begin": 572, "end": 575, "id": "s5-t0", "whiteSpace": false}, {"text": "years", "begin": 576, "end": 581, "id": "s5-t1", "whiteSpace": false}, {"text": ",", "begin": 581, "end": 582, "id": "s5-t2", "whiteSpace": false}, {"text": "the", "begin": 583, "end": 586, "id": "s5-t3", "whiteSpace": false}, {"text": "opening", "begin": 587, "end": 594, "id": "s5-t4", "whiteSpace": false}, {"text": "keynote", "begin": 595, "end": 602, "id": "s5-t5", "whiteSpace": false}, {"text": "at", "begin": 603, "end": 605, "id": "s5-t6", "whiteSpace": false}, {"text": "CES", "begin": 606, "end": 609, "id": "s5-t7", "whiteSpace": false}, {"text": "belonged", "begin": 610, "end": 618, "id": "s5-t8", "whiteSpace": false}, {"text": "to", "begin": 619, "end": 621, "id": "s5-t9", "whiteSpace": false}, {"text": "Microsoft", "begin": 622, "end": 631, "id": "s5-t10", "whiteSpace": false}, {"text": "Chairman", "begin": 632, "end": 640, "id": "s5-t11", "whiteSpace": false}, {"text": "Bill", "begin": 641, "end": 645, "id": "s5-t12", "whiteSpace": false}, {"text": "Gates", "begin": 646, "end": 651, "id": "s5-t13", "whiteSpace": false}, {"text": ",", "begin": 651, "end": 652, "id": "s5-t14", "whiteSpace": false}, {"text": "whose", "begin": 653, "end": 658, "id": "s5-t15", "whiteSpace": false}, {"text": "status", "begin": 659, "end": 665, "id": "s5-t16", "whiteSpace": false}, {"text": "as", "begin": 666, "end": 668, "id": "s5-t17", "whiteSpace": false}, {"text": "industry", "begin": 669, "end": 677, "id": "s5-t18", "whiteSpace": false}, {"text": "pioneer", "begin": 678, "end": 685, "id": "s5-t19", "whiteSpace": false}, {"text": "justified", "begin": 686, "end": 695, "id": "s5-t20", "whiteSpace": false}, {"text": "the", "begin": 696, "end": 699, "id": "s5-t21", "whiteSpace": false}, {"text": "sweeping", "begin": 700, "end": 708, "id": "s5-t22", "whiteSpace": false}, {"text": "visions", "begin": 709, "end": 716, "id": "s5-t23", "whiteSpace": false}, {"text": "of", "begin": 717, "end": 719, "id": "s5-t24", "whiteSpace": false}, {"text": "the", "begin": 720, "end": 723, "id": "s5-t25", "whiteSpace": false}, {"text": "future", "begin": 724, "end": 730, "id": "s5-t26", "whiteSpace": false}, {"text": "he'd", "begin": 731, "end": 735, "id": "s5-t27", "whiteSpace": false}, {"text": "build", "begin": 736, "end": 741, "id": "s5-t28", "whiteSpace": false}, {"text": "into", "begin": 742, "end": 746, "id": "s5-t29", "whiteSpace": false}, {"text": "his", "begin": 747, "end": 750, "id": "s5-t30", "whiteSpace": false}, {"text": "speech", "begin": 751, "end": 757, "id": "s5-t31", "whiteSpace": false}, {"text": ".", "begin": 757, "end": 758, "id": "s5-t32", "whiteSpace": false}], "text": "For years, the opening keynote at CES belonged to Microsoft Chairman Bill Gates, whose status as industry pioneer justified the sweeping visions of the future he'd build into his speech.", "begin": 572, "end": 758, "id": "s5"}, {"tokens": [{"text": "Gates", "begin": 760, "end": 765, "id": "s6-t0", "whiteSpace": false}, {"text": "passed", "begin": 766, "end": 772, "id": "s6-t1", "whiteSpace": false}, {"text": "the", "begin": 773, "end": 776, "id": "s6-t2", "whiteSpace": false}, {"text": "mantle", "begin": 777, "end": 783, "id": "s6-t3", "whiteSpace": false}, {"text": "on", "begin": 784, "end": 786, "id": "s6-t4", "whiteSpace": false}, {"text": "when", "begin": 787, "end": 791, "id": "s6-t5", "whiteSpace": false}, {"text": "he", "begin": 792, "end": 794, "id": "s6-t6", "whiteSpace": false}, {"text": "stepped", "begin": 795, "end": 802, "id": "s6-t7", "whiteSpace": false}, {"text": "down", "begin": 803, "end": 807, "id": "s6-t8", "whiteSpace": false}, {"text": "from", "begin": 808, "end": 812, "id": "s6-t9", "whiteSpace": false}, {"text": "day", "begin": 813, "end": 816, "id": "s6-t10", "whiteSpace": false}, {"text": "-", "begin": 816, "end": 817, "id": "s6-t11", "whiteSpace": false}, {"text": "to", "begin": 817, "end": 819, "id": "s6-t12", "whiteSpace": false}, {"text": "-", "begin": 819, "end": 820, "id": "s6-t13", "whiteSpace": false}, {"text": "day", "begin": 820, "end": 823, "id": "s6-t14", "whiteSpace": false}, {"text": "operations", "begin": 824, "end": 834, "id": "s6-t15", "whiteSpace": false}, {"text": "at", "begin": 835, "end": 837, "id": "s6-t16", "whiteSpace": false}, {"text": "Microsoft", "begin": 838, "end": 847, "id": "s6-t17", "whiteSpace": false}, {"text": "last", "begin": 848, "end": 852, "id": "s6-t18", "whiteSpace": false}, {"text": "summer", "begin": 853, "end": 859, "id": "s6-t19", "whiteSpace": false}, {"text": ",", "begin": 859, "end": 860, "id": "s6-t20", "whiteSpace": false}, {"text": "and", "begin": 861, "end": 864, "id": "s6-t21", "whiteSpace": false}, {"text": "Wednesday", "begin": 865, "end": 874, "id": "s6-t22", "whiteSpace": false}, {"text": "marked", "begin": 875, "end": 881, "id": "s6-t23", "whiteSpace": false}, {"text": "Ballmer", "begin": 882, "end": 889, "id": "s6-t24", "whiteSpace": false}, {"text": "'s", "begin": 889, "end": 891, "id": "s6-t25", "whiteSpace": false}, {"text": "first", "begin": 892, "end": 897, "id": "s6-t26", "whiteSpace": false}, {"text": "time", "begin": 898, "end": 902, "id": "s6-t27", "whiteSpace": false}, {"text": "making", "begin": 903, "end": 909, "id": "s6-t28", "whiteSpace": false}, {"text": "the", "begin": 910, "end": 913, "id": "s6-t29", "whiteSpace": false}, {"text": "high", "begin": 914, "end": 918, "id": "s6-t30", "whiteSpace": false}, {"text": "-", "begin": 918, "end": 919, "id": "s6-t31", "whiteSpace": false}, {"text": "profile", "begin": 919, "end": 926, "id": "s6-t32", "whiteSpace": false}, {"text": "address", "begin": 927, "end": 934, "id": "s6-t33", "whiteSpace": false}, {"text": ".", "begin": 934, "end": 935, "id": "s6-t34", "whiteSpace": false}], "text": "Gates passed the mantle on when he stepped down from day-to-day operations at Microsoft last summer, and Wednesday marked Ballmer's first time making the high-profile address.", "begin": 760, "end": 935, "id": "s6"}, {"tokens": [{"text": "'It", "begin": 937, "end": 940, "id": "s7-t0", "whiteSpace": false}, {"text": "feels", "begin": 941, "end": 946, "id": "s7-t1", "whiteSpace": false}, {"text": "like", "begin": 947, "end": 951, "id": "s7-t2", "whiteSpace": false}, {"text": "we've", "begin": 952, "end": 957, "id": "s7-t3", "whiteSpace": false}, {"text": "entered", "begin": 958, "end": 965, "id": "s7-t4", "whiteSpace": false}, {"text": "a", "begin": 966, "end": 967, "id": "s7-t5", "whiteSpace": false}, {"text": "period", "begin": 968, "end": 974, "id": "s7-t6", "whiteSpace": false}, {"text": "of", "begin": 975, "end": 977, "id": "s7-t7", "whiteSpace": false}, {"text": "reduced", "begin": 978, "end": 985, "id": "s7-t8", "whiteSpace": false}, {"text": "expectations", "begin": 986, "end": 998, "id": "s7-t9", "whiteSpace": false}, {"text": ",", "begin": 998, "end": 999, "id": "s7-t10", "whiteSpace": false}, {"text": "a", "begin": 1000, "end": 1001, "id": "s7-t11", "whiteSpace": false}, {"text": "time", "begin": 1002, "end": 1006, "id": "s7-t12", "whiteSpace": false}, {"text": "when", "begin": 1007, "end": 1011, "id": "s7-t13", "whiteSpace": false}, {"text": "we", "begin": 1012, "end": 1014, "id": "s7-t14", "whiteSpace": false}, {"text": "may", "begin": 1015, "end": 1018, "id": "s7-t15", "whiteSpace": false}, {"text": "be", "begin": 1019, "end": 1021, "id": "s7-t16", "whiteSpace": false}, {"text": "tempted", "begin": 1022, "end": 1029, "id": "s7-t17", "whiteSpace": false}, {"text": "to", "begin": 1030, "end": 1032, "id": "s7-t18", "whiteSpace": false}, {"text": "temper", "begin": 1033, "end": 1039, "id": "s7-t19", "whiteSpace": false}, {"text": "our", "begin": 1040, "end": 1043, "id": "s7-t20", "whiteSpace": false}, {"text": "optimism", "begin": 1044, "end": 1052, "id": "s7-t21", "whiteSpace": false}, {"text": "and", "begin": 1053, "end": 1056, "id": "s7-t22", "whiteSpace": false}, {"text": "scale", "begin": 1057, "end": 1062, "id": "s7-t23", "whiteSpace": false}, {"text": "back", "begin": 1063, "end": 1067, "id": "s7-t24", "whiteSpace": false}, {"text": "our", "begin": 1068, "end": 1071, "id": "s7-t25", "whiteSpace": false}, {"text": "ambitions", "begin": 1072, "end": 1081, "id": "s7-t26", "whiteSpace": false}, {"text": ",", "begin": 1081, "end": 1082, "id": "s7-t27", "whiteSpace": false}, {"text": "'", "begin": 1082, "end": 1083, "id": "s7-t28", "whiteSpace": false}, {"text": "Ballmer", "begin": 1084, "end": 1091, "id": "s7-t29", "whiteSpace": false}, {"text": "said", "begin": 1092, "end": 1096, "id": "s7-t30", "whiteSpace": false}, {"text": ",", "begin": 1096, "end": 1097, "id": "s7-t31", "whiteSpace": false}, {"text": "in", "begin": 1098, "end": 1100, "id": "s7-t32", "whiteSpace": false}, {"text": "a", "begin": 1101, "end": 1102, "id": "s7-t33", "whiteSpace": false}, {"text": "nod", "begin": 1103, "end": 1106, "id": "s7-t34", "whiteSpace": false}, {"text": "to", "begin": 1107, "end": 1109, "id": "s7-t35", "whiteSpace": false}, {"text": "the", "begin": 1110, "end": 1113, "id": "s7-t36", "whiteSpace": false}, {"text": "recession", "begin": 1114, "end": 1123, "id": "s7-t37", "whiteSpace": false}, {"text": ".", "begin": 1123, "end": 1124, "id": "s7-t38", "whiteSpace": false}], "text": "'It feels like we've entered a period of reduced expectations, a time when we may be tempted to temper our optimism and scale back our ambitions,' Ballmer said, in a nod to the recession.", "begin": 937, "end": 1124, "id": "s7"}, {"tokens": [{"text": "'But", "begin": 1125, "end": 1129, "id": "s8-t0", "whiteSpace": false}, {"text": "no", "begin": 1130, "end": 1132, "id": "s8-t1", "whiteSpace": false}, {"text": "matter", "begin": 1133, "end": 1139, "id": "s8-t2", "whiteSpace": false}, {"text": "what", "begin": 1140, "end": 1144, "id": "s8-t3", "whiteSpace": false}, {"text": "happens", "begin": 1145, "end": 1152, "id": "s8-t4", "whiteSpace": false}, {"text": "with", "begin": 1153, "end": 1157, "id": "s8-t5", "whiteSpace": false}, {"text": "the", "begin": 1158, "end": 1161, "id": "s8-t6", "whiteSpace": false}, {"text": "economy", "begin": 1162, "end": 1169, "id": "s8-t7", "whiteSpace": false}, {"text": "or", "begin": 1170, "end": 1172, "id": "s8-t8", "whiteSpace": false}, {"text": "how", "begin": 1173, "end": 1176, "id": "s8-t9", "whiteSpace": false}, {"text": "long", "begin": 1177, "end": 1181, "id": "s8-t10", "whiteSpace": false}, {"text": "this", "begin": 1182, "end": 1186, "id": "s8-t11", "whiteSpace": false}, {"text": "recession", "begin": 1187, "end": 1196, "id": "s8-t12", "whiteSpace": false}, {"text": "lasts", "begin": 1197, "end": 1202, "id": "s8-t13", "whiteSpace": false}, {"text": ",", "begin": 1202, "end": 1203, "id": "s8-t14", "whiteSpace": false}, {"text": "I", "begin": 1204, "end": 1205, "id": "s8-t15", "whiteSpace": false}, {"text": "believe", "begin": 1206, "end": 1213, "id": "s8-t16", "whiteSpace": false}, {"text": "our", "begin": 1214, "end": 1217, "id": "s8-t17", "whiteSpace": false}, {"text": "digital", "begin": 1218, "end": 1225, "id": "s8-t18", "whiteSpace": false}, {"text": "lives", "begin": 1226, "end": 1231, "id": "s8-t19", "whiteSpace": false}, {"text": "will", "begin": 1232, "end": 1236, "id": "s8-t20", "whiteSpace": false}, {"text": "only", "begin": 1237, "end": 1241, "id": "s8-t21", "whiteSpace": false}, {"text": "continue", "begin": 1242, "end": 1250, "id": "s8-t22", "whiteSpace": false}, {"text": "to", "begin": 1251, "end": 1253, "id": "s8-t23", "whiteSpace": false}, {"text": "get", "begin": 1254, "end": 1257, "id": "s8-t24", "whiteSpace": false}, {"text": "richer", "begin": 1258, "end": 1264, "id": "s8-t25", "whiteSpace": false}, {"text": ".", "begin": 1264, "end": 1265, "id": "s8-t26", "whiteSpace": false}], "text": "'But no matter what happens with the economy or how long this recession lasts, I believe our digital lives will only continue to get richer.", "begin": 1125, "end": 1265, "id": "s8"}, {"tokens": [], "text": "'", "begin": 1265, "end": 1266, "id": "s9"}, {"tokens": [{"text": "Ballmer", "begin": 1268, "end": 1275, "id": "s10-t0", "whiteSpace": false}, {"text": "said", "begin": 1276, "end": 1280, "id": "s10-t1", "whiteSpace": false}, {"text": "Microsoft", "begin": 1281, "end": 1290, "id": "s10-t2", "whiteSpace": false}, {"text": "would", "begin": 1291, "end": 1296, "id": "s10-t3", "whiteSpace": false}, {"text": "continue", "begin": 1297, "end": 1305, "id": "s10-t4", "whiteSpace": false}, {"text": "to", "begin": 1306, "end": 1308, "id": "s10-t5", "whiteSpace": false}, {"text": "invest", "begin": 1309, "end": 1315, "id": "s10-t6", "whiteSpace": false}, {"text": "more", "begin": 1316, "end": 1320, "id": "s10-t7", "whiteSpace": false}, {"text": "in", "begin": 1321, "end": 1323, "id": "s10-t8", "whiteSpace": false}, {"text": "research", "begin": 1324, "end": 1332, "id": "s10-t9", "whiteSpace": false}, {"text": "and", "begin": 1333, "end": 1336, "id": "s10-t10", "whiteSpace": false}, {"text": "development", "begin": 1337, "end": 1348, "id": "s10-t11", "whiteSpace": false}, {"text": "than", "begin": 1349, "end": 1353, "id": "s10-t12", "whiteSpace": false}, {"text": "its", "begin": 1354, "end": 1357, "id": "s10-t13", "whiteSpace": false}, {"text": "technology", "begin": 1358, "end": 1368, "id": "s10-t14", "whiteSpace": false}, {"text": "peers", "begin": 1369, "end": 1374, "id": "s10-t15", "whiteSpace": false}, {"text": ".", "begin": 1374, "end": 1375, "id": "s10-t16", "whiteSpace": false}], "text": "Ballmer said Microsoft would continue to invest more in research and development than its technology peers.", "begin": 1268, "end": 1375, "id": "s10"}, {"tokens": [{"text": "The", "begin": 1377, "end": 1380, "id": "s11-t0", "whiteSpace": false}, {"text": "CEO", "begin": 1381, "end": 1384, "id": "s11-t1", "whiteSpace": false}, {"text": "announced", "begin": 1385, "end": 1394, "id": "s11-t2", "whiteSpace": false}, {"text": "that", "begin": 1395, "end": 1399, "id": "s11-t3", "whiteSpace": false}, {"text": "a", "begin": 1400, "end": 1401, "id": "s11-t4", "whiteSpace": false}, {"text": "nearly", "begin": 1402, "end": 1408, "id": "s11-t5", "whiteSpace": false}, {"text": "final", "begin": 1409, "end": 1414, "id": "s11-t6", "whiteSpace": false}, {"text": "'beta'", "begin": 1415, "end": 1421, "id": "s11-t7", "whiteSpace": false}, {"text": "test", "begin": 1422, "end": 1426, "id": "s11-t8", "whiteSpace": false}, {"text": "version", "begin": 1427, "end": 1434, "id": "s11-t9", "whiteSpace": false}, {"text": "of", "begin": 1435, "end": 1437, "id": "s11-t10", "whiteSpace": false}, {"text": "Windows", "begin": 1438, "end": 1445, "id": "s11-t11", "whiteSpace": false}, {"text": "7", "begin": 1446, "end": 1447, "id": "s11-t12", "whiteSpace": false}, {"text": "will", "begin": 1448, "end": 1452, "id": "s11-t13", "whiteSpace": false}, {"text": "be", "begin": 1453, "end": 1455, "id": "s11-t14", "whiteSpace": false}, {"text": "available", "begin": 1456, "end": 1465, "id": "s11-t15", "whiteSpace": false}, {"text": "Friday", "begin": 1466, "end": 1472, "id": "s11-t16", "whiteSpace": false}, {"text": "for", "begin": 1473, "end": 1476, "id": "s11-t17", "whiteSpace": false}, {"text": "regular", "begin": 1477, "end": 1484, "id": "s11-t18", "whiteSpace": false}, {"text": "PC", "begin": 1485, "end": 1487, "id": "s11-t19", "whiteSpace": false}, {"text": "users", "begin": 1488, "end": 1493, "id": "s11-t20", "whiteSpace": false}, {"text": "to", "begin": 1494, "end": 1496, "id": "s11-t21", "whiteSpace": false}, {"text": "download", "begin": 1497, "end": 1505, "id": "s11-t22", "whiteSpace": false}, {"text": "and", "begin": 1506, "end": 1509, "id": "s11-t23", "whiteSpace": false}, {"text": "tinker", "begin": 1510, "end": 1516, "id": "s11-t24", "whiteSpace": false}, {"text": "with", "begin": 1517, "end": 1521, "id": "s11-t25", "whiteSpace": false}, {"text": ".", "begin": 1521, "end": 1522, "id": "s11-t26", "whiteSpace": false}], "text": "The CEO announced that a nearly final 'beta' test version of Windows 7 will be available Friday for regular PC users to download and tinker with.", "begin": 1377, "end": 1522, "id": "s11"}, {"tokens": [{"text": "The", "begin": 1524, "end": 1527, "id": "s12-t0", "whiteSpace": false}, {"text": "new", "begin": 1528, "end": 1531, "id": "s12-t1", "whiteSpace": false}, {"text": "operating", "begin": 1532, "end": 1541, "id": "s12-t2", "whiteSpace": false}, {"text": "system", "begin": 1542, "end": 1548, "id": "s12-t3", "whiteSpace": false}, {"text": "which", "begin": 1549, "end": 1554, "id": "s12-t4", "whiteSpace": false}, {"text": "could", "begin": 1555, "end": 1560, "id": "s12-t5", "whiteSpace": false}, {"text": "be", "begin": 1561, "end": 1563, "id": "s12-t6", "whiteSpace": false}, {"text": "available", "begin": 1564, "end": 1573, "id": "s12-t7", "whiteSpace": false}, {"text": "for", "begin": 1574, "end": 1577, "id": "s12-t8", "whiteSpace": false}, {"text": "purchase", "begin": 1578, "end": 1586, "id": "s12-t9", "whiteSpace": false}, {"text": "on", "begin": 1587, "end": 1589, "id": "s12-t10", "whiteSpace": false}, {"text": "PCs", "begin": 1590, "end": 1593, "id": "s12-t11", "whiteSpace": false}, {"text": "within", "begin": 1594, "end": 1600, "id": "s12-t12", "whiteSpace": false}, {"text": "a", "begin": 1601, "end": 1602, "id": "s12-t13", "whiteSpace": false}, {"text": "year", "begin": 1603, "end": 1607, "id": "s12-t14", "whiteSpace": false}, {"text": "uses", "begin": 1608, "end": 1612, "id": "s12-t15", "whiteSpace": false}, {"text": "much", "begin": 1613, "end": 1617, "id": "s12-t16", "whiteSpace": false}, {"text": "of", "begin": 1618, "end": 1620, "id": "s12-t17", "whiteSpace": false}, {"text": "the", "begin": 1621, "end": 1624, "id": "s12-t18", "whiteSpace": false}, {"text": "same", "begin": 1625, "end": 1629, "id": "s12-t19", "whiteSpace": false}, {"text": "underlying", "begin": 1630, "end": 1640, "id": "s12-t20", "whiteSpace": false}, {"text": "technology", "begin": 1641, "end": 1651, "id": "s12-t21", "whiteSpace": false}, {"text": "as", "begin": 1652, "end": 1654, "id": "s12-t22", "whiteSpace": false}, {"text": "its", "begin": 1655, "end": 1658, "id": "s12-t23", "whiteSpace": false}, {"text": "predecessor", "begin": 1659, "end": 1670, "id": "s12-t24", "whiteSpace": false}, {"text": ",", "begin": 1670, "end": 1671, "id": "s12-t25", "whiteSpace": false}, {"text": "the", "begin": 1672, "end": 1675, "id": "s12-t26", "whiteSpace": false}, {"text": "much", "begin": 1676, "end": 1680, "id": "s12-t27", "whiteSpace": false}, {"text": "-", "begin": 1680, "end": 1681, "id": "s12-t28", "whiteSpace": false}, {"text": "maligned", "begin": 1681, "end": 1689, "id": "s12-t29", "whiteSpace": false}, {"text": "Vista", "begin": 1690, "end": 1695, "id": "s12-t30", "whiteSpace": false}, {"text": ".", "begin": 1695, "end": 1696, "id": "s12-t31", "whiteSpace": false}], "text": "The new operating system which could be available for purchase on PCs within a year uses much of the same underlying technology as its predecessor, the much-maligned Vista.", "begin": 1524, "end": 1696, "id": "s12"}, {"tokens": [{"text": "But", "begin": 1698, "end": 1701, "id": "s13-t0", "whiteSpace": false}, {"text": "Windows", "begin": 1702, "end": 1709, "id": "s13-t1", "whiteSpace": false}, {"text": "7", "begin": 1710, "end": 1711, "id": "s13-t2", "whiteSpace": false}, {"text": "aims", "begin": 1712, "end": 1716, "id": "s13-t3", "whiteSpace": false}, {"text": "to", "begin": 1717, "end": 1719, "id": "s13-t4", "whiteSpace": false}, {"text": "resolve", "begin": 1720, "end": 1727, "id": "s13-t5", "whiteSpace": false}, {"text": "many", "begin": 1728, "end": 1732, "id": "s13-t6", "whiteSpace": false}, {"text": "problems", "begin": 1733, "end": 1741, "id": "s13-t7", "whiteSpace": false}, {"text": "PC", "begin": 1742, "end": 1744, "id": "s13-t8", "whiteSpace": false}, {"text": "users", "begin": 1745, "end": 1750, "id": "s13-t9", "whiteSpace": false}, {"text": "had", "begin": 1751, "end": 1754, "id": "s13-t10", "whiteSpace": false}, {"text": "with", "begin": 1755, "end": 1759, "id": "s13-t11", "whiteSpace": false}, {"text": "Vista", "begin": 1760, "end": 1765, "id": "s13-t12", "whiteSpace": false}, {"text": ".", "begin": 1765, "end": 1766, "id": "s13-t13", "whiteSpace": false}], "text": "But Windows 7 aims to resolve many problems PC users had with Vista.", "begin": 1698, "end": 1766, "id": "s13"}, {"tokens": [{"text": "For", "begin": 1767, "end": 1770, "id": "s14-t0", "whiteSpace": false}, {"text": "instance", "begin": 1771, "end": 1779, "id": "s14-t1", "whiteSpace": false}, {"text": ",", "begin": 1779, "end": 1780, "id": "s14-t2", "whiteSpace": false}, {"text": "Microsoft", "begin": 1781, "end": 1790, "id": "s14-t3", "whiteSpace": false}, {"text": "pledges", "begin": 1791, "end": 1798, "id": "s14-t4", "whiteSpace": false}, {"text": "to", "begin": 1799, "end": 1801, "id": "s14-t5", "whiteSpace": false}, {"text": "make", "begin": 1802, "end": 1806, "id": "s14-t6", "whiteSpace": false}, {"text": "it", "begin": 1807, "end": 1809, "id": "s14-t7", "whiteSpace": false}, {"text": "easier", "begin": 1810, "end": 1816, "id": "s14-t8", "whiteSpace": false}, {"text": "to", "begin": 1817, "end": 1819, "id": "s14-t9", "whiteSpace": false}, {"text": "install", "begin": 1820, "end": 1827, "id": "s14-t10", "whiteSpace": false}, {"text": "peripheral", "begin": 1828, "end": 1838, "id": "s14-t11", "whiteSpace": false}, {"text": "devices", "begin": 1839, "end": 1846, "id": "s14-t12", "whiteSpace": false}, {"text": "and", "begin": 1847, "end": 1850, "id": "s14-t13", "whiteSpace": false}, {"text": "to", "begin": 1851, "end": 1853, "id": "s14-t14", "whiteSpace": false}, {"text": "have", "begin": 1854, "end": 1858, "id": "s14-t15", "whiteSpace": false}, {"text": "the", "begin": 1859, "end": 1862, "id": "s14-t16", "whiteSpace": false}, {"text": "software", "begin": 1863, "end": 1871, "id": "s14-t17", "whiteSpace": false}, {"text": "pump", "begin": 1872, "end": 1876, "id": "s14-t18", "whiteSpace": false}, {"text": "out", "begin": 1877, "end": 1880, "id": "s14-t19", "whiteSpace": false}, {"text": "fewer", "begin": 1881, "end": 1886, "id": "s14-t20", "whiteSpace": false}, {"text": "annoying", "begin": 1887, "end": 1895, "id": "s14-t21", "whiteSpace": false}, {"text": "warnings", "begin": 1896, "end": 1904, "id": "s14-t22", "whiteSpace": false}, {"text": "and", "begin": 1905, "end": 1908, "id": "s14-t23", "whiteSpace": false}, {"text": "notifications", "begin": 1909, "end": 1922, "id": "s14-t24", "whiteSpace": false}, {"text": ".", "begin": 1922, "end": 1923, "id": "s14-t25", "whiteSpace": false}], "text": "For instance, Microsoft pledges to make it easier to install peripheral devices and to have the software pump out fewer annoying warnings and notifications.", "begin": 1767, "end": 1923, "id": "s14"}, {"tokens": [{"text": "Ballmer", "begin": 1925, "end": 1932, "id": "s15-t0", "whiteSpace": false}], "text": "Ballmer also", "begin": 1925, "end": 1937, "id": "s15"}], "mentions": [], "id": "44fb68b0-4429-11e7-9888-9883892c7164-9", "name": "Technology - foxnews.com"}