{"relations": [], "userResolved": false, "corefs": [], "language": "EN", "text": "Several mobile operators and manufacturers have banded together to create a standard for a universal charger for mobile phones with an implementation target date of 2012. \rAnnounced this week by the GSMA, which is coordinating the effort, the 17 participants will use Micro-USB as the common universal charging interface. The GSMA said the participants have agreed that all new available mobile phone models have support for a universal charging connector. \r\r'The mobile industry has a pivotal role to play in tackling environmental issues and this program is an important step that could lead to huge savings in resources, not to mention convenience for consumers,' said Rob Conway, GSMA chairman, in a statement. 'There is enormous potential in mobile to help people live and work in an eco-friendly way.' \rConway noted that a universal charger would enable a consumer to use the same charger for future handsets. In addition, consumers would be able to charge their handsets from any available charger and the fact that 50% fewer chargers would be manufactured each year would help reduce greenhouse gases. \r\rThe initial members of the GSMA's UCS effort include 3 Group, AT&T (NYSE: T), KTF, LG, Mobilkom Austria, Motorola (NYSE: MOT), Nokia (NYSE: NOK), Orange, Qualcomm (NSDQ: QCOM), Samsung, Sony (NYSE: SNE) Ericsson, Telecom Italia, Telefonica, Telenor, Telstra, T-mobile and Vodafone (NYSE: VOD).", "docLength": 0, "typeResolved": true, "documentSet": [], "preannotation": [], "version": 3, "modifiedDate": 1496065369973, "sentences": [{"tokens": [{"text": "Several", "begin": 0, "end": 7, "id": "s0-t0", "whiteSpace": false}, {"text": "mobile", "begin": 8, "end": 14, "id": "s0-t1", "whiteSpace": false}, {"text": "operators", "begin": 15, "end": 24, "id": "s0-t2", "whiteSpace": false}, {"text": "and", "begin": 25, "end": 28, "id": "s0-t3", "whiteSpace": false}, {"text": "manufacturers", "begin": 29, "end": 42, "id": "s0-t4", "whiteSpace": false}, {"text": "have", "begin": 43, "end": 47, "id": "s0-t5", "whiteSpace": false}, {"text": "banded", "begin": 48, "end": 54, "id": "s0-t6", "whiteSpace": false}, {"text": "together", "begin": 55, "end": 63, "id": "s0-t7", "whiteSpace": false}, {"text": "to", "begin": 64, "end": 66, "id": "s0-t8", "whiteSpace": false}, {"text": "create", "begin": 67, "end": 73, "id": "s0-t9", "whiteSpace": false}, {"text": "a", "begin": 74, "end": 75, "id": "s0-t10", "whiteSpace": false}, {"text": "standard", "begin": 76, "end": 84, "id": "s0-t11", "whiteSpace": false}, {"text": "for", "begin": 85, "end": 88, "id": "s0-t12", "whiteSpace": false}, {"text": "a", "begin": 89, "end": 90, "id": "s0-t13", "whiteSpace": false}, {"text": "universal", "begin": 91, "end": 100, "id": "s0-t14", "whiteSpace": false}, {"text": "charger", "begin": 101, "end": 108, "id": "s0-t15", "whiteSpace": false}, {"text": "for", "begin": 109, "end": 112, "id": "s0-t16", "whiteSpace": false}, {"text": "mobile", "begin": 113, "end": 119, "id": "s0-t17", "whiteSpace": false}, {"text": "phones", "begin": 120, "end": 126, "id": "s0-t18", "whiteSpace": false}, {"text": "with", "begin": 127, "end": 131, "id": "s0-t19", "whiteSpace": false}, {"text": "an", "begin": 132, "end": 134, "id": "s0-t20", "whiteSpace": false}, {"text": "implementation", "begin": 135, "end": 149, "id": "s0-t21", "whiteSpace": false}, {"text": "target", "begin": 150, "end": 156, "id": "s0-t22", "whiteSpace": false}, {"text": "date", "begin": 157, "end": 161, "id": "s0-t23", "whiteSpace": false}, {"text": "of", "begin": 162, "end": 164, "id": "s0-t24", "whiteSpace": false}, {"text": "2012", "begin": 165, "end": 169, "id": "s0-t25", "whiteSpace": false}, {"text": ".", "begin": 169, "end": 170, "id": "s0-t26", "whiteSpace": false}], "text": "Several mobile operators and manufacturers have banded together to create a standard for a universal charger for mobile phones with an implementation target date of 2012.", "begin": 0, "end": 170, "id": "s0"}, {"tokens": [{"text": "Announced", "begin": 172, "end": 181, "id": "s1-t0", "whiteSpace": false}, {"text": "this", "begin": 182, "end": 186, "id": "s1-t1", "whiteSpace": false}, {"text": "week", "begin": 187, "end": 191, "id": "s1-t2", "whiteSpace": false}, {"text": "by", "begin": 192, "end": 194, "id": "s1-t3", "whiteSpace": false}, {"text": "the", "begin": 195, "end": 198, "id": "s1-t4", "whiteSpace": false}, {"text": "GSMA", "begin": 199, "end": 203, "id": "s1-t5", "whiteSpace": false}, {"text": ",", "begin": 203, "end": 204, "id": "s1-t6", "whiteSpace": false}, {"text": "which", "begin": 205, "end": 210, "id": "s1-t7", "whiteSpace": false}, {"text": "is", "begin": 211, "end": 213, "id": "s1-t8", "whiteSpace": false}, {"text": "coordinating", "begin": 214, "end": 226, "id": "s1-t9", "whiteSpace": false}, {"text": "the", "begin": 227, "end": 230, "id": "s1-t10", "whiteSpace": false}, {"text": "effort", "begin": 231, "end": 237, "id": "s1-t11", "whiteSpace": false}, {"text": ",", "begin": 237, "end": 238, "id": "s1-t12", "whiteSpace": false}, {"text": "the", "begin": 239, "end": 242, "id": "s1-t13", "whiteSpace": false}, {"text": "17", "begin": 243, "end": 245, "id": "s1-t14", "whiteSpace": false}, {"text": "participants", "begin": 246, "end": 258, "id": "s1-t15", "whiteSpace": false}, {"text": "will", "begin": 259, "end": 263, "id": "s1-t16", "whiteSpace": false}, {"text": "use", "begin": 264, "end": 267, "id": "s1-t17", "whiteSpace": false}, {"text": "Micro", "begin": 268, "end": 273, "id": "s1-t18", "whiteSpace": false}, {"text": "-", "begin": 273, "end": 274, "id": "s1-t19", "whiteSpace": false}, {"text": "USB", "begin": 274, "end": 277, "id": "s1-t20", "whiteSpace": false}, {"text": "as", "begin": 278, "end": 280, "id": "s1-t21", "whiteSpace": false}, {"text": "the", "begin": 281, "end": 284, "id": "s1-t22", "whiteSpace": false}, {"text": "common", "begin": 285, "end": 291, "id": "s1-t23", "whiteSpace": false}, {"text": "universal", "begin": 292, "end": 301, "id": "s1-t24", "whiteSpace": false}, {"text": "charging", "begin": 302, "end": 310, "id": "s1-t25", "whiteSpace": false}, {"text": "interface", "begin": 311, "end": 320, "id": "s1-t26", "whiteSpace": false}, {"text": ".", "begin": 320, "end": 321, "id": "s1-t27", "whiteSpace": false}], "text": "Announced this week by the GSMA, which is coordinating the effort, the 17 participants will use Micro-USB as the common universal charging interface.", "begin": 172, "end": 321, "id": "s1"}, {"tokens": [{"text": "The", "begin": 322, "end": 325, "id": "s2-t0", "whiteSpace": false}, {"text": "GSMA", "begin": 326, "end": 330, "id": "s2-t1", "whiteSpace": false}, {"text": "said", "begin": 331, "end": 335, "id": "s2-t2", "whiteSpace": false}, {"text": "the", "begin": 336, "end": 339, "id": "s2-t3", "whiteSpace": false}, {"text": "participants", "begin": 340, "end": 352, "id": "s2-t4", "whiteSpace": false}, {"text": "have", "begin": 353, "end": 357, "id": "s2-t5", "whiteSpace": false}, {"text": "agreed", "begin": 358, "end": 364, "id": "s2-t6", "whiteSpace": false}, {"text": "that", "begin": 365, "end": 369, "id": "s2-t7", "whiteSpace": false}, {"text": "all", "begin": 370, "end": 373, "id": "s2-t8", "whiteSpace": false}, {"text": "new", "begin": 374, "end": 377, "id": "s2-t9", "whiteSpace": false}, {"text": "available", "begin": 378, "end": 387, "id": "s2-t10", "whiteSpace": false}, {"text": "mobile", "begin": 388, "end": 394, "id": "s2-t11", "whiteSpace": false}, {"text": "phone", "begin": 395, "end": 400, "id": "s2-t12", "whiteSpace": false}, {"text": "models", "begin": 401, "end": 407, "id": "s2-t13", "whiteSpace": false}, {"text": "have", "begin": 408, "end": 412, "id": "s2-t14", "whiteSpace": false}, {"text": "support", "begin": 413, "end": 420, "id": "s2-t15", "whiteSpace": false}, {"text": "for", "begin": 421, "end": 424, "id": "s2-t16", "whiteSpace": false}, {"text": "a", "begin": 425, "end": 426, "id": "s2-t17", "whiteSpace": false}, {"text": "universal", "begin": 427, "end": 436, "id": "s2-t18", "whiteSpace": false}, {"text": "charging", "begin": 437, "end": 445, "id": "s2-t19", "whiteSpace": false}, {"text": "connector", "begin": 446, "end": 455, "id": "s2-t20", "whiteSpace": false}, {"text": ".", "begin": 455, "end": 456, "id": "s2-t21", "whiteSpace": false}], "text": "The GSMA said the participants have agreed that all new available mobile phone models have support for a universal charging connector.", "begin": 322, "end": 456, "id": "s2"}, {"tokens": [{"text": "'The", "begin": 459, "end": 463, "id": "s3-t0", "whiteSpace": false}, {"text": "mobile", "begin": 464, "end": 470, "id": "s3-t1", "whiteSpace": false}, {"text": "industry", "begin": 471, "end": 479, "id": "s3-t2", "whiteSpace": false}, {"text": "has", "begin": 480, "end": 483, "id": "s3-t3", "whiteSpace": false}, {"text": "a", "begin": 484, "end": 485, "id": "s3-t4", "whiteSpace": false}, {"text": "pivotal", "begin": 486, "end": 493, "id": "s3-t5", "whiteSpace": false}, {"text": "role", "begin": 494, "end": 498, "id": "s3-t6", "whiteSpace": false}, {"text": "to", "begin": 499, "end": 501, "id": "s3-t7", "whiteSpace": false}, {"text": "play", "begin": 502, "end": 506, "id": "s3-t8", "whiteSpace": false}, {"text": "in", "begin": 507, "end": 509, "id": "s3-t9", "whiteSpace": false}, {"text": "tackling", "begin": 510, "end": 518, "id": "s3-t10", "whiteSpace": false}, {"text": "environmental", "begin": 519, "end": 532, "id": "s3-t11", "whiteSpace": false}, {"text": "issues", "begin": 533, "end": 539, "id": "s3-t12", "whiteSpace": false}, {"text": "and", "begin": 540, "end": 543, "id": "s3-t13", "whiteSpace": false}, {"text": "this", "begin": 544, "end": 548, "id": "s3-t14", "whiteSpace": false}, {"text": "program", "begin": 549, "end": 556, "id": "s3-t15", "whiteSpace": false}, {"text": "is", "begin": 557, "end": 559, "id": "s3-t16", "whiteSpace": false}, {"text": "an", "begin": 560, "end": 562, "id": "s3-t17", "whiteSpace": false}, {"text": "important", "begin": 563, "end": 572, "id": "s3-t18", "whiteSpace": false}, {"text": "step", "begin": 573, "end": 577, "id": "s3-t19", "whiteSpace": false}, {"text": "that", "begin": 578, "end": 582, "id": "s3-t20", "whiteSpace": false}, {"text": "could", "begin": 583, "end": 588, "id": "s3-t21", "whiteSpace": false}, {"text": "lead", "begin": 589, "end": 593, "id": "s3-t22", "whiteSpace": false}, {"text": "to", "begin": 594, "end": 596, "id": "s3-t23", "whiteSpace": false}, {"text": "huge", "begin": 597, "end": 601, "id": "s3-t24", "whiteSpace": false}, {"text": "savings", "begin": 602, "end": 609, "id": "s3-t25", "whiteSpace": false}, {"text": "in", "begin": 610, "end": 612, "id": "s3-t26", "whiteSpace": false}, {"text": "resources", "begin": 613, "end": 622, "id": "s3-t27", "whiteSpace": false}, {"text": ",", "begin": 622, "end": 623, "id": "s3-t28", "whiteSpace": false}, {"text": "not", "begin": 624, "end": 627, "id": "s3-t29", "whiteSpace": false}, {"text": "to", "begin": 628, "end": 630, "id": "s3-t30", "whiteSpace": false}, {"text": "mention", "begin": 631, "end": 638, "id": "s3-t31", "whiteSpace": false}, {"text": "convenience", "begin": 639, "end": 650, "id": "s3-t32", "whiteSpace": false}, {"text": "for", "begin": 651, "end": 654, "id": "s3-t33", "whiteSpace": false}, {"text": "consumers", "begin": 655, "end": 664, "id": "s3-t34", "whiteSpace": false}, {"text": ",", "begin": 664, "end": 665, "id": "s3-t35", "whiteSpace": false}, {"text": "'", "begin": 665, "end": 666, "id": "s3-t36", "whiteSpace": false}, {"text": "said", "begin": 667, "end": 671, "id": "s3-t37", "whiteSpace": false}, {"text": "Rob", "begin": 672, "end": 675, "id": "s3-t38", "whiteSpace": false}, {"text": "Conway", "begin": 676, "end": 682, "id": "s3-t39", "whiteSpace": false}, {"text": ",", "begin": 682, "end": 683, "id": "s3-t40", "whiteSpace": false}, {"text": "GSMA", "begin": 684, "end": 688, "id": "s3-t41", "whiteSpace": false}, {"text": "chairman", "begin": 689, "end": 697, "id": "s3-t42", "whiteSpace": false}, {"text": ",", "begin": 697, "end": 698, "id": "s3-t43", "whiteSpace": false}, {"text": "in", "begin": 699, "end": 701, "id": "s3-t44", "whiteSpace": false}, {"text": "a", "begin": 702, "end": 703, "id": "s3-t45", "whiteSpace": false}, {"text": "statement", "begin": 704, "end": 713, "id": "s3-t46", "whiteSpace": false}, {"text": ".", "begin": 713, "end": 714, "id": "s3-t47", "whiteSpace": false}], "text": "'The mobile industry has a pivotal role to play in tackling environmental issues and this program is an important step that could lead to huge savings in resources, not to mention convenience for consumers,' said Rob Conway, GSMA chairman, in a statement.", "begin": 459, "end": 714, "id": "s3"}, {"tokens": [{"text": "'There", "begin": 715, "end": 721, "id": "s4-t0", "whiteSpace": false}, {"text": "is", "begin": 722, "end": 724, "id": "s4-t1", "whiteSpace": false}, {"text": "enormous", "begin": 725, "end": 733, "id": "s4-t2", "whiteSpace": false}, {"text": "potential", "begin": 734, "end": 743, "id": "s4-t3", "whiteSpace": false}, {"text": "in", "begin": 744, "end": 746, "id": "s4-t4", "whiteSpace": false}, {"text": "mobile", "begin": 747, "end": 753, "id": "s4-t5", "whiteSpace": false}, {"text": "to", "begin": 754, "end": 756, "id": "s4-t6", "whiteSpace": false}, {"text": "help", "begin": 757, "end": 761, "id": "s4-t7", "whiteSpace": false}, {"text": "people", "begin": 762, "end": 768, "id": "s4-t8", "whiteSpace": false}, {"text": "live", "begin": 769, "end": 773, "id": "s4-t9", "whiteSpace": false}, {"text": "and", "begin": 774, "end": 777, "id": "s4-t10", "whiteSpace": false}, {"text": "work", "begin": 778, "end": 782, "id": "s4-t11", "whiteSpace": false}, {"text": "in", "begin": 783, "end": 785, "id": "s4-t12", "whiteSpace": false}, {"text": "an", "begin": 786, "end": 788, "id": "s4-t13", "whiteSpace": false}, {"text": "eco", "begin": 789, "end": 792, "id": "s4-t14", "whiteSpace": false}, {"text": "-", "begin": 792, "end": 793, "id": "s4-t15", "whiteSpace": false}, {"text": "friendly", "begin": 793, "end": 801, "id": "s4-t16", "whiteSpace": false}, {"text": "way", "begin": 802, "end": 805, "id": "s4-t17", "whiteSpace": false}, {"text": ".", "begin": 805, "end": 806, "id": "s4-t18", "whiteSpace": false}], "text": "'There is enormous potential in mobile to help people live and work in an eco-friendly way.", "begin": 715, "end": 806, "id": "s4"}, {"tokens": [{"text": "'", "begin": 806, "end": 807, "id": "s5-t0", "whiteSpace": false}, {"text": "Conway", "begin": 809, "end": 815, "id": "s5-t1", "whiteSpace": false}, {"text": "noted", "begin": 816, "end": 821, "id": "s5-t2", "whiteSpace": false}, {"text": "that", "begin": 822, "end": 826, "id": "s5-t3", "whiteSpace": false}, {"text": "a", "begin": 827, "end": 828, "id": "s5-t4", "whiteSpace": false}, {"text": "universal", "begin": 829, "end": 838, "id": "s5-t5", "whiteSpace": false}, {"text": "charger", "begin": 839, "end": 846, "id": "s5-t6", "whiteSpace": false}, {"text": "would", "begin": 847, "end": 852, "id": "s5-t7", "whiteSpace": false}, {"text": "enable", "begin": 853, "end": 859, "id": "s5-t8", "whiteSpace": false}, {"text": "a", "begin": 860, "end": 861, "id": "s5-t9", "whiteSpace": false}, {"text": "consumer", "begin": 862, "end": 870, "id": "s5-t10", "whiteSpace": false}, {"text": "to", "begin": 871, "end": 873, "id": "s5-t11", "whiteSpace": false}, {"text": "use", "begin": 874, "end": 877, "id": "s5-t12", "whiteSpace": false}, {"text": "the", "begin": 878, "end": 881, "id": "s5-t13", "whiteSpace": false}, {"text": "same", "begin": 882, "end": 886, "id": "s5-t14", "whiteSpace": false}, {"text": "charger", "begin": 887, "end": 894, "id": "s5-t15", "whiteSpace": false}, {"text": "for", "begin": 895, "end": 898, "id": "s5-t16", "whiteSpace": false}, {"text": "future", "begin": 899, "end": 905, "id": "s5-t17", "whiteSpace": false}, {"text": "handsets", "begin": 906, "end": 914, "id": "s5-t18", "whiteSpace": false}, {"text": ".", "begin": 914, "end": 915, "id": "s5-t19", "whiteSpace": false}], "text": "' \rConway noted that a universal charger would enable a consumer to use the same charger for future handsets.", "begin": 806, "end": 915, "id": "s5"}, {"tokens": [{"text": "In", "begin": 916, "end": 918, "id": "s6-t0", "whiteSpace": false}, {"text": "addition", "begin": 919, "end": 927, "id": "s6-t1", "whiteSpace": false}, {"text": ",", "begin": 927, "end": 928, "id": "s6-t2", "whiteSpace": false}, {"text": "consumers", "begin": 929, "end": 938, "id": "s6-t3", "whiteSpace": false}, {"text": "would", "begin": 939, "end": 944, "id": "s6-t4", "whiteSpace": false}, {"text": "be", "begin": 945, "end": 947, "id": "s6-t5", "whiteSpace": false}, {"text": "able", "begin": 948, "end": 952, "id": "s6-t6", "whiteSpace": false}, {"text": "to", "begin": 953, "end": 955, "id": "s6-t7", "whiteSpace": false}, {"text": "charge", "begin": 956, "end": 962, "id": "s6-t8", "whiteSpace": false}, {"text": "their", "begin": 963, "end": 968, "id": "s6-t9", "whiteSpace": false}, {"text": "handsets", "begin": 969, "end": 977, "id": "s6-t10", "whiteSpace": false}, {"text": "from", "begin": 978, "end": 982, "id": "s6-t11", "whiteSpace": false}, {"text": "any", "begin": 983, "end": 986, "id": "s6-t12", "whiteSpace": false}, {"text": "available", "begin": 987, "end": 996, "id": "s6-t13", "whiteSpace": false}, {"text": "charger", "begin": 997, "end": 1004, "id": "s6-t14", "whiteSpace": false}, {"text": "and", "begin": 1005, "end": 1008, "id": "s6-t15", "whiteSpace": false}, {"text": "the", "begin": 1009, "end": 1012, "id": "s6-t16", "whiteSpace": false}, {"text": "fact", "begin": 1013, "end": 1017, "id": "s6-t17", "whiteSpace": false}, {"text": "that", "begin": 1018, "end": 1022, "id": "s6-t18", "whiteSpace": false}, {"text": "50%", "begin": 1023, "end": 1026, "id": "s6-t19", "whiteSpace": false}, {"text": "fewer", "begin": 1027, "end": 1032, "id": "s6-t20", "whiteSpace": false}, {"text": "chargers", "begin": 1033, "end": 1041, "id": "s6-t21", "whiteSpace": false}, {"text": "would", "begin": 1042, "end": 1047, "id": "s6-t22", "whiteSpace": false}, {"text": "be", "begin": 1048, "end": 1050, "id": "s6-t23", "whiteSpace": false}, {"text": "manufactured", "begin": 1051, "end": 1063, "id": "s6-t24", "whiteSpace": false}, {"text": "each", "begin": 1064, "end": 1068, "id": "s6-t25", "whiteSpace": false}, {"text": "year", "begin": 1069, "end": 1073, "id": "s6-t26", "whiteSpace": false}, {"text": "would", "begin": 1074, "end": 1079, "id": "s6-t27", "whiteSpace": false}, {"text": "help", "begin": 1080, "end": 1084, "id": "s6-t28", "whiteSpace": false}, {"text": "reduce", "begin": 1085, "end": 1091, "id": "s6-t29", "whiteSpace": false}, {"text": "greenhouse", "begin": 1092, "end": 1102, "id": "s6-t30", "whiteSpace": false}, {"text": "gases", "begin": 1103, "end": 1108, "id": "s6-t31", "whiteSpace": false}, {"text": ".", "begin": 1108, "end": 1109, "id": "s6-t32", "whiteSpace": false}], "text": "In addition, consumers would be able to charge their handsets from any available charger and the fact that 50% fewer chargers would be manufactured each year would help reduce greenhouse gases.", "begin": 916, "end": 1109, "id": "s6"}, {"tokens": [{"text": "The", "begin": 1112, "end": 1115, "id": "s7-t0", "whiteSpace": false}, {"text": "initial", "begin": 1116, "end": 1123, "id": "s7-t1", "whiteSpace": false}, {"text": "members", "begin": 1124, "end": 1131, "id": "s7-t2", "whiteSpace": false}, {"text": "of", "begin": 1132, "end": 1134, "id": "s7-t3", "whiteSpace": false}, {"text": "the", "begin": 1135, "end": 1138, "id": "s7-t4", "whiteSpace": false}, {"text": "GSMA", "begin": 1139, "end": 1143, "id": "s7-t5", "whiteSpace": false}, {"text": "'s", "begin": 1143, "end": 1145, "id": "s7-t6", "whiteSpace": false}, {"text": "UCS", "begin": 1146, "end": 1149, "id": "s7-t7", "whiteSpace": false}, {"text": "effort", "begin": 1150, "end": 1156, "id": "s7-t8", "whiteSpace": false}, {"text": "include", "begin": 1157, "end": 1164, "id": "s7-t9", "whiteSpace": false}, {"text": "3", "begin": 1165, "end": 1166, "id": "s7-t10", "whiteSpace": false}, {"text": "Group", "begin": 1167, "end": 1172, "id": "s7-t11", "whiteSpace": false}, {"text": ",", "begin": 1172, "end": 1173, "id": "s7-t12", "whiteSpace": false}, {"text": "AT&T", "begin": 1174, "end": 1178, "id": "s7-t13", "whiteSpace": false}, {"text": "(NYSE:", "begin": 1179, "end": 1185, "id": "s7-t14", "whiteSpace": false}, {"text": "T)", "begin": 1186, "end": 1188, "id": "s7-t15", "whiteSpace": false}, {"text": ",", "begin": 1188, "end": 1189, "id": "s7-t16", "whiteSpace": false}, {"text": "KTF", "begin": 1190, "end": 1193, "id": "s7-t17", "whiteSpace": false}, {"text": ",", "begin": 1193, "end": 1194, "id": "s7-t18", "whiteSpace": false}, {"text": "LG", "begin": 1195, "end": 1197, "id": "s7-t19", "whiteSpace": false}, {"text": ",", "begin": 1197, "end": 1198, "id": "s7-t20", "whiteSpace": false}, {"text": "Mobilkom", "begin": 1199, "end": 1207, "id": "s7-t21", "whiteSpace": false}, {"text": "Austria", "begin": 1208, "end": 1215, "id": "s7-t22", "whiteSpace": false}, {"text": ",", "begin": 1215, "end": 1216, "id": "s7-t23", "whiteSpace": false}, {"text": "Motorola", "begin": 1217, "end": 1225, "id": "s7-t24", "whiteSpace": false}, {"text": "(NYSE:", "begin": 1226, "end": 1232, "id": "s7-t25", "whiteSpace": false}, {"text": "MOT)", "begin": 1233, "end": 1237, "id": "s7-t26", "whiteSpace": false}, {"text": ",", "begin": 1237, "end": 1238, "id": "s7-t27", "whiteSpace": false}, {"text": "Nokia", "begin": 1239, "end": 1244, "id": "s7-t28", "whiteSpace": false}, {"text": "(NYSE:", "begin": 1245, "end": 1251, "id": "s7-t29", "whiteSpace": false}, {"text": "NOK)", "begin": 1252, "end": 1256, "id": "s7-t30", "whiteSpace": false}, {"text": ",", "begin": 1256, "end": 1257, "id": "s7-t31", "whiteSpace": false}, {"text": "Orange", "begin": 1258, "end": 1264, "id": "s7-t32", "whiteSpace": false}, {"text": ",", "begin": 1264, "end": 1265, "id": "s7-t33", "whiteSpace": false}, {"text": "Qualcomm", "begin": 1266, "end": 1274, "id": "s7-t34", "whiteSpace": false}, {"text": "(NSDQ:", "begin": 1275, "end": 1281, "id": "s7-t35", "whiteSpace": false}, {"text": "QCOM)", "begin": 1282, "end": 1287, "id": "s7-t36", "whiteSpace": false}, {"text": ",", "begin": 1287, "end": 1288, "id": "s7-t37", "whiteSpace": false}, {"text": "Samsung", "begin": 1289, "end": 1296, "id": "s7-t38", "whiteSpace": false}, {"text": ",", "begin": 1296, "end": 1297, "id": "s7-t39", "whiteSpace": false}, {"text": "Sony", "begin": 1298, "end": 1302, "id": "s7-t40", "whiteSpace": false}, {"text": "(NYSE:", "begin": 1303, "end": 1309, "id": "s7-t41", "whiteSpace": false}, {"text": "SNE)", "begin": 1310, "end": 1314, "id": "s7-t42", "whiteSpace": false}, {"text": "Ericsson", "begin": 1315, "end": 1323, "id": "s7-t43", "whiteSpace": false}, {"text": ",", "begin": 1323, "end": 1324, "id": "s7-t44", "whiteSpace": false}, {"text": "Telecom", "begin": 1325, "end": 1332, "id": "s7-t45", "whiteSpace": false}, {"text": "Italia", "begin": 1333, "end": 1339, "id": "s7-t46", "whiteSpace": false}, {"text": ",", "begin": 1339, "end": 1340, "id": "s7-t47", "whiteSpace": false}, {"text": "Telefonica", "begin": 1341, "end": 1351, "id": "s7-t48", "whiteSpace": false}, {"text": ",", "begin": 1351, "end": 1352, "id": "s7-t49", "whiteSpace": false}, {"text": "Telenor", "begin": 1353, "end": 1360, "id": "s7-t50", "whiteSpace": false}, {"text": ",", "begin": 1360, "end": 1361, "id": "s7-t51", "whiteSpace": false}, {"text": "Telstra", "begin": 1362, "end": 1369, "id": "s7-t52", "whiteSpace": false}, {"text": ",", "begin": 1369, "end": 1370, "id": "s7-t53", "whiteSpace": false}, {"text": "T", "begin": 1371, "end": 1372, "id": "s7-t54", "whiteSpace": false}, {"text": "-", "begin": 1372, "end": 1373, "id": "s7-t55", "whiteSpace": false}, {"text": "mobile", "begin": 1373, "end": 1379, "id": "s7-t56", "whiteSpace": false}, {"text": "and", "begin": 1380, "end": 1383, "id": "s7-t57", "whiteSpace": false}, {"text": "Vodafone", "begin": 1384, "end": 1392, "id": "s7-t58", "whiteSpace": false}, {"text": "(NYSE:", "begin": 1393, "end": 1399, "id": "s7-t59", "whiteSpace": false}, {"text": "VOD)", "begin": 1400, "end": 1404, "id": "s7-t60", "whiteSpace": false}, {"text": ".", "begin": 1404, "end": 1405, "id": "s7-t61", "whiteSpace": false}], "text": "The initial members of the GSMA's UCS effort include 3 Group, AT&T (NYSE: T), KTF, LG, Mobilkom Austria, Motorola (NYSE: MOT), Nokia (NYSE: NOK), Orange, Qualcomm (NSDQ: QCOM), Samsung, Sony (NYSE: SNE) Ericsson, Telecom Italia, Telefonica, Telenor, Telstra, T-mobile and Vodafone (NYSE: VOD).", "begin": 1112, "end": 1405, "id": "s7"}], "mentions": [], "id": "44fb68b0-4429-11e7-9888-9883892c7164-12", "name": "Technology - informationweek.com"}